OrderID,OrderDate,CustomerID,ProductID,ManagerID,Quantity,UnitPrice,DiscountPct,Cost
O10000,2025-12-21,C1028,P1070,M102,4,796.08,0.2,516.36
O10000,2025-12-21,C1028,P1008,M102,3,790.71,0.0,469.3
O10001,2025-07-02,C1349,P1114,M103,5,780.79,0.0,398.25
O10002,2024-03-22,C1046,P1098,M107,2,764.83,0.1,555.57
O10002,2024-03-22,C1046,P1009,M107,5,119.53,0.15,76.15
O10002,2024-03-22,C1046,P1103,M107,4,403.31,0.2,266.97
O10002,2024-03-22,C1046,P1118,M107,5,236.96,0.15,173.35
O10003,2024-03-30,C1218,P1011,M103,3,644.74,0.1,431.75
O10003,2024-03-30,C1218,P1096,M103,2,259.28,0.2,193.95
O10004,2025-07-05,C1066,P1027,M104,2,349.1,0.05,273.76
O10005,2024-09-24,C1293,P1051,M106,4,912.73,0.05,623.79
O10005,2024-09-24,C1293,P1045,M106,4,597.03,0.15,399.74
O10005,2024-09-24,C1293,P1085,M106,4,792.18,0.2,564.17
O10006,2024-08-02,C1377,P1003,M100,2,773.53,0.05,402.76
O10006,2024-08-02,C1377,P1006,M100,3,739.08,0.0,574.76
O10007,2025-03-17,C1205,P1016,M105,1,122.11,0.2,67.12
O10007,2025-03-17,C1205,P1037,M105,4,133.42,0.0,80.0
O10008,2025-03-27,C1230,P1085,M103,3,595.36,0.2,365.43
O10008,2025-03-27,C1230,P1107,M103,5,341.85,0.15,251.72
O10008,2025-03-27,C1230,P1009,M103,2,340.16,0.15,224.92
O10008,2025-03-27,C1230,P1000,M103,3,923.73,0.05,595.11
O10009,2024-07-29,C1454,P1073,M100,3,457.7,0.1,233.36
O10009,2024-07-29,C1454,P1062,M100,3,149.45,0.0,97.07
O10010,2024-08-29,C1130,P1081,M107,5,915.7,0.0,672.26
O10010,2024-08-29,C1130,P1015,M107,3,635.94,0.15,358.55
O10010,2024-08-29,C1130,P1045,M107,1,186.26,0.15,118.78
O10011,2025-12-09,C1461,P1034,M102,4,420.48,0.15,277.74
O10011,2025-12-09,C1461,P1021,M102,1,306.6,0.2,189.85
O10012,2024-04-05,C1167,P1097,M107,3,217.81,0.1,131.73
O10012,2024-04-05,C1167,P1089,M107,5,628.73,0.2,403.41
O10012,2024-04-05,C1167,P1060,M107,3,75.05,0.1,47.73
O10013,2025-01-08,C1355,P1069,M105,2,539.11,0.0,334.37
O10013,2025-01-08,C1355,P1013,M105,3,163.69,0.0,98.26
O10013,2025-01-08,C1355,P1097,M105,3,379.58,0.05,291.98
O10013,2025-01-08,C1355,P1071,M105,2,414.65,0.15,311.79
O10014,2024-09-22,C1020,P1050,M104,5,413.9,0.0,234.51
O10014,2024-09-22,C1020,P1096,M104,3,510.45,0.0,377.72
O10014,2024-09-22,C1020,P1110,M104,3,888.59,0.15,507.79
O10014,2024-09-22,C1020,P1044,M104,2,807.26,0.1,636.76
O10015,2024-01-12,C1183,P1093,M107,4,671.4,0.2,417.56
O10016,2024-02-10,C1270,P1034,M101,2,22.87,0.0,12.86
O10016,2024-02-10,C1270,P1010,M101,3,131.55,0.1,88.78
O10016,2024-02-10,C1270,P1027,M101,4,706.91,0.0,526.81
O10016,2024-02-10,C1270,P1015,M101,4,342.51,0.05,208.56
O10017,2025-04-30,C1215,P1035,M104,4,832.35,0.2,518.41
O10018,2024-04-12,C1119,P1031,M102,1,441.77,0.15,249.98
O10018,2024-04-12,C1119,P1090,M102,2,765.97,0.0,582.55
O10019,2024-04-02,C1150,P1059,M102,3,895.61,0.0,578.06
O10019,2024-04-02,C1150,P1017,M102,1,275.99,0.05,190.45
O10020,2025-01-18,C1162,P1048,M107,1,147.96,0.1,92.7
O10020,2025-01-18,C1162,P1048,M107,2,530.43,0.2,375.21
O10020,2025-01-18,C1162,P1001,M107,5,28.21,0.05,18.59
O10021,2024-07-19,C1164,P1043,M106,2,580.75,0.05,386.93
O10021,2024-07-19,C1164,P1074,M106,1,502.49,0.15,282.36
O10022,2024-09-23,C1229,P1073,M107,2,148.62,0.1,114.44
O10022,2024-09-23,C1229,P1118,M107,3,601.44,0.15,414.95
O10022,2024-09-23,C1229,P1115,M107,5,183.62,0.2,137.98
O10022,2024-09-23,C1229,P1039,M107,5,389.31,0.05,243.95
O10023,2025-11-17,C1164,P1043,M106,2,174.62,0.1,96.97
O10023,2025-11-17,C1164,P1001,M106,5,607.12,0.05,315.99
O10023,2025-11-17,C1164,P1075,M106,3,295.81,0.15,211.72
O10024,2024-02-28,C1242,P1070,M103,3,949.81,0.2,612.75
O10025,2024-06-11,C1285,P1045,M104,2,40.87,0.15,22.42
O10025,2024-06-11,C1285,P1082,M104,4,60.91,0.1,41.36
O10025,2024-06-11,C1285,P1109,M104,2,627.1,0.05,333.6
O10026,2024-08-02,C1306,P1036,M105,1,358.02,0.0,232.23
O10026,2024-08-02,C1306,P1065,M105,3,602.3,0.0,345.67
O10027,2025-03-21,C1380,P1092,M102,3,86.99,0.15,61.62
O10027,2025-03-21,C1380,P1074,M102,2,112.06,0.2,59.11
O10027,2025-03-21,C1380,P1107,M102,3,962.48,0.0,755.62
O10028,2024-04-23,C1284,P1099,M102,1,193.28,0.1,139.1
O10028,2024-04-23,C1284,P1002,M102,5,761.45,0.2,538.87
O10028,2024-04-23,C1284,P1005,M102,1,904.33,0.15,512.18
O10028,2024-04-23,C1284,P1033,M102,2,61.08,0.05,31.26
O10029,2025-05-03,C1308,P1060,M104,2,592.38,0.0,328.28
O10029,2025-05-03,C1308,P1049,M104,5,478.48,0.2,344.17
O10029,2025-05-03,C1308,P1045,M104,3,925.15,0.05,579.63
O10029,2025-05-03,C1308,P1096,M104,5,479.47,0.15,361.22
O10030,2024-09-28,C1018,P1007,M103,2,527.21,0.0,366.44
O10030,2024-09-28,C1018,P1086,M103,3,565.07,0.2,295.58
O10031,2025-06-07,C1039,P1117,M105,5,534.96,0.05,383.8
O10031,2025-06-07,C1039,P1043,M105,4,576.7,0.0,381.5
O10031,2025-06-07,C1039,P1109,M105,1,740.48,0.0,567.05
O10031,2025-06-07,C1039,P1052,M105,2,877.9,0.05,445.38
O10032,2024-05-19,C1067,P1065,M102,2,990.44,0.1,755.12
O10032,2024-05-19,C1067,P1063,M102,5,390.12,0.1,203.26
O10032,2024-05-19,C1067,P1086,M102,4,62.16,0.0,38.58
O10032,2024-05-19,C1067,P1017,M102,5,484.98,0.15,385.67
O10033,2024-04-02,C1305,P1037,M104,2,100.78,0.15,72.69
O10033,2024-04-02,C1305,P1009,M104,1,119.37,0.05,70.3
O10033,2024-04-02,C1305,P1068,M104,5,51.67,0.0,39.95
O10034,2025-01-29,C1216,P1035,M105,1,118.37,0.0,83.32
O10035,2025-06-25,C1193,P1048,M100,4,956.85,0.2,704.15
O10035,2025-06-25,C1193,P1014,M100,3,592.67,0.1,457.02
O10036,2025-07-10,C1280,P1020,M105,2,175.36,0.15,91.1
O10036,2025-07-10,C1280,P1035,M105,4,839.45,0.2,628.91
O10036,2025-07-10,C1280,P1089,M105,2,56.48,0.0,31.98
O10037,2024-08-07,C1393,P1038,M101,1,957.7,0.2,495.47
O10037,2024-08-07,C1393,P1017,M101,1,523.08,0.15,417.66
O10037,2024-08-07,C1393,P1045,M101,5,267.63,0.1,194.69
O10037,2024-08-07,C1393,P1031,M101,1,162.36,0.1,92.11
O10038,2025-06-25,C1008,P1078,M104,5,541.6,0.0,416.21
O10039,2025-07-22,C1372,P1052,M101,5,100.57,0.0,62.09
O10039,2025-07-22,C1372,P1087,M101,3,138.22,0.0,70.95
O10039,2025-07-22,C1372,P1074,,2,863.51,0.0,517.0
O10040,2025-07-10,C1199,P1062,M102,1,555.35,0.1,324.56
O10040,2025-07-10,C1199,P1027,M102,4,378.96,0.1,271.72
O10041,2024-06-20,C1356,P1008,M102,2,537.28,0.2,304.13
O10041,2024-06-20,C1356,P1112,M102,5,895.54,0.2,676.46
O10041,2024-06-20,C1356,P1059,M102,5,485.78,0.2,375.0
O10042,2024-12-07,C1317,P1037,M101,3,354.33,0.05,234.97
O10042,2024-12-07,C1317,P1051,M101,5,274.36,0.1,208.64
O10042,2024-12-07,C1317,P1009,M101,4,852.08,0.1,467.04
O10042,2024-12-07,C1317,P1077,M101,5,838.64,0.0,653.32
O10043,2024-04-24,C1480,P1066,M101,4,622.43,0.15,340.83
O10043,2024-04-24,C1480,P1063,M101,3,961.7,0.0,489.29
O10043,2024-04-24,C1480,P1111,M101,2,137.58,0.1,78.23
O10043,2024-04-24,C1480,P1003,M101,2,819.79,0.2,534.7
O10044,2024-05-22,C1345,P1096,M100,2,294.17,0.1,233.68
O10044,2024-05-22,C1345,P1110,M100,1,124.69,0.05,86.06
O10044,2024-05-22,C1345,P1026,M100,5,782.05,0.1,569.57
O10045,2025-07-17,C1162,P1008,M106,2,437.92,0.05,263.87
O10045,2025-07-17,C1162,P1042,M106,4,187.7,0.2,99.62
O10045,2025-07-17,C1162,P1089,M106,4,182.02,0.15,94.71
O10045,2025-07-17,C1162,P1043,M106,3,174.71,0.15,90.89
O10046,2025-04-03,C1300,P1092,M106,2,478.84,0.05,250.15
O10046,2025-04-03,C1300,P1024,M106,2,872.82,0.2,553.18
O10046,2025-04-03,C1300,P1090,M106,3,138.79,0.2,85.37
O10046,2025-04-03,C1300,P1116,M106,5,31.9,0.1,18.37
O10047,2025-04-04,C1247,P1105,M100,2,167.35,0.05,133.74
O10047,2025-04-04,C1247,P1118,M100,1,111.17,0.0,61.04
O10047,2025-04-04,C1247,P1102,M100,5,696.75,0.15,523.94
O10048,2024-04-26,C1376,P1017,M106,4,657.97,0.1,500.33
O10048,2024-04-26,C1376,P1030,M106,4,40.99,0.2,32.1
O10049,2024-10-02,C1248,P1102,M107,5,642.14,0.1,373.9
O10049,2024-10-02,C1248,P1106,M107,3,318.83,0.05,244.93
O10050,2024-08-25,C1016,P1007,M106,2,220.97,0.0,153.68
O10051,2025-11-26,C1449,P1034,M101,4,567.12,0.15,364.07
O10051,2025-11-26,C1449,P1074,M101,4,193.67,0.0,102.13
O10051,2025-11-26,C1449,P1018,M101,3,846.34,0.15,427.71
O10052,2025-03-17,C1318,P1078,M100,5,139.93,0.2,108.24
O10052,2025-03-17,C1318,P1001,M100,2,620.48,0.0,310.47
O10052,2025-03-17,C1318,P1013,M100,1,611.23,0.15,384.52
O10052,2025-03-17,C1318,P1055,M100,1,169.22,0.2,98.27
O10053,2025-08-28,C1456,P1109,M102,3,984.51,0.0,495.69
O10053,2025-08-28,C1456,P1112,M102,2,683.65,0.05,440.26
O10053,2025-08-28,C1456,P1008,M102,3,698.03,0.0,548.51
O10054,2024-03-18,C1290,P1016,M101,1,49.22,0.1,26.16
O10054,2024-03-18,C1290,P1033,M101,1,111.76,0.15,79.43
O10054,2024-03-18,C1290,P1026,M101,2,778.05,0.05,465.23
O10054,2024-03-18,C1290,P1114,M101,2,538.9,0.0,326.14
O10055,2025-03-06,C1389,P1079,M106,1,826.27,0.05,511.52
O10055,2025-03-06,C1389,P1054,M106,2,977.69,0.05,691.07
O10055,2025-03-06,C1389,P1090,M106,2,823.23,0.05,452.98
O10056,2024-03-30,C1399,P1106,M102,1,952.03,0.2,677.79
O10056,2024-03-30,C1399,P1079,M102,1,936.85,0.0,667.71
O10056,2024-03-30,C1399,P1069,M102,2,629.05,0.15,378.58
O10056,2024-03-30,C1399,P1073,M102,3,489.55,0.1,376.19
O10057,2025-11-25,C1192,P1059,M102,4,601.5,0.05,387.53
O10057,2025-11-25,C1192,P1034,M102,1,172.36,0.1,123.66
O10057,2025-11-25,C1192,P1080,M102,4,254.63,0.2,163.93
O10058,2025-05-28,C1250,P1042,M106,3,227.02,0.15,164.2
O10058,2025-05-28,C1250,P1012,M106,5,791.8,0.1,434.3
O10058,2025-05-28,C1250,P1041,M106,2,656.73,0.2,524.66
O10059,2024-01-07,C1410,P1028,M102,1,498.34,0.15,279.0
O10059,2024-01-07,C1410,P1053,M102,3,228.36,0.0,171.76
O10059,2024-01-07,C1410,P1029,M102,1,869.59,0.05,628.55
O10059,2024-01-07,C1410,P1020,M102,4,632.48,0.15,386.64
O10060,2024-12-07,C1418,P1084,M102,4,509.8,0.05,387.5
O10061,2024-12-19,C1101,P1054,M103,1,444.23,0.2,274.82
O10061,2024-12-19,C1101,P1040,M103,4,874.69,0.05,645.42
O10061,2024-12-19,C1101,P1090,M103,2,992.21,0.05,767.68
O10061,2024-12-19,C1101,P1011,M103,4,390.01,0.05,268.9
O10062,2024-09-27,C1211,P1009,M104,1,140.25,0.15,108.37
O10062,2024-09-27,C1211,P1113,M104,2,245.17,0.05,135.9
O10062,2024-09-27,C1211,P1022,M104,5,78.44,0.0,45.04
O10063,2024-09-05,C1243,P1046,M103,4,410.97,0.0,287.18
O10063,2024-09-05,C1243,P1119,M103,1,397.17,0.0,246.13
O10064,2024-09-13,C1290,P1057,M102,3,660.17,0.0,483.27
O10065,2025-05-21,C1263,P1075,M105,4,970.12,0.1,742.25
O10065,2025-05-21,C1263,P1012,M105,2,454.29,0.15,340.11
O10065,2025-05-21,C1263,P1025,M105,1,454.94,0.1,356.93
O10066,2025-12-15,C1386,P1042,M106,1,175.37,0.15,107.64
O10066,2025-12-15,C1386,P1021,M106,3,739.04,0.2,487.81
O10067,2024-01-26,C1044,P1033,M101,1,845.73,0.15,536.12
O10067,2024-01-26,C1044,P1062,M101,4,544.51,0.15,316.32
O10068,2025-11-04,C1080,P1005,M106,2,131.74,0.2,102.89
O10068,2025-11-04,C1080,P1116,M106,5,643.6,0.1,409.11
O10068,2025-11-04,C1080,P1035,M106,5,97.67,0.0,63.7
O10068,2025-11-04,C1080,P1099,M106,4,156.86,0.2,101.01
O10069,2024-02-26,C1203,P1033,M103,3,14.89,0.05,8.89
O10069,2024-02-26,C1203,P1089,M103,5,869.24,0.1,562.1
O10070,2024-11-16,C1049,P1088,M101,4,536.92,0.2,291.58
O10071,2024-06-01,C1093,P1091,M104,2,209.83,0.05,116.77
O10071,2024-06-01,C1093,P1027,M104,5,449.31,0.2,354.51
O10071,2024-06-01,C1093,P1017,M104,2,665.02,0.05,407.18
O10072,2025-10-30,C1448,P1076,M101,2,251.71,0.05,191.47
O10072,2025-10-30,C1448,P1044,M101,1,40.08,0.0,28.33
O10072,2025-10-30,C1448,P1097,M101,1,604.6,0.2,423.28
O10072,2025-10-30,C1448,P1069,M101,1,115.53,0.15,63.29
O10073,2024-10-14,C1145,P1021,M101,1,867.77,0.0,660.57
O10073,2024-10-14,C1145,P1111,M101,1,99.58,0.0,53.05
O10073,2024-10-14,C1145,P1054,M101,2,410.1,0.15,287.18
O10074,2024-01-28,C1137,P1098,M106,2,764.66,0.0,455.09
O10074,2024-01-28,C1137,P1033,M106,5,819.66,0.0,490.58
O10075,2024-01-22,C1029,P1069,M103,1,372.8,0.2,228.95
O10075,2024-01-22,C1029,P1103,M103,5,454.21,0.0,301.46
O10076,2025-06-27,C1227,P1114,M101,3,235.0,0.05,158.89
O10076,2025-06-27,C1227,P1075,M101,2,761.75,0.0,467.67
O10077,2024-01-06,C1198,P1015,M106,2,951.96,0.05,612.83
O10077,2024-01-06,C1198,P1018,M106,5,815.63,0.0,500.84
O10078,2025-06-10,C1451,P1036,M104,2,531.36,0.15,341.67
O10079,2025-11-18,C1210,P1081,M103,3,767.23,0.05,548.3
O10079,2025-11-18,C1210,P1076,M103,3,28.05,0.1,14.09
O10079,2025-11-18,C1210,P1112,M103,5,899.05,0.0,626.11
O10080,2025-07-10,C1398,P1049,M101,3,69.66,0.2,44.84
O10080,2025-07-10,C1398,P1080,M101,3,110.41,0.2,75.65
O10081,2025-06-21,C1180,P1093,M106,5,292.02,0.1,227.45
O10081,2025-06-21,C1180,P1066,M106,4,543.77,0.05,371.45
O10081,2025-06-21,C1180,P1042,M106,2,405.91,0.2,253.31
O10082,2025-11-10,C1356,P1106,M106,1,527.26,0.15,292.33
O10082,2025-11-10,C1356,P1101,M106,5,192.74,0.0,129.17
O10083,2024-04-19,C1089,P1116,M101,2,918.57,0.15,592.54
O10083,2024-04-19,C1089,P1061,M101,1,379.77,0.2,262.02
O10084,2025-11-23,C1063,P1024,M103,3,12.56,0.2,9.61
O10084,2025-11-23,C1063,P1081,M103,1,795.81,0.05,439.63
O10085,2025-02-05,C1266,P1090,M107,1,841.46,0.0,480.53
O10086,2025-12-03,C1388,P1099,M102,5,309.04,0.1,233.43
O10086,2025-12-03,C1388,P1009,M102,2,811.43,0.1,557.58
O10086,2025-12-03,C1388,P1002,M102,1,429.71,0.2,236.51
O10086,2025-12-03,C1388,P1074,M102,3,870.57,0.0,491.89
O10087,2025-04-05,C1294,P1112,M105,1,186.66,0.2,129.28
O10088,2025-02-06,C1371,P1030,M107,4,214.12,0.1,121.96
O10088,2025-02-06,C1371,P1021,M107,5,598.53,0.0,476.63
O10089,2025-11-01,C1266,P1083,M103,3,601.08,0.05,373.45
O10089,2025-11-01,C1266,P1089,M103,5,720.42,0.0,363.63
O10089,2025-11-01,C1266,P1048,M103,4,820.52,0.15,588.56
O10089,2025-11-01,C1266,P1063,M103,2,906.47,0.2,474.83
O10090,2025-04-20,C1419,P1116,M103,5,895.25,0.1,555.37
O10091,2024-09-25,C1065,P1011,M104,1,234.39,0.0,160.59
O10091,2024-09-25,C1065,P1038,M104,5,523.87,0.05,367.17
O10091,2024-09-25,C1065,P1067,M104,4,241.37,0.2,140.32
O10092,2025-12-13,C1003,P1082,M101,2,683.33,0.15,408.15
O10092,2025-12-13,C1003,P1075,M101,3,198.42,0.05,158.39
O10092,2025-12-13,C1003,P1070,M101,2,369.31,0.1,265.61
O10092,2025-12-13,C1003,P1109,M101,4,69.54,0.15,36.62
O10093,2025-12-17,C1090,P1051,M104,5,183.55,0.0,101.16
O10093,2025-12-17,C1090,P1056,M104,2,105.71,0.0,78.92
O10093,2025-12-17,C1090,P1014,M104,4,354.1,0.15,281.29
O10093,2025-12-17,C1090,P1063,M104,3,927.91,0.2,497.31
O10094,2025-10-08,C1004,P1035,M102,3,160.89,0.2,116.03
O10095,2024-10-30,C1191,P1050,M101,4,251.22,0.2,132.61
O10096,2025-04-18,C1288,P1116,M102,2,790.02,0.0,539.22
O10096,2025-04-18,C1288,P1111,M102,4,784.21,0.05,406.95
O10096,2025-04-18,C1288,P1042,M102,4,310.1,0.05,186.84
O10096,2025-04-18,C1288,P1099,M102,1,96.77,0.1,55.33
O10097,2024-01-10,C1289,P1114,M100,1,312.47,0.15,182.45
O10097,2024-01-10,C1289,P1055,M100,2,604.59,0.1,444.91
O10097,2024-01-10,C1289,P1058,M100,4,852.91,0.05,554.69
O10098,2024-04-23,C1267,P1065,M102,1,125.2,0.05,86.19
O10098,2024-04-23,C1267,P1023,M102,2,869.38,0.1,640.74
O10099,2025-01-01,C1383,P1073,M105,4,820.55,0.2,415.91
O10099,2025-01-01,C1383,P1066,M105,3,698.0,0.05,549.46
O10100,2025-06-25,C1095,P1085,M106,2,644.56,0.0,433.5
O10100,2025-06-25,C1095,P1020,M106,5,863.39,0.15,588.76
O10100,2025-06-25,C1095,P1113,M106,1,610.19,0.2,363.22
O10100,2025-06-25,C1095,P1101,M106,3,404.68,0.0,283.23
O10101,2024-03-17,C1453,P1060,M100,2,77.49,0.05,50.51
O10101,2024-03-17,C1453,P1035,M100,4,89.17,0.15,70.42
O10101,2024-03-17,C1453,P1119,M100,4,318.7,0.15,201.37
O10102,2025-05-22,C1269,P1037,M101,4,852.93,0.2,430.99
O10102,2025-05-22,C1269,P1064,M101,2,653.7,0.1,402.64
O10103,2025-09-12,C1189,P1067,M105,5,782.95,0.05,441.21
O10103,2025-09-12,C1189,P1065,M105,3,756.71,0.0,476.05
O10103,2025-09-12,C1189,P1063,M105,1,150.83,0.0,110.83
O10103,2025-09-12,C1189,P1042,M105,3,185.99,0.15,127.48
O10104,2025-10-18,C1111,P1023,M104,4,996.73,0.0,567.93
O10104,2025-10-18,C1111,P1039,M104,4,313.19,0.15,218.2
O10105,2024-08-29,C1286,P1081,M102,2,139.4,0.15,86.63
O10105,2024-08-29,C1286,P1078,M102,5,360.69,0.1,225.16
O10105,2024-08-29,C1286,P1014,M102,5,393.21,0.2,197.91
O10106,2024-08-23,C1446,P1113,M103,2,142.47,0.2,72.06
O10106,2024-08-23,C1446,P1025,M103,5,762.69,0.05,424.75
O10106,2024-08-23,C1446,P1077,M103,5,223.05,0.2,167.35
O10106,2024-08-23,C1446,P1115,M103,5,976.12,0.05,506.98
O10107,2024-12-18,C1459,P1024,M100,4,377.69,0.0,250.93
O10107,2024-12-18,C1459,P1082,M100,5,845.91,0.2,546.86
O10107,2024-12-18,C1459,P1026,M100,4,866.01,0.15,602.32
O10108,2024-12-10,C1018,P1084,M105,3,382.13,0.15,289.6
O10108,2024-12-10,C1018,P1073,M105,2,787.17,0.2,425.03
O10109,2025-09-03,C1255,P1047,M106,1,662.11,0.0,467.74
O10109,2025-09-03,C1255,P1023,M106,4,85.65,0.0,64.43
O10110,2025-01-26,C1397,P1072,M107,2,260.53,0.2,194.76
O10111,2025-12-09,C1244,P1054,M103,2,392.49,0.0,268.53
O10111,2025-12-09,C1244,P1045,M103,4,456.11,0.2,248.6
O10111,2025-12-09,C1244,P1015,M103,4,517.1,0.2,265.97
O10112,2024-06-20,C1072,P1095,M105,1,748.75,0.0,390.57
O10113,2024-08-27,C1406,P1076,M103,3,21.99,0.2,14.35
O10113,2024-08-27,C1406,P1094,M103,2,467.33,0.15,282.69
O10114,2024-10-06,C1213,P1076,M102,3,664.76,0.15,403.15
O10114,2024-10-06,C1213,P1108,M102,2,107.41,0.05,54.38
O10115,2024-07-09,C1287,P1068,M104,4,899.91,0.0,713.45
O10115,2024-07-09,C1287,P1044,M104,2,20.32,0.15,13.91
O10115,2024-07-09,C1287,P1079,M104,1,647.47,0.05,416.63
O10116,2025-11-19,C1141,P1035,M104,2,328.99,0.15,193.4
O10116,2025-11-19,C1141,P1071,M104,2,605.86,0.2,470.2
O10117,2024-08-17,C1308,P1084,M107,4,165.07,0.05,99.29
O10118,2024-10-05,C1076,P1057,M101,2,232.37,0.0,142.4
O10119,2024-03-23,C1275,P1055,M100,4,394.77,0.05,309.07
O10120,2024-03-21,C1345,P1078,M106,4,130.29,0.1,99.81
O10120,2024-03-21,C1345,P1078,M106,5,293.05,0.0,169.25
O10121,2024-08-31,C1024,P1038,M107,2,639.71,0.2,507.62
O10121,2024-08-31,C1024,P1078,M107,4,63.32,0.1,36.78
O10121,2024-08-31,C1024,P1092,M107,4,52.74,0.05,28.08
O10122,2025-05-24,C1427,P1117,M103,5,728.72,0.1,575.35
O10122,2025-05-24,C1427,P1033,M103,3,159.17,0.15,114.58
O10123,2024-05-05,C1011,P1071,M102,3,760.6,0.0,496.3
O10123,2024-05-05,C1011,P1027,M102,3,160.05,0.15,110.58
O10124,2025-08-16,C1202,P1017,M107,5,168.47,0.05,112.44
O10124,2025-08-16,C1202,P1050,M107,1,744.29,0.1,593.6
O10125,2025-12-23,C1107,P1018,M104,3,407.48,0.05,284.12
O10125,2025-12-23,C1107,P1060,M104,1,559.53,0.1,311.33
O10125,2025-12-23,C1107,P1077,M104,1,381.51,0.0,254.19
O10125,2025-12-23,C1107,P1058,M104,2,763.38,0.15,552.47
O10126,2024-04-18,C1258,P1104,M106,1,958.49,0.0,674.31
O10126,2024-04-18,C1258,P1097,M106,3,843.55,0.1,673.91
O10126,2024-04-18,C1258,P1109,M106,4,391.52,0.15,280.57
O10126,2024-04-18,C1258,P1061,M106,3,146.44,0.2,73.3
O10127,2025-07-07,C1166,P1035,M106,5,38.78,0.15,21.5
O10127,2025-07-07,C1166,P1119,M106,5,102.06,0.15,66.65
O10127,2025-07-07,C1166,P1017,M106,3,74.21,0.05,49.61
O10127,2025-07-07,C1166,P1003,M106,4,62.28,0.05,42.34
O10128,2025-12-14,C1448,P1009,M102,3,277.12,0.15,165.34
O10129,2024-04-18,C1147,P1071,M102,3,67.97,0.2,49.2
O10129,2024-04-18,C1147,P1020,M102,2,710.6,0.15,465.57
O10130,2024-04-07,C1430,P1024,M102,5,155.98,0.0,98.3
O10130,2024-04-07,C1430,P1016,M102,2,377.71,0.0,256.64
O10130,2024-04-07,C1430,P1077,M102,3,768.92,0.0,599.71
O10131,2025-06-06,C1014,P1025,M100,5,181.75,0.15,117.93
O10132,2024-05-09,C1192,P1077,M102,3,689.05,0.15,423.87
O10133,2024-11-13,C1218,P1007,M106,1,950.81,0.2,528.03
O10133,2024-11-13,C1218,P1088,M106,5,979.85,0.1,497.63
O10134,2024-03-31,C1084,P1008,M102,1,589.95,0.2,418.45
O10134,2024-03-31,C1084,P1070,M102,3,305.74,0.2,158.02
O10134,2024-03-31,C1084,P1030,M102,3,435.36,0.1,266.91
O10135,2025-12-25,C1185,P1108,M107,5,486.1,0.2,309.87
O10135,2025-12-25,C1185,P1117,M107,5,708.96,0.05,371.62
O10135,2025-12-25,C1185,P1016,M107,2,910.3,0.0,457.07
O10135,2025-12-25,C1185,P1010,M107,1,167.32,0.15,90.25
O10136,2024-03-10,C1474,P1072,M104,1,753.86,0.0,593.28
O10136,2024-03-10,C1474,P1024,M104,4,54.15,0.15,31.55
O10136,2024-03-10,C1474,P1012,M104,4,789.26,0.05,459.02
O10137,2024-04-05,C1282,P1058,M101,2,846.34,0.15,462.88
O10137,2024-04-05,C1282,P1026,M101,4,43.28,0.15,29.69
O10138,2025-05-10,C1357,P1019,M102,3,147.85,0.15,87.91
O10138,2025-05-10,C1357,P1031,M102,3,353.87,0.05,254.69
O10138,2025-05-10,C1357,P1081,M102,3,963.76,0.2,496.99
O10138,2025-05-10,C1357,P1087,M102,4,789.84,0.0,512.09
O10139,2025-11-21,C1162,P1022,M103,5,263.96,0.1,189.4
O10139,2025-11-21,C1162,P1091,M103,5,569.68,0.1,337.6
O10140,2025-09-09,C1417,P1113,M100,5,612.44,0.0,339.85
O10141,2024-07-23,C1270,P1032,M100,1,159.73,0.15,99.89
O10142,2024-11-10,C1490,P1114,M100,1,852.11,0.0,559.85
O10143,2024-05-21,C1419,P1085,M101,5,235.14,0.15,168.56
O10143,2024-05-21,C1419,P1115,M101,1,793.78,0.0,526.32
O10143,2024-05-21,C1419,P1025,M101,2,489.85,0.2,265.64
O10144,2025-09-14,C1072,P1081,M106,1,672.33,0.05,510.03
O10144,2025-09-14,C1072,P1045,M106,3,654.46,0.15,339.46
O10144,2025-09-14,C1072,P1071,M106,4,362.41,0.1,186.85
O10144,2025-09-14,C1072,P1011,M106,1,209.35,0.2,115.02
O10145,2024-05-11,C1027,P1017,M101,4,759.18,0.2,529.82
O10145,2024-05-11,C1027,P1084,M101,4,871.87,0.1,683.54
O10145,2024-05-11,C1027,P1037,M101,2,753.22,0.0,382.75
O10146,2025-11-21,C1498,P1052,M102,1,103.21,0.1,79.76
O10146,2025-11-21,C1498,P1009,M102,1,396.82,0.1,210.97
O10147,2025-04-16,C1486,P1072,M107,4,457.18,0.1,280.77
O10147,2025-04-16,C1486,P1093,M107,3,446.66,0.1,250.63
O10148,2025-11-04,C1289,P1045,M105,2,103.1,0.15,76.07
O10148,2025-11-04,C1289,P1069,M105,4,283.68,0.0,175.54
O10149,2024-08-14,C1036,P1000,M101,2,166.38,0.15,111.03
O10149,2024-08-14,C1036,P1114,M101,2,323.59,0.1,197.04
O10149,2024-08-14,C1036,P1032,M101,3,284.14,0.0,193.05
O10150,2025-10-26,C1484,P1085,M102,5,735.31,0.1,436.74
O10150,2025-10-26,C1484,P1090,M102,3,883.59,0.15,637.88
O10150,2025-10-26,C1484,P1073,M102,1,423.58,0.2,296.67
O10150,2025-10-26,C1484,P1081,M102,5,329.78,0.15,252.14
O10151,2025-09-21,C1043,P1003,M101,3,170.61,0.1,120.46
O10151,2025-09-21,C1043,P1009,M101,3,532.13,0.0,397.44
O10151,2025-09-21,C1043,P1003,M101,2,88.61,0.2,70.18
O10151,2025-09-21,C1043,P1017,M101,4,859.6,0.15,666.59
O10152,2024-05-01,C1090,P1017,M103,3,761.99,0.0,488.7
O10152,2024-05-01,C1090,P1114,M103,4,464.67,0.2,267.79
O10153,2024-02-04,C1458,P1067,M101,3,881.02,0.05,505.09
O10153,2024-02-04,C1458,P1044,M101,4,827.72,0.0,473.42
O10153,2024-02-04,C1458,P1023,M101,4,906.31,0.1,575.6
O10153,2024-02-04,C1458,P1026,M101,2,617.64,0.0,464.73
O10154,2024-09-09,C1193,P1115,M107,3,845.3,0.1,583.46
O10154,2024-09-09,C1193,P1056,M107,4,741.9,0.05,443.31
O10154,2024-09-09,C1193,P1087,M107,4,684.85,0.0,477.06
O10154,2024-09-09,C1193,P1013,M107,1,838.67,0.1,593.98
O10155,2024-01-03,C1112,P1078,M102,1,223.37,0.2,113.91
O10156,2025-06-15,C1163,P1083,M102,5,414.22,0.15,323.71
O10157,2025-04-25,C1282,P1014,M107,4,240.44,0.0,177.09
O10157,2025-04-25,C1282,P1037,M107,5,899.86,0.1,694.83
O10157,2025-04-25,C1282,P1106,M107,3,10.19,0.1,5.43
O10158,2025-08-26,C1024,P1105,M102,4,387.8,0.1,241.92
O10159,2025-11-29,C1491,P1095,M107,3,428.32,0.0,268.31
O10159,2025-11-29,C1491,P1019,M107,2,966.58,0.0,568.03
O10160,2024-11-23,C1102,P1091,M100,3,827.78,0.1,613.78
O10160,2024-11-23,C1102,P1044,M100,4,981.98,0.0,580.77
O10161,2025-01-31,C1492,P1111,M102,1,288.71,0.15,154.11
O10161,2025-01-31,C1492,P1094,M102,5,545.29,0.0,312.22
O10161,2025-01-31,C1492,P1051,M102,1,474.08,0.0,354.31
O10162,2024-08-17,C1243,P1056,M100,5,304.27,0.1,218.79
O10162,2024-08-17,C1243,P1089,M100,1,57.66,0.15,44.0
O10162,2024-08-17,C1243,P1100,M100,2,671.13,0.0,534.69
O10162,2024-08-17,C1243,P1066,M100,5,839.77,0.15,566.71
O10163,2025-12-11,C1270,P1068,M102,2,577.62,0.2,299.84
O10164,2024-08-09,C1357,P1025,M102,4,228.02,0.15,121.87
O10164,2024-08-09,C1357,P1001,M102,5,529.99,0.0,371.4
O10164,2024-08-09,C1357,P1102,M102,1,74.04,0.0,37.58
O10164,2024-08-09,C1357,P1101,M102,4,911.57,0.0,548.99
O10165,2024-10-19,C1460,P1097,M104,4,448.95,0.2,309.5
O10166,2024-12-27,C1436,P1118,M105,4,790.91,0.1,451.79
O10166,2024-12-27,C1436,P1065,M105,4,113.18,0.15,73.15
O10167,2024-09-12,C1044,P1046,M102,4,951.03,0.05,610.44
O10168,2024-06-06,C1396,P1029,M106,1,511.2,0.0,256.05
O10168,2024-06-06,C1396,P1072,M106,5,477.77,0.05,368.94
O10168,2024-06-06,C1396,P1009,M106,3,284.05,0.0,180.41
O10168,2024-06-06,C1396,P1116,M106,5,487.22,0.1,309.01
O10169,2025-06-01,C1302,P1009,M103,4,214.92,0.2,142.08
O10169,2025-06-01,C1302,P1107,M103,1,17.59,0.1,13.25
O10169,2025-06-01,C1302,P1079,M103,1,345.47,0.2,218.19
O10170,2024-06-08,C1229,P1066,M106,2,300.55,0.0,186.07
O10170,2024-06-08,C1229,P1022,M106,5,291.72,0.0,155.82
O10170,2024-06-08,C1229,P1030,M106,3,881.06,0.0,448.37
O10170,2024-06-08,C1229,P1111,M106,3,54.41,0.1,29.35
O10171,2024-10-17,C1356,P1114,M105,5,400.63,0.15,288.04
O10172,2025-02-21,C1238,P1062,M106,5,716.89,0.15,503.53
O10172,2025-02-21,C1238,P1118,M106,1,825.55,0.15,616.16
O10172,2025-02-21,C1238,P1088,M106,1,640.04,0.2,479.31
O10172,2025-02-21,C1238,P1106,M106,1,607.76,0.05,350.68
O10173,2025-10-20,C1025,P1036,M103,4,390.0,0.15,238.18
O10174,2025-02-13,C1275,P1108,M100,3,600.36,0.15,462.34
O10174,2025-02-13,C1275,P1081,M100,4,89.38,0.0,69.94
O10174,2025-02-13,C1275,P1119,M100,5,681.88,0.05,522.6
O10175,2024-10-09,C1011,P1059,M102,5,20.03,0.05,10.85
O10175,2024-10-09,C1011,P1031,M102,1,616.45,0.15,340.01
O10176,2025-05-19,C1335,P1048,M100,3,743.57,0.2,386.61
O10176,2025-05-19,C1335,P1092,M100,2,21.59,0.15,12.71
O10176,2025-05-19,C1335,P1011,M100,1,93.55,0.05,72.32
O10176,2025-05-19,C1335,P1076,M100,1,223.89,0.0,160.92
O10177,2025-09-10,C1194,P1008,M103,1,76.71,0.2,54.29
O10177,2025-09-10,C1194,P1114,M103,2,409.86,0.2,238.79
O10177,2025-09-10,C1194,P1034,M103,5,863.13,0.15,490.16
O10178,2025-09-21,C1046,P1067,M104,3,455.62,0.15,353.1
O10178,2025-09-21,C1046,P1038,M104,3,586.38,0.05,358.29
O10178,2025-09-21,C1046,P1065,M104,4,399.04,0.05,219.5
O10179,2025-06-17,C1292,P1005,M107,5,649.28,0.2,498.02
O10179,2025-06-17,C1292,P1106,M107,1,947.18,0.1,480.82
O10180,2024-07-20,C1255,P1061,M106,4,385.12,0.1,231.91
O10180,2024-07-20,C1255,P1054,M106,3,415.53,0.0,220.39
O10181,2024-07-20,C1484,P1010,M101,5,535.77,0.15,361.14
O10181,2024-07-20,C1484,P1064,M101,1,114.21,0.0,61.92
O10181,2024-07-20,C1484,P1097,M101,5,236.2,0.1,155.79
O10181,2024-07-20,C1484,P1030,M101,5,390.36,0.1,219.64
O10182,2025-06-10,C1307,P1100,M101,3,394.11,0.05,243.81
O10182,2025-06-10,C1307,P1085,M101,3,155.59,0.2,91.3
O10182,2025-06-10,C1307,P1067,M101,5,837.13,0.2,658.63
O10182,2025-06-10,C1307,P1074,M101,5,479.27,0.15,382.68
O10183,2024-01-05,C1114,P1011,M106,1,984.17,0.2,671.27
O10183,2024-01-05,C1114,P1087,M106,4,40.63,0.15,32.26
O10183,2024-01-05,C1114,P1100,M106,1,558.17,0.05,307.27
O10184,2024-07-24,C1127,P1034,M105,5,835.31,0.1,506.91
O10185,2024-08-26,C1054,P1072,M104,2,266.74,0.1,147.55
O10185,2024-08-26,C1054,P1075,M104,5,349.02,0.15,199.12
O10186,2024-05-05,C1124,P1090,M104,3,562.13,0.1,308.93
O10186,2024-05-05,C1124,P1081,M104,5,449.6,0.05,290.74
O10186,2024-05-05,C1124,P1070,M104,3,784.56,0.1,599.48
O10186,2024-05-05,C1124,P1058,M104,1,794.6,0.1,445.29
O10187,2024-06-06,C1215,P1009,M105,5,156.5,0.2,100.58
O10187,2024-06-06,C1215,P1060,M105,4,907.87,0.1,701.63
O10187,2024-06-06,C1215,P1112,M105,3,359.93,0.15,184.07
O10188,2024-07-04,C1275,P1033,M105,3,553.83,0.2,408.87
O10188,2024-07-04,C1275,P1040,M105,4,472.11,0.05,369.76
O10188,2024-07-04,C1275,P1018,M105,1,949.62,0.05,754.28
O10189,2025-09-01,C1106,P1048,M102,4,757.08,0.05,490.15
O10189,2025-09-01,C1106,P1033,M102,3,211.19,0.1,137.99
O10190,2024-05-26,C1192,P1002,M103,1,368.65,0.0,280.05
O10190,2024-05-26,C1192,P1043,M103,3,413.51,0.1,281.45
O10191,2025-08-03,C1057,P1027,M103,4,808.52,0.1,452.89
O10191,2025-08-03,C1057,P1119,M103,1,68.88,0.2,43.51
O10191,2025-08-03,C1057,P1093,M103,1,305.45,0.1,181.31
O10191,2025-08-03,C1057,P1105,M103,3,453.84,0.2,359.2
O10192,2025-04-15,C1299,P1101,M105,5,927.12,0.05,596.19
O10192,2025-04-15,C1299,P1077,M105,5,40.24,0.1,28.48
O10192,2025-04-15,C1299,P1062,M105,2,636.22,0.2,386.58
O10193,2024-07-12,C1371,P1117,M105,2,340.07,0.1,191.53
O10193,2024-07-12,C1371,P1017,M105,1,795.46,0.1,635.85
O10193,2024-07-12,C1371,P1029,M105,2,830.18,0.1,598.86
O10194,2025-02-03,C1237,P1043,M105,1,636.58,0.2,319.37
O10195,2024-05-03,C1315,P1006,M106,5,823.71,0.0,601.17
O10195,2024-05-03,C1315,P1095,M106,4,703.03,0.0,504.03
O10195,2024-05-03,C1315,P1006,M106,4,413.04,0.1,249.74
O10195,2024-05-03,C1315,P1064,M106,3,635.77,0.2,498.64
O10196,2025-07-17,C1123,P1026,M107,2,16.03,0.1,10.53
O10196,2025-07-17,C1123,P1046,M107,2,86.09,0.05,63.56
O10197,2025-07-20,C1228,P1078,M101,4,153.74,0.05,95.45
O10197,2025-07-20,C1228,P1031,M101,4,864.77,0.1,640.83
O10197,2025-07-20,C1228,P1006,M101,3,31.81,0.2,23.94
O10198,2025-10-07,C1320,P1092,M106,1,644.07,0.2,328.54
O10198,2025-10-07,C1320,P1097,M106,3,364.24,0.0,265.12
O10198,2025-10-07,C1320,P1053,M106,1,722.59,0.05,488.3
O10199,2024-07-18,C1363,P1089,M102,4,640.72,0.05,366.86
O10199,2024-07-18,C1363,P1016,M102,4,242.31,0.2,179.6
O10200,2025-11-28,C1428,P1017,M100,4,151.45,0.05,93.96
O10200,2025-11-28,C1428,P1023,M100,2,142.49,0.05,102.1
O10200,2025-11-28,C1428,P1091,M100,1,751.16,0.0,375.61
O10201,2025-10-22,C1145,P1047,M100,2,785.19,0.05,457.65
O10201,2025-10-22,C1145,P1007,M100,1,72.06,0.05,46.12
O10202,2024-02-09,C1390,P1003,M105,5,941.04,0.2,733.32
O10202,2024-02-09,C1390,P1043,M105,1,366.63,0.1,245.46
O10203,2024-11-23,C1378,P1026,M105,2,320.21,0.15,247.25
O10203,2024-11-23,C1378,P1080,M105,3,439.48,0.0,269.49
O10203,2024-11-23,C1378,P1005,M105,4,678.39,0.0,479.02
O10203,2024-11-23,C1378,P1022,M105,2,568.98,0.15,392.49
O10204,2025-10-26,C1190,P1113,M102,2,147.72,0.2,105.46
O10204,2025-10-26,C1190,P1021,M102,5,190.98,0.15,102.92
O10204,2025-10-26,C1190,P1021,M102,4,705.52,0.0,375.06
O10204,2025-10-26,C1190,P1117,M102,3,638.0,0.2,328.22
O10205,2025-03-02,C1133,P1116,M104,5,503.59,0.15,382.6
O10205,2025-03-02,C1133,P1104,M104,3,463.12,0.05,319.7
O10205,2025-03-02,C1133,P1010,M104,-3,376.12,0.15,284.98
O10206,2025-08-11,C1110,P1000,M101,5,422.34,0.2,263.85
O10207,2024-08-05,C1013,P1007,M103,2,219.87,0.0,167.31
O10208,2025-12-04,C1391,P1063,M104,1,798.28,0.2,407.75
O10209,2024-09-04,C1360,P1107,M103,1,145.23,0.15,104.79
O10209,2024-09-04,C1360,P1009,M103,4,974.85,0.15,602.98
O10209,2024-09-04,C1360,P1046,M103,1,891.31,0.15,457.15
O10209,2024-09-04,C1360,P1103,M103,5,67.51,0.05,44.77
O10210,2025-08-31,C1495,P1105,M104,5,691.16,0.2,424.18
O10210,2025-08-31,C1495,P1106,M104,2,29.13,0.15,22.86
O10210,2025-08-31,C1495,P1049,M104,3,497.94,0.0,384.32
O10210,2025-08-31,C1495,P1017,M104,4,19.82,0.1,15.13
O10211,2024-04-13,C1137,P1003,M107,2,523.84,0.0,310.93
O10211,2024-04-13,C1137,P1025,M107,4,274.58,0.0,180.23
O10211,2024-04-13,C1137,P1079,M107,2,858.56,0.2,448.95
O10211,2024-04-13,C1137,P1047,M107,1,129.01,0.2,77.73
O10212,2025-11-04,C1199,P1050,M101,2,231.03,0.0,141.28
O10212,2025-11-04,C1199,P1111,M101,3,666.38,0.2,527.95
O10213,2025-06-26,C1459,P1056,M106,3,33.36,0.1,24.98
O10213,2025-06-26,C1459,P1005,M106,1,298.23,0.2,184.72
O10213,2025-06-26,C1459,P1060,M106,4,900.46,0.2,511.89
O10214,2025-07-02,C1293,P1115,M103,2,607.26,0.2,439.8
O10214,2025-07-02,C1293,P1096,M103,4,67.27,0.05,53.62
O10214,2025-07-02,C1293,P1050,M103,5,535.43,0.15,355.17
O10215,2025-07-23,C1091,P1015,M102,4,779.16,0.0,442.26
O10215,2025-07-23,C1091,P1019,M102,4,623.54,0.0,428.2
O10216,2025-09-06,C1267,P1105,M105,2,322.0,0.1,175.2
O10216,2025-09-06,C1267,P1099,M105,5,531.99,0.15,327.95
O10216,2025-09-06,C1267,P1015,M105,4,646.39,0.0,390.13
O10216,2025-09-06,C1267,P1005,M105,4,343.97,0.15,227.59
O10217,2025-04-20,C1229,P1098,M106,1,693.1,0.05,377.18
O10217,2025-04-20,C1229,P1010,M106,5,502.34,0.0,318.64
O10218,2024-10-15,C1139,P1114,M100,1,958.35,0.1,697.99
O10219,2025-01-28,C1376,P1072,M104,5,949.58,0.2,651.67
O10219,2025-01-28,C1376,P1093,M104,2,551.39,0.2,351.55
O10220,2024-09-25,C1492,P1057,M102,3,174.09,0.2,112.18
O10220,2024-09-25,C1492,P1002,M102,5,59.48,0.0,32.18
O10220,2024-09-25,C1492,P1109,M102,3,795.21,0.1,491.09
O10220,2024-09-25,C1492,P1069,M102,4,961.02,0.15,754.81
O10221,2024-01-27,C1142,P1117,M103,3,981.33,0.0,555.17
O10221,2024-01-27,C1142,P1109,M103,5,442.63,0.1,244.7
O10221,2024-01-27,C1142,P1058,M103,2,981.37,0.15,734.87
O10221,2024-01-27,C1142,P1087,M103,5,908.82,0.05,644.8
O10222,2024-08-18,C1044,P1112,M104,3,526.25,0.05,415.8
O10222,2024-08-18,C1044,P1028,M104,5,855.68,0.15,491.33
O10222,2024-08-18,C1044,P1055,M104,1,463.65,0.0,254.46
O10222,2024-08-18,C1044,P1001,M104,2,773.91,0.15,389.77
O10223,2025-10-04,C1363,P1077,M107,2,786.58,0.15,611.85
O10223,2025-10-04,C1363,P1010,M107,2,806.71,0.2,457.1
O10223,2025-10-04,C1363,P1105,M107,4,186.11,0.1,107.23
O10224,2024-12-28,C1194,P1051,M100,3,38.88,0.1,29.88
O10224,2024-12-28,C1194,P1079,M100,5,127.32,0.0,69.53
O10224,2024-12-28,C1194,P1038,M100,3,955.3,0.0,490.52
O10225,2025-12-14,C1192,P1066,M106,5,486.73,0.1,300.67
O10225,2025-12-14,C1192,P1030,M106,5,42.29,0.1,33.21
O10225,2025-12-14,C1192,P1083,M106,3,282.79,0.0,208.21
O10225,2025-12-14,C1192,P1084,M106,4,392.46,0.2,238.45
O10226,2025-06-28,C1225,P1075,M102,4,848.8,0.0,473.19
O10226,2025-06-28,C1225,P1043,M102,5,974.63,0.05,732.87
O10226,2025-06-28,C1225,P1117,M102,1,48.54,0.05,38.2
O10227,2024-04-28,C1298,P1071,M105,2,682.75,0.0,536.05
O10227,2024-04-28,C1298,P1086,M105,5,721.97,0.1,453.58
O10227,2024-04-28,C1298,P1100,M105,4,761.19,0.1,413.44
O10228,2024-05-29,C1046,P1032,M107,2,893.63,0.2,651.4
O10229,2025-12-18,C1382,P1065,M107,2,890.0,0.05,499.65
O10229,2025-12-18,C1382,P1097,M107,5,262.76,0.1,178.19
O10229,2025-12-18,C1382,P1090,M107,4,639.68,0.1,333.08
O10230,2024-07-25,C1317,P1073,M104,3,511.85,0.1,270.52
O10230,2024-07-25,C1317,P1111,M104,3,837.47,0.2,601.32
O10230,2024-07-25,C1317,P1010,M104,5,773.41,0.05,578.07
O10230,2024-07-25,C1317,P1048,M104,2,877.12,0.2,512.89
O10231,2024-12-29,C1238,P1106,M100,5,47.2,0.2,34.44
O10231,2024-12-29,C1238,P1047,M100,1,594.53,0.15,390.46
O10231,2024-12-29,C1238,P1097,M100,5,725.9,0.2,429.14
O10231,2024-12-29,C1238,P1071,M100,3,883.91,0.15,698.34
O10232,2024-02-14,C1240,P1010,M102,3,666.42,0.0,502.83
O10232,2024-02-14,C1240,P1058,M102,2,309.9,0.2,221.2
O10233,2024-04-26,C1207,P1014,M107,3,278.72,0.0,170.38
O10233,2024-04-26,C1207,P1016,M107,3,999.55,0.15,795.1
O10234,2025-03-19,C1230,P1043,M100,5,547.05,0.0,336.0
O10234,2025-03-19,C1230,P1118,M100,2,712.23,0.1,413.6
O10234,2025-03-19,C1230,P1117,M100,1,276.16,0.05,178.0
O10235,2025-03-31,C1109,P1041,M100,1,605.54,0.15,417.61
O10235,2025-03-31,C1109,P1003,M100,3,761.42,0.0,498.09
O10236,2024-09-19,C1441,P1076,M103,1,180.37,0.0,140.67
O10236,2024-09-19,C1441,P1116,M103,2,700.24,0.1,518.92
O10237,2025-12-07,C1303,P1055,M104,2,731.69,0.0,426.01
O10238,2024-03-27,C1483,P1088,M102,3,61.38,0.0,37.05
O10238,2024-03-27,C1483,P1008,M102,4,978.74,0.1,524.27
O10238,2024-03-27,C1483,P1016,M102,1,729.79,0.2,572.25
O10239,2024-12-31,C1194,P1002,M107,1,318.86,0.05,175.03
O10239,2024-12-31,C1194,P1069,M107,4,390.51,0.1,286.89
O10239,2024-12-31,C1194,P1003,M107,3,21.3,0.05,14.59
O10239,2024-12-31,C1194,P1018,M107,2,443.28,0.15,295.98
O10240,2024-10-06,C1411,P1036,M102,5,818.96,0.0,540.75
O10240,2024-10-06,C1411,P1043,M102,3,435.3,0.2,311.47
O10240,2024-10-06,C1411,P1093,M102,5,961.9,0.1,755.8
O10240,2024-10-06,C1411,P1082,M102,3,880.55,0.0,481.82
O10241,2025-11-14,C1389,P1043,M106,4,628.78,0.05,478.77
O10241,2025-11-14,C1389,P1051,M106,3,506.5,0.1,382.51
O10241,2025-11-14,C1389,P1024,M106,3,631.71,0.15,443.59
O10241,2025-11-14,C1389,P1084,M106,4,195.05,0.15,114.36
O10242,2025-05-05,C1447,P1046,M102,3,199.51,0.15,136.94
O10242,2025-05-05,C1447,P1019,M102,1,436.23,0.15,271.06
O10242,2025-05-05,C1447,P1110,M102,3,362.3,0.05,228.19
O10243,2024-09-13,C1125,P1079,M103,3,680.77,0.1,351.94
O10243,2024-09-13,C1125,P1114,M103,4,982.23,0.15,688.98
O10244,2025-01-06,C1406,P1002,M102,3,787.42,0.2,417.66
O10244,2025-01-06,C1406,P1081,M102,5,332.0,0.05,257.11
O10245,2024-10-14,C1375,P1081,M102,2,455.62,0.05,252.33
O10245,2024-10-14,C1375,P1055,M102,2,122.17,0.0,88.13
O10245,2024-10-14,C1375,P1099,M102,2,586.36,0.0,354.14
O10246,2024-03-08,C1084,P1007,M103,4,83.3,0.1,46.78
O10246,2024-03-08,C1084,P1089,M103,1,742.76,0.05,435.43
O10246,2024-03-08,C1084,P1077,M103,2,692.88,0.05,471.91
O10247,2025-12-30,C1293,P1026,M107,3,84.83,0.15,49.98
O10247,2025-12-30,C1293,P1082,M107,4,603.05,0.15,318.19
O10248,2024-06-18,C1438,P1031,M103,2,274.73,0.05,195.37
O10249,2025-12-16,C1288,P1002,M105,3,679.27,0.0,476.59
O10249,2025-12-16,C1288,P1063,M105,1,530.5,0.1,360.37
O10250,2024-08-06,C1404,P1038,M107,5,182.34,0.1,96.96
O10250,2024-08-06,C1404,P1104,M107,2,616.14,0.1,444.21
O10250,2024-08-06,C1404,P1005,M107,5,210.61,0.15,149.61
O10251,2025-12-07,C1408,P1069,M100,1,59.98,0.0,30.27
O10251,2025-12-07,C1408,P1110,M100,4,936.9,0.0,595.0
O10251,2025-12-07,C1408,P1039,M100,1,228.28,0.0,171.65
O10251,2025-12-07,C1408,P1071,M100,2,742.01,0.0,481.87
O10252,2025-12-17,C1270,P1079,M101,3,439.25,0.1,336.91
O10253,2024-08-11,C1244,P1034,M101,5,915.4,0.15,694.24
O10253,2024-08-11,C1244,P1034,M101,4,440.06,0.0,277.9
O10254,2025-04-17,C1129,P1040,M102,3,593.56,0.0,394.16
O10254,2025-04-17,C1129,P1074,M102,1,249.6,0.15,140.08
O10254,2025-04-17,C1129,P1043,M102,1,820.19,0.15,413.48
O10254,2025-04-17,C1129,P1045,M102,1,222.26,0.2,116.27
O10255,2024-02-08,C1306,P1056,M103,2,71.9,0.2,45.11
O10256,2024-06-11,C1171,P1046,M106,2,601.12,0.05,367.68
O10256,2024-06-11,C1171,P1074,M106,2,886.11,0.1,574.24
O10256,2024-06-11,C1171,P1042,M106,5,788.9,0.1,540.42
O10257,2025-10-05,C1444,P1073,M102,1,260.82,0.1,171.21
O10258,2025-03-24,C1234,P1030,M100,3,773.04,0.0,600.06
O10259,2025-06-01,C1404,P1004,M103,3,542.95,0.0,412.4
O10259,2025-06-01,C1404,P1018,M103,1,896.39,0.0,457.61
O10259,2025-06-01,C1404,P1117,M103,3,459.8,0.2,350.42
O10260,2024-10-05,C1464,P1004,M102,3,708.41,0.05,460.35
O10260,2024-10-05,C1464,P1017,M102,2,652.83,0.2,479.96
O10260,2024-10-05,C1464,P1042,M102,2,826.5,0.1,561.73
O10261,2025-08-11,C1440,P1058,M100,5,308.04,0.2,197.41
O10261,2025-08-11,C1440,P1111,M100,4,217.93,0.0,158.94
O10262,2024-07-02,C1171,P1047,M105,2,414.69,0.2,227.31
O10262,2024-07-02,C1171,P1035,M105,5,788.66,0.15,551.48
O10262,2024-07-02,C1171,P1043,M105,3,815.98,0.15,517.22
O10263,2025-02-25,C1328,P1004,M106,4,296.3,0.15,230.33
O10263,2025-02-25,C1328,P1011,M106,3,519.86,0.0,315.59
O10263,2025-02-25,C1328,P1085,M106,2,830.27,0.0,621.4
O10264,2025-01-15,C1141,P1114,M104,5,333.48,0.05,204.11
O10265,2024-10-21,C1498,P1114,M101,2,941.71,0.0,560.87
O10265,2024-10-21,C1498,P1087,M101,5,398.8,0.1,298.57
O10265,2024-10-21,C1498,P1059,M101,1,860.23,0.05,658.35
O10265,2024-10-21,C1498,P1061,M101,4,860.18,0.1,537.06
O10266,2024-09-19,C1192,P1101,M105,1,168.76,0.2,105.19
O10267,2024-11-17,C1079,P1090,M106,4,237.3,0.2,130.42
O10267,2024-11-17,C1079,P1058,M106,5,721.55,0.15,472.24
O10267,2024-11-17,C1079,P1026,M106,1,351.78,0.1,253.18
O10267,2024-11-17,C1079,P1032,,3,249.12,0.05,171.99
O10268,2024-04-04,C1356,P1000,M107,3,230.14,0.0,129.7
O10268,2024-04-04,C1356,P1087,M107,3,252.9,0.1,151.92
O10268,2024-04-04,C1356,P1090,M107,4,576.19,0.1,384.36
O10268,2024-04-04,C1356,P1061,M107,1,434.65,0.1,305.86
O10269,2025-11-12,C1023,P1002,M101,2,179.98,0.05,107.68
O10269,2025-11-12,C1023,P1003,M101,5,871.82,0.05,441.7
O10269,2025-11-12,C1023,P1109,M101,5,699.66,0.2,374.43
O10269,2025-11-12,C1023,P1053,M101,5,444.7,0.05,290.69
O10270,2025-02-10,C1123,P1013,M100,5,397.94,0.0,280.02
O10270,2025-02-10,C1123,P1006,M100,2,512.73,0.2,375.8
O10270,2025-02-10,C1123,P1117,M100,1,858.74,0.1,551.55
O10271,2024-10-05,C1264,P1102,M106,5,632.14,0.05,364.1
O10272,2025-07-20,C1180,P1039,M105,1,734.0,0.0,484.95
O10273,2024-08-28,C1388,P1052,M106,1,470.4,0.0,303.66
O10273,2024-08-28,C1388,P1081,M106,3,292.65,0.2,162.43
O10273,2024-08-28,C1388,P1057,M106,2,410.52,0.1,206.91
O10273,2024-08-28,C1388,P1058,M106,1,805.5,0.1,470.63
O10274,2025-08-01,C1146,P1073,M106,2,76.3,0.15,42.31
O10275,2025-04-24,C1075,P1014,M100,4,849.45,0.15,589.94
O10275,2025-04-24,C1075,P1116,M100,5,455.97,0.2,337.94
O10276,2024-08-03,C1416,P1002,M101,4,997.21,0.1,511.42
O10276,2024-08-03,C1416,P1117,M101,3,227.91,0.1,162.27
O10277,2025-10-10,C1446,P1061,M104,4,469.6,0.15,241.18
O10277,2025-10-10,C1446,P1012,M104,3,930.0,0.1,696.95
O10277,2025-10-10,C1446,P1055,M104,1,379.51,0.15,200.61
O10278,2025-07-26,C1238,P1016,M102,1,585.2,0.0,395.08
O10278,2025-07-26,C1238,P1023,M102,5,525.86,0.05,382.59
O10278,2025-07-26,C1238,P1025,M102,3,674.45,0.15,487.41
O10279,2025-02-09,C1201,P1048,M105,4,203.03,0.15,125.32
O10279,2025-02-09,C1201,P1093,M105,2,909.15,0.1,572.72
O10279,2025-02-09,C1201,P1066,M105,2,890.24,0.2,589.78
O10280,2025-01-29,C1338,P1001,M105,2,313.84,0.2,224.37
O10280,2025-01-29,C1338,P1060,M105,3,193.52,0.2,109.24
O10280,2025-01-29,C1338,P1067,M105,4,727.1,0.1,404.54
O10280,2025-01-29,C1338,P1032,M105,1,588.82,0.05,362.03
O10281,2025-08-31,C1313,P1075,M106,2,456.27,0.0,265.36
O10281,2025-08-31,C1313,P1008,M106,1,271.42,0.1,187.53
O10281,2025-08-31,C1313,P1066,M106,1,533.44,0.15,340.83
O10281,2025-08-31,C1313,P1083,M106,5,658.16,0.05,459.78
O10282,2024-08-30,C1193,P1053,M107,4,466.91,0.15,341.82
O10282,2024-08-30,C1193,P1088,M107,4,374.66,0.15,211.75
O10282,2024-08-30,C1193,P1091,M107,5,266.98,0.2,203.91
O10283,2024-02-23,C1039,P1005,M106,3,826.08,0.15,422.7
O10284,2024-02-10,C1358,P1019,M106,2,785.93,0.0,604.68
O10284,2024-02-10,C1358,P1022,M106,3,519.06,0.2,327.49
O10284,2024-02-10,C1358,P1017,M106,5,827.16,0.05,599.2
O10284,2024-02-10,C1358,P1091,M106,1,580.94,0.1,464.56
O10285,2025-10-24,C1297,P1091,M107,3,934.24,0.1,693.21
O10285,2025-10-24,C1297,P1017,M107,2,15.66,0.1,8.96
O10286,2025-12-24,C1424,P1109,M104,5,324.92,0.1,164.65
O10286,2025-12-24,C1424,P1059,M104,3,850.69,0.1,428.84
O10286,2025-12-24,C1424,P1082,M104,4,657.8,0.1,332.01
O10286,2025-12-24,C1424,P1087,M104,2,709.1,0.15,362.83
O10287,2024-02-07,C1366,P1029,M105,3,15.29,0.1,10.51
O10287,2024-02-07,C1366,P1002,M105,5,408.31,0.1,275.32
O10287,2024-02-07,C1366,P1095,M105,5,641.94,0.1,406.15
O10288,2025-11-28,C1368,P1089,M106,2,147.05,0.0,83.62
O10288,2025-11-28,C1368,P1042,M106,3,869.73,0.1,677.3
O10288,2025-11-28,C1368,P1101,M106,4,532.4,0.1,341.15
O10289,2025-03-10,C1438,P1038,M104,5,981.31,0.15,744.14
O10289,2025-03-10,C1438,P1004,M104,2,717.95,0.0,467.53
O10290,2024-01-22,C1280,P1080,M101,3,834.5,0.1,586.87
O10290,2024-01-22,C1280,P1029,M101,2,118.96,0.1,65.45
O10291,2024-12-06,C1435,P1006,M107,5,63.85,0.1,45.28
O10292,2024-10-17,C1332,P1092,M104,1,79.1,0.1,57.3
O10292,2024-10-17,C1332,P1104,M104,4,419.69,0.15,215.18
O10293,2025-01-11,C1491,P1093,M105,2,671.08,0.2,526.55
O10293,2025-01-11,C1491,P1119,M105,2,28.95,0.0,19.77
O10293,2025-01-11,C1491,P1058,M105,3,459.04,0.15,361.85
O10294,2024-06-30,C1099,P1099,M105,3,642.64,0.05,398.8
O10294,2024-06-30,C1099,P1073,M105,5,588.65,0.0,343.24
O10295,2025-12-28,C1155,P1073,M106,4,87.77,0.1,59.5
O10295,2025-12-28,C1155,P1071,M106,3,61.47,0.2,38.54
O10295,2025-12-28,C1155,P1109,M106,1,610.78,0.15,350.52
O10296,2025-08-19,C1308,P1001,M105,3,219.12,0.2,173.73
O10296,2025-08-19,C1308,P1049,M105,3,740.05,0.0,591.43
O10296,2025-08-19,C1308,P1088,M105,4,224.06,0.0,153.88
O10297,2025-11-03,C1323,P1100,M103,-1,470.36,0.2,243.98
O10297,2025-11-03,C1323,P1011,M103,4,354.03,0.2,280.61
O10298,2025-11-12,C1464,P1101,M105,1,672.62,0.05,525.58
O10298,2025-11-12,C1464,P1108,M105,3,556.36,0.05,290.04
O10298,2025-11-12,C1464,P1055,M105,4,176.44,0.1,113.05
O10299,2024-03-26,C1228,P1010,M105,2,84.07,0.2,55.4
O10299,2024-03-26,C1228,P1061,M105,5,761.7,0.15,444.46
O10299,2024-03-26,C1228,P1104,M105,3,332.99,0.2,189.72
O10300,2025-01-06,C1474,P1058,M105,4,828.35,0.15,502.47
O10300,2025-01-06,C1474,P1084,M105,5,309.45,0.15,174.27
O10300,2025-01-06,C1474,P1065,M105,4,155.45,0.05,116.4
O10301,2024-03-05,C1483,P1086,M104,3,567.77,0.2,365.39
O10301,2024-03-05,C1483,P1028,M104,2,510.45,0.1,255.71
O10302,2024-05-30,C1479,P1081,M104,4,492.96,0.0,311.81
O10302,2024-05-30,C1479,P1109,M104,2,824.16,0.05,481.78
O10303,2025-09-02,C1204,P1051,M105,2,463.85,0.2,280.22
O10303,2025-09-02,C1204,P1032,M105,2,670.54,0.0,508.71
O10304,2025-10-08,C1293,P1096,M100,5,989.56,0.0,773.96
O10305,2025-01-11,C1001,P1037,M104,2,203.21,0.05,130.31
O10305,2025-01-11,C1001,P1042,M104,1,497.64,0.15,351.39
O10305,2025-01-11,C1001,P1089,M104,4,367.79,0.1,272.13
O10306,2025-04-01,C1042,P1098,M106,4,421.98,0.2,323.64
O10306,2025-04-01,C1042,P1034,M106,1,183.74,0.1,132.45
O10307,2025-04-28,C1135,P1081,M103,4,494.73,0.15,391.37
O10308,2025-08-19,C1005,P1104,M105,1,744.19,0.1,403.62
O10308,2025-08-19,C1005,P1043,M105,4,173.65,0.1,98.22
O10309,2024-07-07,C1317,P1111,M100,5,412.49,0.2,277.6
O10309,2024-07-07,C1317,P1053,M100,1,787.79,0.1,615.79
O10309,2024-07-07,C1317,P1006,M100,3,344.11,0.1,259.3
O10309,2024-07-07,C1317,P1108,M100,5,183.37,0.0,93.07
O10310,2025-12-13,C1435,P1034,M101,5,875.33,0.15,437.84
O10310,2025-12-13,C1435,P1079,M101,2,794.67,0.15,487.1
O10310,2025-12-13,C1435,P1104,M101,1,160.53,0.0,106.96
O10310,2025-12-13,C1435,P1095,M101,5,102.84,0.05,58.73
O10311,2025-05-13,C1102,P1052,M103,3,49.66,0.1,28.38
O10311,2025-05-13,C1102,P1082,M103,3,594.05,0.2,380.13
O10312,2025-05-02,C1191,P1034,M106,1,705.46,0.05,513.66
O10313,2024-06-23,C1458,P1047,M100,1,707.04,0.2,516.73
O10313,2024-06-23,C1458,P1076,M100,5,711.04,0.05,391.93
O10313,2024-06-23,C1458,P1016,M100,5,765.26,0.0,499.85
O10314,2025-04-12,C1479,P1049,M102,4,673.33,0.15,439.66
O10314,2025-04-12,C1479,P1012,M102,5,59.74,0.15,34.86
O10314,2025-04-12,C1479,P1051,M102,1,443.8,0.0,327.88
O10315,2024-05-19,C1210,P1003,M101,3,454.55,0.0,273.09
O10315,2024-05-19,C1210,P1008,M101,4,727.35,0.0,496.41
O10315,2024-05-19,C1210,P1111,M101,3,181.76,0.0,124.18
O10316,2024-07-21,C1139,P1020,M102,2,398.17,0.1,266.99
O10316,2024-07-21,C1139,P1105,M102,1,218.67,0.05,153.77
O10317,2024-03-29,C1395,P1074,M100,5,836.72,0.05,498.2
O10317,2024-03-29,C1395,P1026,M100,5,828.59,0.0,484.59
O10318,2024-12-16,C1263,P1099,M100,3,351.63,0.0,210.86
O10319,2025-05-02,C1013,P1090,M104,2,671.19,0.1,463.88
O10320,2024-04-28,C1367,P1116,M107,3,615.35,0.1,343.18
O10320,2024-04-28,C1367,P1038,M107,4,849.63,0.2,650.35
O10320,2024-04-28,C1367,P1027,M107,4,356.91,0.0,208.61
O10321,2025-09-07,C1337,P1030,M104,2,461.06,0.05,329.57
O10322,2024-09-29,C1295,P1064,M104,1,353.42,0.15,281.69
O10323,2025-01-03,C1191,P1079,M104,2,285.35,0.1,215.4
O10324,2025-07-27,C1395,P1096,M105,2,349.95,0.0,273.19
O10325,2025-04-09,C1453,P1101,M104,2,929.34,0.15,510.64
O10325,2025-04-09,C1453,P1006,M104,4,280.22,0.2,177.66
O10325,2025-04-09,C1453,P1074,M104,2,197.5,0.05,152.36
O10326,2025-01-04,C1183,P1047,M104,4,756.33,0.05,418.37
O10326,2025-01-04,C1183,P1048,M104,5,123.65,0.1,63.89
O10326,2025-01-04,C1183,P1047,M104,3,220.32,0.2,126.65
O10327,2025-03-29,C1095,P1114,M104,2,857.57,0.05,659.19
O10327,2025-03-29,C1095,P1019,M104,4,320.74,0.0,202.71
O10328,2024-05-19,C1492,P1052,M101,2,192.79,0.05,131.32
O10328,2024-05-19,C1492,P1100,M101,4,832.64,0.2,599.9
O10328,2024-05-19,C1492,P1009,M101,1,125.75,0.2,81.47
O10329,2025-03-22,C1287,P1113,M107,2,145.72,0.0,80.05
O10329,2025-03-22,C1287,P1003,M107,1,396.22,0.0,203.49
O10329,2025-03-22,C1287,P1101,M107,4,735.67,0.15,496.15
O10330,2024-06-09,C1329,P1102,M107,5,822.77,0.1,512.8
O10330,2024-06-09,C1329,P1012,M107,2,333.53,0.0,175.04
O10330,2024-06-09,C1329,P1047,M107,3,802.97,0.2,425.27
O10331,2025-06-25,C1455,P1016,M100,5,469.34,0.1,372.74
O10331,2025-06-25,C1455,P1074,M100,5,234.01,0.1,158.77
O10331,2025-06-25,C1455,P1025,M100,1,702.71,0.1,490.22
O10331,2025-06-25,C1455,P1046,M100,4,230.83,0.05,170.09
O10332,2025-09-24,C1370,P1028,M100,5,253.78,0.15,201.77
O10332,2025-09-24,C1370,P1082,M100,1,41.46,0.05,26.09
O10332,2025-09-24,C1370,P1071,M100,2,59.85,0.15,30.41
O10332,2025-09-24,C1370,P1031,M100,1,463.35,0.2,317.02
O10333,2025-07-20,C1274,P1100,M107,1,146.51,0.05,89.04
O10333,2025-07-20,C1274,P1112,M107,5,747.73,0.1,452.56
O10333,2025-07-20,C1274,P1099,M107,1,334.9,0.05,183.13
O10334,2024-10-06,C1010,P1052,M106,1,364.75,0.2,274.39
O10334,2024-10-06,C1010,P1116,M106,5,580.71,0.2,357.36
O10334,2024-10-06,C1010,P1029,M106,1,283.0,0.1,142.92
O10335,2025-07-12,C1142,P1082,M107,5,934.41,0.0,585.15
O10335,2025-07-12,C1142,P1105,M107,2,42.33,0.2,25.12
O10335,2025-07-12,C1142,P1014,M107,3,659.85,0.05,395.67
O10335,2025-07-12,C1142,P1103,M107,1,717.61,0.2,407.02
O10336,2024-09-24,C1060,P1087,M102,4,125.19,0.1,91.65
O10336,2024-09-24,C1060,P1019,M102,4,696.4,0.1,422.3
O10337,2024-02-17,C1161,P1078,M104,4,684.54,0.05,513.47
O10337,2024-02-17,C1161,P1008,M104,5,443.79,0.1,350.01
O10337,2024-02-17,C1161,P1077,M104,3,361.35,0.2,238.31
O10338,2025-03-31,C1077,P1028,M102,5,79.41,0.15,52.96
O10338,2025-03-31,C1077,P1089,M102,4,908.18,0.15,568.3
O10339,2024-06-05,C1012,P1012,M104,4,523.09,0.05,348.96
O10339,2024-06-05,C1012,P1111,M104,3,269.72,0.2,202.55
O10340,2025-11-15,C1033,P1072,M103,4,917.26,0.05,545.75
O10340,2025-11-15,C1033,P1019,M103,3,100.46,0.05,51.53
O10340,2025-11-15,C1033,P1002,M103,5,434.17,0.15,274.9
O10341,2024-04-07,C1252,P1061,M106,5,661.47,0.05,377.79
O10341,2024-04-07,C1252,P1055,M106,4,385.25,0.05,290.19
O10341,2024-04-07,C1252,P1058,M106,2,518.95,0.2,399.84
O10342,2025-01-14,C1364,P1070,M104,3,563.81,0.05,282.98
O10343,2025-11-24,C1331,P1066,M105,1,699.73,0.15,398.96
O10343,2025-11-24,C1331,P1014,M105,3,352.35,0.1,276.25
O10343,2025-11-24,C1331,P1071,M105,4,388.43,0.1,247.17
O10344,2024-05-16,C1179,P1015,M100,2,35.51,0.15,19.79
O10345,2024-12-03,C1168,P1039,M102,1,436.67,0.1,341.28
O10345,2024-12-03,C1168,P1114,M102,2,626.53,0.2,371.01
O10345,2024-12-03,C1168,P1066,M102,1,168.62,0.2,112.91
O10345,2024-12-03,C1168,P1082,M102,1,799.24,0.05,419.79
O10346,2025-07-05,C1309,P1038,M107,2,347.14,0.0,179.03
O10346,2025-07-05,C1309,P1102,M107,3,606.42,0.05,317.18
O10346,2025-07-05,C1309,P1096,M107,3,33.47,0.2,26.26
O10347,2024-10-23,C1001,P1008,M101,1,239.16,0.05,186.05
O10348,2024-12-29,C1170,P1107,M101,2,927.65,0.1,474.79
O10349,2025-10-17,C1081,P1045,M103,1,19.59,0.1,9.96
O10349,2025-10-17,C1081,P1047,M103,2,947.29,0.0,697.41
O10349,2025-10-17,C1081,P1017,M103,2,592.47,0.2,396.87
O10350,2025-08-09,C1069,P1028,M105,2,71.27,0.1,50.8
O10350,2025-08-09,C1069,P1100,M105,4,431.86,0.1,320.31
O10350,2025-08-09,C1069,P1082,M105,5,324.38,0.15,241.73
O10351,2025-08-09,C1020,P1103,M104,5,99.02,0.15,62.88
O10352,2024-02-02,C1220,P1087,M105,5,630.19,0.2,330.89
O10352,2024-02-02,C1220,P1106,M105,2,666.17,0.15,431.52
O10352,2024-02-02,C1220,P1113,M105,5,730.25,0.15,517.12
O10352,2024-02-02,C1220,P1049,M105,4,169.75,0.05,95.5
O10353,2025-08-12,C1105,P1016,M105,5,762.56,0.15,506.51
O10353,2025-08-12,C1105,P1036,M105,1,275.49,0.15,171.44
O10353,2025-08-12,C1105,P1119,M105,2,66.11,0.15,44.65
O10353,2025-08-12,C1105,P1065,M105,3,700.19,0.2,401.88
O10354,2025-10-26,C1104,P1020,M105,5,351.37,0.15,270.1
O10355,2024-06-01,C1331,P1092,M101,4,130.89,0.1,81.6
O10355,2024-06-01,C1331,P1055,M101,4,675.66,0.0,366.43
O10355,2024-06-01,C1331,P1115,M101,4,114.54,0.2,62.64
O10355,2024-06-01,C1331,P1023,M101,3,366.87,0.05,187.28
O10356,2024-07-11,C1163,P1110,M101,4,90.42,0.05,57.27
O10357,2025-07-19,C1346,P1004,M104,4,977.51,0.1,658.2
O10358,2024-05-17,C1048,P1035,M103,5,641.52,0.2,468.57
O10358,2024-05-17,C1048,P1015,M103,3,417.08,0.05,285.96
O10358,2024-05-17,C1048,P1002,M103,1,505.7,0.2,318.03
O10359,2024-04-11,C1365,P1108,M103,1,137.88,0.2,101.18
O10359,2024-04-11,C1365,P1109,M103,2,528.36,0.15,270.54
O10359,2024-04-11,C1365,P1070,M103,1,497.31,0.0,345.94
O10359,2024-04-11,C1365,P1045,M103,5,767.71,0.05,522.61
O10360,2024-11-13,C1440,P1106,M106,4,111.81,0.05,65.56
O10360,2024-11-13,C1440,P1118,M106,2,677.1,0.2,365.99
O10360,2024-11-13,C1440,P1054,M106,3,679.72,0.0,532.34
O10360,2024-11-13,C1440,P1014,M106,1,685.71,0.15,343.13
O10361,2024-04-19,C1347,P1018,M106,4,283.16,0.0,143.14
O10361,2024-04-19,C1347,P1111,M106,2,695.43,0.0,478.18
O10361,2024-04-19,C1347,P1034,M106,1,655.71,0.2,455.8
O10361,2024-04-19,C1347,P1116,M106,5,609.94,0.15,433.31
O10362,2024-12-24,C1202,P1078,M103,3,736.81,0.05,408.96
O10362,2024-12-24,C1202,P1021,M103,1,929.57,0.0,594.55
O10362,2024-12-24,C1202,P1080,M103,1,626.5,0.0,361.85
O10363,2025-10-08,C1103,P1012,M102,4,487.89,0.05,306.36
O10363,2025-10-08,C1103,P1091,M102,4,727.01,0.1,501.65
O10364,2025-11-19,C1062,P1053,M104,1,965.65,0.2,716.31
O10365,2024-11-20,C1315,P1051,M103,5,581.11,0.2,294.86
O10365,2024-11-20,C1315,P1014,M103,5,78.7,0.2,53.54
O10366,2025-01-29,C1198,P1099,M105,2,918.1,0.15,500.55
O10366,2025-01-29,C1198,P1077,M105,4,991.54,0.2,763.56
O10367,2025-08-26,C1376,P1066,M102,1,314.81,0.2,221.59
O10367,2025-08-26,C1376,P1039,M102,2,585.38,0.2,340.45
O10368,2024-05-12,C1362,P1056,M102,3,925.04,0.2,638.38
O10369,2025-04-29,C1009,P1019,M107,4,330.3,0.2,248.11
O10370,2025-01-02,C1270,P1056,M101,5,349.3,0.15,271.5
O10370,2025-01-02,C1270,P1104,M101,4,653.29,0.2,501.91
O10370,2025-01-02,C1270,P1117,M101,3,305.8,0.1,152.9
O10370,2025-01-02,C1270,P1022,M101,3,363.03,0.1,197.66
O10371,2025-06-05,C1049,P1104,M100,5,958.06,0.1,737.36
O10371,2025-06-05,C1049,P1102,M100,5,94.21,0.0,57.96
O10372,2024-12-27,C1445,P1040,M104,2,611.06,0.15,346.91
O10372,2024-12-27,C1445,P1015,M104,1,321.77,0.1,240.98
O10372,2024-12-27,C1445,P1033,M104,3,536.55,0.05,278.87
O10373,2024-12-01,C1258,P1021,M101,4,586.89,0.0,349.79
O10374,2024-03-01,C1383,P1064,M104,5,312.69,0.0,202.22
O10374,2024-03-01,C1383,P1087,M104,4,685.37,0.2,485.51
O10374,2024-03-01,C1383,P1073,M104,1,636.07,0.1,445.24
O10375,2025-09-12,C1294,P1001,M104,4,696.49,0.2,401.89
O10375,2025-09-12,C1294,P1107,M104,4,431.68,0.1,310.41
O10375,2025-09-12,C1294,P1052,M104,5,782.54,0.2,397.3
O10376,2025-11-08,C1066,P1025,M104,-4,448.6,0.2,331.49
O10376,2025-11-08,C1066,P1077,M104,3,204.28,0.15,135.91
O10376,2025-11-08,C1066,P1109,M104,2,116.96,0.05,68.94
O10377,2024-11-17,C1488,P1033,M105,-5,545.96,0.15,379.75
O10378,2024-03-03,C1048,P1100,M105,3,589.73,0.1,407.7
O10378,2024-03-03,C1048,P1057,M105,3,933.22,0.05,606.07
O10378,2024-03-03,C1048,P1022,M105,4,314.69,0.05,171.88
O10378,2024-03-03,C1048,P1070,M105,3,811.83,0.1,438.96
O10379,2025-05-10,C1118,P1072,M103,3,908.66,0.15,506.11
O10379,2025-05-10,C1118,P1113,M103,2,772.74,0.15,469.51
O10379,2025-05-10,C1118,P1031,M103,5,534.42,0.2,317.84
O10380,2025-10-29,C1487,P1035,M104,1,975.43,0.2,693.17
O10380,2025-10-29,C1487,P1023,M104,1,966.88,0.15,598.29
O10380,2025-10-29,C1487,P1105,M104,1,679.34,0.05,423.69
O10381,2024-03-21,C1435,P1042,M100,1,258.37,0.05,174.49
O10381,2024-03-21,C1435,P1111,M100,1,384.06,0.2,231.12
O10382,2025-06-01,C1404,P1039,M107,4,174.39,0.1,121.62
O10383,2025-12-13,C1336,P1017,M103,1,115.27,0.15,71.49
O10384,2025-08-19,C1096,P1020,M105,1,420.68,0.05,287.83
O10384,2025-08-19,C1096,P1015,M105,5,447.61,0.15,277.11
O10385,2025-04-03,C1182,P1032,M100,1,941.1,0.0,740.05
O10385,2025-04-03,C1182,P1101,M100,1,188.71,0.0,128.43
O10385,2025-04-03,C1182,P1029,M100,5,120.1,0.1,72.23
O10385,2025-04-03,C1182,P1042,M100,1,170.91,0.15,93.8
O10386,2025-08-25,C1489,P1006,M107,1,623.77,0.05,352.1
O10386,2025-08-25,C1489,P1021,M107,2,873.19,0.1,467.11
O10386,2025-08-25,C1489,P1023,M107,3,302.51,0.15,158.45
O10387,2024-12-10,C1258,P1011,M102,3,596.84,0.0,369.38
O10387,2024-12-10,C1258,P1031,M102,4,879.98,0.1,479.97
O10387,2024-12-10,C1258,P1073,M102,3,377.83,0.2,198.05
O10388,2025-09-27,C1052,P1048,M102,2,475.22,0.0,355.72
O10388,2025-09-27,C1052,P1051,M102,3,793.5,0.15,594.01
O10388,2025-09-27,C1052,P1020,M102,2,313.9,0.2,168.66
O10389,2025-04-27,C1264,P1083,M103,2,987.87,0.05,546.44
O10389,2025-04-27,C1264,P1112,M103,4,49.88,0.1,32.67
O10390,2025-06-09,C1368,P1085,M106,5,20.39,0.05,13.14
O10390,2025-06-09,C1368,P1007,M106,5,788.07,0.1,474.85
O10390,2025-06-09,C1368,P1046,M106,5,22.78,0.2,13.31
O10391,2024-03-22,C1027,P1081,M107,5,445.46,0.15,225.95
O10391,2024-03-22,C1027,P1102,M107,4,64.02,0.1,35.65
O10391,2024-03-22,C1027,P1069,M107,2,389.38,0.2,300.47
O10391,2024-03-22,C1027,P1038,M107,4,57.88,0.05,36.6
O10392,2024-12-12,C1456,P1075,M102,3,592.12,0.0,385.51
O10392,2024-12-12,C1456,P1079,M102,2,827.67,0.05,608.6
O10392,2024-12-12,C1456,P1085,M102,1,24.42,0.1,19.23
O10393,2024-07-28,C1464,P1034,M103,4,420.97,0.1,289.5
O10393,2024-07-28,C1464,P1105,M103,1,30.81,0.2,20.99
O10393,2024-07-28,C1464,P1111,M103,2,290.53,0.1,165.03
O10394,2025-02-24,C1020,P1040,M107,2,89.3,0.2,44.98
O10394,2025-02-24,C1020,P1050,M107,3,192.61,0.15,110.41
O10395,2025-08-14,C1363,P1092,M107,3,60.64,0.2,47.65
O10395,2025-08-14,C1363,P1013,M107,3,388.96,0.05,211.44
O10396,2024-04-25,C1218,P1084,M106,4,17.26,0.1,9.0
O10396,2024-04-25,C1218,P1063,M106,5,994.64,0.0,663.79
O10397,2024-07-19,C1453,P1105,M100,5,122.41,0.05,68.01
O10397,2024-07-19,C1453,P1033,M100,1,649.12,0.0,388.9
O10397,2024-07-19,C1453,P1053,M100,1,86.42,0.15,68.72
O10397,2024-07-19,C1453,P1022,M100,4,132.05,0.0,72.6
O10398,2025-09-01,C1088,P1078,M100,3,693.82,0.2,544.44
O10398,2025-09-01,C1088,P1070,M100,2,928.77,0.1,618.95
O10398,2025-09-01,C1088,P1022,M100,2,675.67,0.0,349.07
O10398,2025-09-01,C1088,P1035,M100,3,768.31,0.0,479.91
O10399,2024-10-01,C1245,P1093,M105,4,583.82,0.15,322.93
O10399,2024-10-01,C1245,P1032,M105,2,51.01,0.05,34.68
O10400,2025-03-13,C1215,P1074,M107,5,244.55,0.0,126.01
O10400,2025-03-13,C1215,P1038,M107,2,799.54,0.05,540.74
O10401,2024-08-27,C1392,P1058,M103,5,480.34,0.15,250.65
O10401,2024-08-27,C1392,P1107,M103,2,631.47,0.1,475.58
O10401,2024-08-27,C1392,P1112,M103,5,690.42,0.2,391.74
O10402,2024-02-15,C1252,P1010,M100,1,634.41,0.1,503.38
O10402,2024-02-15,C1252,P1056,M100,3,340.85,0.15,213.37
O10402,2024-02-15,C1252,P1027,M100,3,378.4,0.15,280.49
O10402,2024-02-15,C1252,P1055,M100,5,189.41,0.2,134.03
O10403,2025-12-23,C1479,P1000,M102,2,655.75,0.2,449.57
O10403,2025-12-23,C1479,P1099,M102,4,996.56,0.15,700.22
O10403,2025-12-23,C1479,P1003,M102,4,994.14,0.15,714.84
O10403,2025-12-23,C1479,P1028,M102,5,439.71,0.2,350.65
O10404,2024-03-02,C1356,P1015,M106,1,360.83,0.1,252.86
O10404,2024-03-02,C1356,P1109,M106,3,703.72,0.2,477.22
O10404,2024-03-02,C1356,P1069,M106,1,659.34,0.1,442.47
O10405,2025-06-04,C1195,P1113,M106,2,78.46,0.1,47.58
O10406,2024-03-27,C1006,P1060,M105,2,52.88,0.1,30.58
O10406,2024-03-27,C1006,P1081,M105,1,747.29,0.0,552.15
O10407,2025-03-21,C1007,P1007,M104,2,518.04,0.2,334.89
O10407,2025-03-21,C1007,P1076,M104,4,268.72,0.2,139.27
O10407,2025-03-21,C1007,P1094,M104,4,518.57,0.0,308.92
O10407,2025-03-21,C1007,P1106,M104,1,501.28,0.0,287.12
O10408,2025-12-10,C1203,P1047,M100,5,325.5,0.05,254.68
O10409,2025-12-02,C1261,P1017,M100,5,476.93,0.1,327.99
O10409,2025-12-02,C1261,P1004,M100,1,368.03,0.2,212.02
O10409,2025-12-02,C1261,P1025,M100,1,204.33,0.2,132.48
O10409,2025-12-02,C1261,P1091,M100,3,592.21,0.05,407.49
O10410,2024-09-25,C1137,P1112,M106,3,615.53,0.1,354.99
O10411,2025-11-12,C1068,P1052,M101,2,188.98,0.05,104.76
O10412,2025-07-23,C1485,P1071,M102,2,313.35,0.2,212.52
O10413,2025-04-13,C1014,P1042,M103,5,432.23,0.0,226.69
O10414,2025-09-29,C1375,P1028,M107,2,774.94,0.0,437.22
O10414,2025-09-29,C1375,P1099,M107,4,24.46,0.2,18.19
O10414,2025-09-29,C1375,P1011,M107,4,652.89,0.0,386.93
O10415,2025-09-06,C1379,P1084,M104,2,933.43,0.1,622.8
O10415,2025-09-06,C1379,P1061,M104,5,463.93,0.15,344.38
O10415,2025-09-06,C1379,P1067,M104,2,817.92,0.15,653.59
O10416,2024-01-08,C1193,P1087,M101,2,216.32,0.0,165.25
O10416,2024-01-08,C1193,P1018,M101,1,146.25,0.1,82.81
O10416,2024-01-08,C1193,P1059,M101,5,34.37,0.15,22.34
O10417,2024-01-14,C1476,P1029,M103,4,363.01,0.15,264.06
O10417,2024-01-14,C1476,P1083,M103,4,517.09,0.15,291.07
O10417,2024-01-14,C1476,P1092,M103,5,935.2,0.05,686.97
O10418,2025-10-26,C1367,P1014,M102,1,160.37,0.15,99.12
O10418,2025-10-26,C1367,P1089,M102,1,190.63,0.0,137.02
O10419,2025-02-08,C1418,P1066,M103,4,214.75,0.1,127.49
O10419,2025-02-08,C1418,P1081,M103,2,214.52,0.15,155.22
O10419,2025-02-08,C1418,P1011,M103,3,404.3,0.15,234.8
O10420,2024-02-04,C1152,P1108,M104,1,376.53,0.0,224.83
O10420,2024-02-04,C1152,P1018,M104,3,847.66,0.0,591.09
O10420,2024-02-04,C1152,P1062,M104,4,382.91,0.1,281.97
O10421,2024-10-27,C1355,P1079,M101,3,256.05,0.15,174.11
O10421,2024-10-27,C1355,P1094,M101,3,876.73,0.2,664.22
O10421,2024-10-27,C1355,P1062,M101,3,787.23,0.15,428.26
O10421,2024-10-27,C1355,P1051,M101,2,945.57,0.2,565.87
O10422,2024-06-26,C1333,P1105,M105,1,672.66,0.1,439.36
O10422,2024-06-26,C1333,P1011,M105,3,312.99,0.15,231.84
O10422,2024-06-26,C1333,P1090,M105,5,145.93,0.05,76.65
O10423,2025-01-27,C1266,P1000,M103,3,813.83,0.15,477.58
O10424,2025-04-26,C1019,P1104,M106,3,805.21,0.2,572.92
O10425,2024-07-24,C1228,P1103,M104,4,628.73,0.1,346.21
O10425,2024-07-24,C1228,P1042,M104,3,959.88,0.15,535.96
O10425,2024-07-24,C1228,P1012,M104,3,838.08,0.2,578.96
O10426,2024-03-10,C1267,P1047,M100,4,582.05,0.1,396.55
O10426,2024-03-10,C1267,P1037,M100,3,795.13,0.1,566.78
O10426,2024-03-10,C1267,P1031,M100,3,840.47,0.2,652.76
O10426,2024-03-10,C1267,P1052,M100,1,311.2,0.15,166.11
O10427,2025-12-29,C1225,P1007,M103,2,313.24,0.05,161.06
O10427,2025-12-29,C1225,P1098,M103,3,682.37,0.15,388.9
O10427,2025-12-29,C1225,P1031,M103,3,633.33,0.2,373.34
O10428,2024-07-30,C1427,P1060,M107,5,147.86,0.15,98.07
O10428,2024-07-30,C1427,P1047,M107,1,65.6,0.15,43.18
O10428,2024-07-30,C1427,P1081,M107,5,525.34,0.2,267.91
O10428,2024-07-30,C1427,P1083,M107,5,421.7,0.1,242.47
O10429,2024-07-27,C1235,P1041,M104,1,456.75,0.0,309.96
O10430,2025-08-06,C1059,P1115,M100,5,473.3,0.2,348.12
O10431,2025-07-30,C1324,P1005,M100,3,896.11,0.05,622.46
O10431,2025-07-30,C1324,P1095,M100,1,145.99,0.05,75.01
O10432,2025-06-15,C1207,P1047,M102,4,517.75,0.05,374.8
O10432,2025-06-15,C1207,P1038,M102,1,995.78,0.2,575.44
O10432,2025-06-15,C1207,P1091,M102,3,64.19,0.0,40.16
O10432,2025-06-15,C1207,P1045,M102,1,114.35,0.1,88.56
O10433,2025-09-29,C1010,P1006,M100,2,176.14,0.1,91.64
O10433,2025-09-29,C1010,P1041,M100,2,725.56,0.0,516.36
O10433,2025-09-29,C1010,P1079,M100,4,517.27,0.05,269.96
O10433,2025-09-29,C1010,P1059,M100,3,625.12,0.15,356.54
O10434,2025-10-01,C1237,P1058,M105,4,918.66,0.05,474.17
O10435,2024-07-13,C1061,P1051,M105,2,281.76,0.0,174.0
O10435,2024-07-13,C1061,P1096,M105,2,457.68,0.0,289.83
O10435,2024-07-13,C1061,P1061,M105,5,513.81,0.05,390.4
O10435,2024-07-13,C1061,P1002,M105,3,41.41,0.05,26.43
O10436,2025-10-04,C1242,P1004,M105,3,809.99,0.05,644.81
O10436,2025-10-04,C1242,P1030,M105,2,543.01,0.0,411.2
O10436,2025-10-04,C1242,P1004,M105,3,274.4,0.05,165.65
O10437,2025-07-16,C1288,P1019,M103,3,332.62,0.05,189.74
O10437,2025-07-16,C1288,P1010,M103,3,28.09,0.15,21.02
O10437,2025-07-16,C1288,P1015,M103,1,951.88,0.0,542.64
O10437,2025-07-16,C1288,P1049,M103,3,433.87,0.0,254.86
O10438,2024-05-25,C1105,P1019,M102,3,369.64,0.2,281.95
O10438,2024-05-25,C1105,P1020,M102,4,809.79,0.1,485.1
O10438,2024-05-25,C1105,P1011,M102,2,841.6,0.05,495.95
O10438,2024-05-25,C1105,P1085,M102,1,321.48,0.0,242.17
O10439,2025-10-17,C1133,P1040,M100,3,638.56,0.1,381.79
O10440,2025-04-04,C1026,P1096,M101,2,910.34,0.2,466.84
O10440,2025-04-04,C1026,P1096,M101,5,549.18,0.2,302.91
O10440,2025-04-04,C1026,P1028,M101,1,254.49,0.2,137.86
O10441,2024-06-24,C1145,P1069,M100,3,855.4,0.05,559.03
O10442,2025-02-02,C1338,P1063,M102,1,838.06,0.1,422.65
O10443,2025-12-16,C1183,P1061,M105,3,889.31,0.15,606.31
O10443,2025-12-16,C1183,P1012,M105,4,296.08,0.2,182.98
O10444,2025-10-29,C1448,P1022,M107,3,703.93,0.05,417.5
O10444,2025-10-29,C1448,P1060,M107,5,831.52,0.0,576.79
O10444,2025-10-29,C1448,P1071,M107,5,407.48,0.1,249.87
O10444,2025-10-29,C1448,P1109,M107,5,194.1,0.05,109.27
O10445,2024-11-26,C1468,P1023,M107,4,969.92,0.0,497.5
O10445,2024-11-26,C1468,P1000,M107,5,854.4,0.1,670.13
O10445,2024-11-26,C1468,P1022,M107,5,508.65,0.05,270.91
O10445,2024-11-26,C1468,P1074,M107,5,349.17,0.1,194.7
O10446,2024-12-18,C1101,P1112,M100,2,455.78,0.0,353.36
O10446,2024-12-18,C1101,P1005,M100,3,827.68,0.05,643.29
O10446,2024-12-18,C1101,P1070,M100,1,341.44,0.15,235.83
O10447,2024-11-28,C1465,P1009,M104,2,157.02,0.05,110.96
O10447,2024-11-28,C1465,P1113,M104,5,388.3,0.0,243.77
O10447,2024-11-28,C1465,P1096,M104,3,245.11,0.05,164.06
O10447,2024-11-28,C1465,P1072,M104,4,604.94,0.0,397.94
O10448,2024-01-30,C1170,P1063,M105,3,715.54,0.1,529.7
O10448,2024-01-30,C1170,P1037,M105,2,384.44,0.05,294.14
O10449,2025-05-14,C1206,P1090,M104,1,687.03,0.05,408.67
O10449,2025-05-14,C1206,P1070,M104,2,728.03,0.1,383.03
O10450,2025-04-23,C1002,P1082,M100,1,89.78,0.0,47.31
O10450,2025-04-23,C1002,P1092,M100,5,850.43,0.0,487.86
O10450,2025-04-23,C1002,P1036,M100,1,349.41,0.0,191.65
O10450,2025-04-23,C1002,P1080,M100,2,744.15,0.2,471.14
O10451,2024-02-03,C1403,P1032,M103,5,558.45,0.2,426.09
O10452,2025-12-29,C1151,P1086,M102,2,174.57,0.2,118.67
O10452,2025-12-29,C1151,P1058,M102,1,378.36,0.0,202.22
O10452,2025-12-29,C1151,P1062,M102,4,952.54,0.15,642.91
O10453,2024-04-09,C1350,P1071,M100,3,63.97,0.2,36.92
O10453,2024-04-09,C1350,P1024,M100,4,234.71,0.1,123.49
O10453,2024-04-09,C1350,P1000,M100,2,429.53,0.05,248.49
O10454,2025-05-31,C1132,P1047,M106,1,450.4,0.2,250.92
O10455,2024-07-10,C1006,P1000,M101,1,910.45,0.0,536.96
O10455,2024-07-10,C1006,P1017,M101,4,813.69,0.1,512.71
O10456,2025-05-17,C1318,P1015,M101,2,369.62,0.15,272.55
O10456,2025-05-17,C1318,P1020,M101,4,807.05,0.2,583.86
O10457,2024-08-06,C1182,P1007,M101,1,60.75,0.05,31.51
O10457,2024-08-06,C1182,P1106,M101,2,587.59,0.15,402.95
O10457,2024-08-06,C1182,P1096,M101,4,194.56,0.0,110.07
O10458,2025-05-09,C1222,P1031,M103,2,212.02,0.0,153.63
O10459,2025-11-09,C1150,P1054,M103,5,386.68,0.1,305.55
O10459,2025-11-09,C1150,P1114,M103,5,401.82,0.05,252.4
O10460,2025-01-03,C1162,P1031,M100,1,898.98,0.15,593.95
O10461,2025-07-29,C1358,P1023,M107,2,670.06,0.2,376.44
O10461,2025-07-29,C1358,P1048,M107,4,63.24,0.05,50.16
O10462,2024-10-28,C1108,P1001,M101,5,666.68,0.15,480.98
O10462,2024-10-28,C1108,P1083,M101,4,730.84,0.1,473.37
O10462,2024-10-28,C1108,P1038,M101,2,857.0,0.1,516.34
O10463,2025-11-18,C1084,P1107,M100,5,520.52,0.2,400.39
O10463,2025-11-18,C1084,P1001,M100,2,334.56,0.1,228.92
O10463,2025-11-18,C1084,P1046,M100,5,399.7,0.1,240.62
O10463,2025-11-18,C1084,P1090,M100,3,852.89,0.2,625.2
O10464,2025-12-06,C1076,P1017,M106,3,683.58,0.1,375.73
O10464,2025-12-06,C1076,P1008,M106,5,539.99,0.1,301.83
O10464,2025-12-06,C1076,P1106,M106,1,522.9,0.2,392.68
O10465,2024-05-09,C1003,P1092,M105,2,670.26,0.1,396.71
O10465,2024-05-09,C1003,P1047,M105,2,930.86,0.15,491.32
O10465,2024-05-09,C1003,P1010,M105,2,62.3,0.05,33.04
O10465,2024-05-09,C1003,P1043,M105,3,309.75,0.1,199.69
O10466,2025-01-12,C1133,P1096,M100,4,182.84,0.05,112.25
O10466,2025-01-12,C1133,P1008,M100,1,970.12,0.2,521.18
O10466,2025-01-12,C1133,P1047,M100,4,764.59,0.05,424.45
O10467,2025-09-18,C1032,P1087,M104,5,670.02,0.0,456.11
O10467,2025-09-18,C1032,P1081,M104,1,413.81,0.05,248.42
O10467,2025-09-18,C1032,P1011,M104,5,730.73,0.2,541.87
O10467,2025-09-18,C1032,P1018,M104,4,94.12,0.15,61.37
O10468,2024-04-19,C1286,P1074,M105,2,283.99,0.2,153.65
O10468,2024-04-19,C1286,P1108,M105,4,923.42,0.0,552.54
O10468,2024-04-19,C1286,P1064,M105,5,480.02,0.15,362.73
O10468,2024-04-19,C1286,P1023,M105,2,59.16,0.1,42.73
O10469,2025-10-12,C1130,P1072,M105,3,94.55,0.2,61.97
O10470,2024-04-24,C1021,P1024,M107,5,288.54,0.0,181.42
O10470,2024-04-24,C1021,P1007,M107,4,115.1,0.15,65.83
O10470,2024-04-24,C1021,P1093,M107,3,262.8,0.0,192.01
O10471,2025-09-26,C1392,P1114,M100,2,581.04,0.1,428.56
O10472,2025-10-21,C1418,P1019,M105,1,62.22,0.2,44.53
O10472,2025-10-21,C1418,P1077,M105,1,845.55,0.05,448.28
O10473,2025-07-30,C1068,P1034,M105,5,49.52,0.1,37.55
O10474,2024-02-25,C1217,P1034,M103,5,575.2,0.2,440.28
O10474,2024-02-25,C1217,P1057,M103,5,108.5,0.15,86.58
O10474,2024-02-25,C1217,P1028,M103,2,970.37,0.15,635.58
O10475,2024-10-22,C1269,P1020,M102,5,703.86,0.15,531.03
O10475,2024-10-22,C1269,P1016,M102,2,461.09,0.1,258.41
O10475,2024-10-22,C1269,P1060,M102,3,289.1,0.0,152.84
O10475,2024-10-22,C1269,P1086,M102,2,65.66,0.05,50.81
O10476,2025-05-25,C1403,P1047,M104,5,172.95,0.2,102.94
O10476,2025-05-25,C1403,P1009,M104,3,853.53,0.1,452.98
O10476,2025-05-25,C1403,P1002,M104,4,907.17,0.15,715.85
O10476,2025-05-25,C1403,P1072,M104,5,862.06,0.15,451.65
O10477,2024-08-29,C1099,P1046,M107,5,400.15,0.05,269.18
O10478,2024-06-26,C1322,P1049,M101,4,804.02,0.2,531.62
O10479,2024-08-12,C1419,P1086,M102,3,900.26,0.2,523.47
O10480,2025-01-16,C1084,P1085,M102,2,846.52,0.15,595.04
O10480,2025-01-16,C1084,P1075,M102,4,758.89,0.0,427.04
O10481,2024-05-27,C1476,P1090,M104,4,620.46,0.2,495.53
O10481,2024-05-27,C1476,P1000,M104,5,473.87,0.2,299.89
O10481,2024-05-27,C1476,P1039,M104,5,139.05,0.2,110.65
O10482,2024-07-23,C1396,P1024,M106,5,324.73,0.15,205.8
O10482,2024-07-23,C1396,P1114,M106,5,308.79,0.0,162.43
O10482,2024-07-23,C1396,P1010,M106,4,409.0,0.15,252.1
O10483,2025-02-18,C1264,P1042,M107,3,142.36,0.05,103.27
O10483,2025-02-18,C1264,P1099,M107,2,493.24,0.05,300.39
O10484,2024-12-18,C1166,P1117,M100,2,434.36,0.2,260.46
O10484,2024-12-18,C1166,P1080,M100,1,767.66,0.1,431.0
O10484,2024-12-18,C1166,P1114,M100,1,243.23,0.2,150.74
O10484,2024-12-18,C1166,P1070,M100,3,211.45,0.15,163.99
O10485,2025-10-31,C1171,P1084,M103,4,976.85,0.15,558.47
O10485,2025-10-31,C1171,P1054,M103,5,440.19,0.2,332.41
O10485,2025-10-31,C1171,P1090,M103,3,948.21,0.0,566.9
O10485,2025-10-31,C1171,P1018,M103,1,597.13,0.2,407.52
O10486,2025-03-26,C1215,P1078,M107,5,250.12,0.15,142.19
O10486,2025-03-26,C1215,P1079,M107,4,238.08,0.05,152.92
O10486,2025-03-26,C1215,P1020,M107,2,127.06,0.1,65.72
O10487,2025-10-09,C1094,P1098,M106,3,581.44,0.05,395.0
O10487,2025-10-09,C1094,P1105,M106,4,704.09,0.0,475.68
O10487,2025-10-09,C1094,P1097,M106,2,934.64,0.1,611.58
O10487,2025-10-09,C1094,P1033,M106,1,720.09,0.0,532.39
O10488,2024-04-18,C1376,P1007,M102,3,462.32,0.15,297.1
O10488,2024-04-18,C1376,P1112,M102,3,700.19,0.05,531.37
O10489,2025-08-17,C1204,P1053,M104,4,78.07,0.2,48.81
O10490,2025-04-14,C1012,P1073,M101,4,211.95,0.2,109.93
O10490,2025-04-14,C1012,P1095,M101,4,318.27,0.2,186.91
O10490,2025-04-14,C1012,P1107,M101,2,841.06,0.1,497.46
O10490,2025-04-14,C1012,P1062,M101,2,183.92,0.15,108.39
O10491,2024-06-18,C1068,P1014,M100,4,973.53,0.15,553.2
O10491,2024-06-18,C1068,P1006,M100,4,84.55,0.1,66.12
O10491,2024-06-18,C1068,P1089,M100,5,17.07,0.05,10.22
O10492,2024-03-29,C1471,P1061,M105,5,455.73,0.05,324.89
O10493,2024-01-23,C1184,P1062,M101,4,708.56,0.2,374.83
O10493,2024-01-23,C1184,P1007,M101,4,961.8,0.2,701.88
O10493,2024-01-23,C1184,P1087,M101,1,31.63,0.2,16.0
O10494,2025-02-13,C1213,P1053,M100,4,609.84,0.1,309.88
O10494,2025-02-13,C1213,P1111,M100,4,566.32,0.2,412.6
O10494,2025-02-13,C1213,P1020,M100,1,572.75,0.1,378.39
O10494,2025-02-13,C1213,P1119,M100,2,258.36,0.0,198.47
O10495,2025-12-13,C1015,P1018,M101,2,492.53,0.15,383.22
O10496,2024-06-28,C1432,P1091,M105,4,458.3,0.0,360.99
O10496,2024-06-28,C1432,P1006,M105,5,584.03,0.0,340.9
O10496,2024-06-28,C1432,P1095,M105,1,998.81,0.1,745.29
O10497,2025-10-29,C1198,P1012,M104,3,91.75,0.1,65.97
O10497,2025-10-29,C1198,P1048,M104,5,515.36,0.15,306.61
O10497,2025-10-29,C1198,P1008,M104,5,870.98,0.1,503.09
O10497,2025-10-29,C1198,P1025,M104,1,910.5,0.0,626.03
O10498,2025-11-13,C1426,P1069,M107,3,948.89,0.05,747.94
O10498,2025-11-13,C1426,P1086,M107,4,790.32,0.1,456.24
O10498,2025-11-13,C1426,P1097,M107,4,751.21,0.2,599.94
O10498,2025-11-13,C1426,P1030,M107,5,956.28,0.0,731.35
O10499,2024-08-24,C1391,P1063,M105,5,65.15,0.0,49.25
O10499,2024-08-24,C1391,P1081,M105,4,846.56,0.2,481.0
O10499,2024-08-24,C1391,P1118,M105,3,112.72,0.2,73.78
O10499,2024-08-24,C1391,P1084,M105,1,671.32,0.05,410.37
O10500,2025-12-18,C1428,P1049,M101,3,178.76,0.0,137.42
O10500,2025-12-18,C1428,P1005,M101,4,247.25,0.15,159.54
O10500,2025-12-18,C1428,P1115,M101,5,518.73,0.1,312.6
O10501,2024-06-18,C1177,P1093,M105,4,708.44,0.2,401.91
O10502,2024-07-13,C1450,P1022,M106,1,243.64,0.1,122.48
O10502,2024-07-13,C1450,P1056,M106,4,517.73,0.1,368.67
O10502,2024-07-13,C1450,P1118,M106,3,148.06,0.2,84.87
O10503,2025-07-23,C1045,P1036,M105,2,378.32,0.05,204.07
O10503,2025-07-23,C1045,P1028,M105,3,400.53,0.1,286.56
O10503,2025-07-23,C1045,P1084,M105,3,958.56,0.2,627.08
O10504,2024-03-10,C1001,P1101,M106,4,839.08,0.0,643.33
O10504,2024-03-10,C1001,P1088,M106,2,530.83,0.15,302.09
O10505,2024-12-16,C1450,P1023,M107,4,823.53,0.0,499.09
O10506,2025-02-10,C1090,P1049,M104,1,57.43,0.05,34.24
O10507,2024-03-21,C1084,P1070,M102,2,16.73,0.15,13.26
O10507,2024-03-21,C1084,P1068,M102,2,781.57,0.15,621.35
O10507,2024-03-21,C1084,P1015,M102,4,411.06,0.0,293.82
O10508,2025-08-30,C1434,P1033,M106,4,387.08,0.05,200.98
O10508,2025-08-30,C1434,P1080,M106,5,742.19,0.05,558.49
O10508,2025-08-30,C1434,P1114,M106,2,423.22,0.1,330.68
O10509,2024-06-07,C1020,P1056,M100,2,127.83,0.2,71.55
O10509,2024-06-07,C1020,P1071,M100,1,624.03,0.05,335.54
O10509,2024-06-07,C1020,P1015,M100,1,278.43,0.1,173.56
O10510,2025-09-20,C1387,P1069,M100,2,17.32,0.2,10.57
O10510,2025-09-20,C1387,P1113,M100,4,872.87,0.1,645.96
O10510,2025-09-20,C1387,P1091,M100,1,310.25,0.1,179.96
O10510,2025-09-20,C1387,P1010,M100,4,437.91,0.2,331.72
O10511,2024-10-09,C1483,P1033,M103,5,366.08,0.0,203.12
O10512,2025-12-03,C1199,P1115,M107,1,70.3,0.0,56.09
O10512,2025-12-03,C1199,P1042,M107,5,415.09,0.15,229.46
O10513,2025-05-25,C1270,P1006,M103,3,768.58,0.1,571.43
O10513,2025-05-25,C1270,P1001,M103,3,817.93,0.15,587.36
O10513,2025-05-25,C1270,P1048,M103,4,853.27,0.2,484.27
O10514,2024-01-29,C1218,P1030,M101,5,573.29,0.2,444.03
O10514,2024-01-29,C1218,P1096,M101,1,402.82,0.2,201.66
O10515,2025-04-03,C1339,P1099,M100,5,523.1,0.2,350.89
O10516,2024-12-11,C1016,P1046,M106,2,717.32,0.1,369.67
O10516,2024-12-11,C1016,P1056,M106,3,454.78,0.2,269.72
O10516,2024-12-11,C1016,P1046,M106,1,133.37,0.15,79.6
O10517,2025-08-27,C1486,P1098,M101,2,451.71,0.15,243.92
O10517,2025-08-27,C1486,P1005,M101,1,460.52,0.2,272.28
O10517,2025-08-27,C1486,P1095,M101,2,900.75,0.15,481.17
O10518,2024-12-11,C1209,P1118,M101,4,48.37,0.2,35.28
O10518,2024-12-11,C1209,P1075,M101,1,463.78,0.2,236.67
O10518,2024-12-11,C1209,P1007,M101,5,867.52,0.1,509.93
O10519,2024-09-24,C1479,P1101,M101,2,272.46,0.1,192.76
O10519,2024-09-24,C1479,P1022,M101,2,228.12,0.1,147.49
O10519,2024-09-24,C1479,P1107,M101,2,532.91,0.0,309.16
O10520,2025-10-15,C1366,P1068,M104,5,653.06,0.2,351.82
O10520,2025-10-15,C1366,P1075,M104,4,629.79,0.1,374.55
O10521,2024-06-24,C1168,P1042,M105,5,58.82,0.05,45.28
O10521,2024-06-24,C1168,P1099,M105,3,391.21,0.15,267.24
O10522,2025-03-04,C1256,P1117,M107,2,511.93,0.1,368.99
O10522,2025-03-04,C1256,P1104,M107,5,859.62,0.05,517.74
O10522,2025-03-04,C1256,P1083,M107,4,469.36,0.2,365.73
O10523,2025-09-14,C1365,P1021,M106,1,998.22,0.1,716.32
O10523,2025-09-14,C1365,P1083,M106,5,413.82,0.05,215.01
O10523,2025-09-14,C1365,P1032,M106,3,684.14,0.1,474.93
O10524,2024-02-10,C1077,P1021,M105,3,543.8,0.15,432.18
O10524,2024-02-10,C1077,P1038,M105,1,754.28,0.15,386.18
O10524,2024-02-10,C1077,P1075,M105,3,106.05,0.15,71.88
O10524,2024-02-10,C1077,P1119,M105,2,64.55,0.05,41.25
O10525,2025-02-18,C1394,P1070,M101,5,947.41,0.05,562.28
O10526,2024-06-04,C1208,P1028,M100,5,75.39,0.0,59.88
O10527,2025-08-30,C1372,P1109,M104,5,361.73,0.2,262.2
O10528,2025-10-07,C1097,P1062,M105,2,718.17,0.15,371.39
O10528,2025-10-07,C1097,P1097,M105,5,134.0,0.1,71.12
O10529,2024-02-02,C1443,P1091,M103,5,148.3,0.2,94.13
O10529,2024-02-02,C1443,P1092,M103,3,86.2,0.1,64.34
O10530,2025-04-29,C1021,P1057,M104,2,577.03,0.0,440.35
O10530,2025-04-29,C1021,P1025,M104,1,555.06,0.2,319.87
O10531,2025-07-31,C1056,P1030,M106,5,762.43,0.15,498.79
O10531,2025-07-31,C1056,P1064,M106,2,348.97,0.0,184.05
O10531,2025-07-31,C1056,P1088,M106,2,755.59,0.15,420.46
O10532,2025-01-19,C1448,P1103,M105,5,66.43,0.0,49.96
O10532,2025-01-19,C1448,P1079,M105,4,118.4,0.2,70.81
O10533,2024-11-03,C1248,P1029,M100,1,291.22,0.1,169.57
O10534,2024-04-10,C1105,P1048,M106,2,446.33,0.0,306.94
O10535,2024-08-22,C1049,P1009,M101,4,718.46,0.2,504.77
O10535,2024-08-22,C1049,P1066,M101,2,358.96,0.1,254.2
O10535,2024-08-22,C1049,P1114,M101,2,679.43,0.2,466.04
O10535,2024-08-22,C1049,P1057,M101,2,517.71,0.0,275.26
O10536,2024-04-24,C1202,P1063,M107,3,606.23,0.05,415.56
O10536,2024-04-24,C1202,P1113,M107,2,80.08,0.05,60.09
O10536,2024-04-24,C1202,P1068,M107,4,676.1,0.15,510.63
O10536,2024-04-24,C1202,P1071,M107,4,644.04,0.0,405.49
O10537,2024-12-31,C1060,P1090,M107,5,43.09,0.0,23.7
O10537,2024-12-31,C1060,P1012,M107,3,225.55,0.15,116.03
O10538,2024-09-02,C1235,P1095,M100,5,219.6,0.05,159.8
O10538,2024-09-02,C1235,P1100,M100,4,230.06,0.1,159.61
O10538,2024-09-02,C1235,P1034,M100,1,357.27,0.0,259.54
O10538,2024-09-02,C1235,P1049,M100,3,912.52,0.2,567.26
O10539,2025-03-08,C1158,P1107,M103,2,12.3,0.05,7.24
O10539,2025-03-08,C1158,P1007,M103,2,64.89,0.1,41.36
O10539,2025-03-08,C1158,P1045,M103,4,273.03,0.05,152.62
O10540,2024-09-07,C1351,P1078,M101,2,907.92,0.15,602.59
O10540,2024-09-07,C1351,P1070,M101,5,946.26,0.15,621.0
O10540,2024-09-07,C1351,P1116,M101,4,196.42,0.15,106.69
O10541,2024-10-31,C1260,P1061,M100,1,519.64,0.1,383.84
O10541,2024-10-31,C1260,P1063,M100,3,139.02,0.1,100.11
O10541,2024-10-31,C1260,P1070,M100,5,106.63,0.15,56.09
O10541,2024-10-31,C1260,P1119,M100,4,823.26,0.05,442.41
O10542,2024-11-04,C1026,P1025,M104,2,541.9,0.2,306.44
O10543,2025-06-25,C1106,P1104,M102,4,632.45,0.2,323.63
O10544,2024-09-24,C1218,P1061,M104,5,436.67,0.15,292.94
O10544,2024-09-24,C1218,P1030,M104,1,430.54,0.0,236.4
O10544,2024-09-24,C1218,P1001,M104,4,16.77,0.1,11.83
O10544,2024-09-24,C1218,P1045,M104,2,689.81,0.1,510.16
O10545,2024-07-12,C1105,P1114,M103,3,231.38,0.1,178.87
O10545,2024-07-12,C1105,P1054,M103,4,634.33,0.15,376.23
O10545,2024-07-12,C1105,P1091,M103,1,107.36,0.05,83.97
O10546,2024-12-07,C1320,P1119,M103,5,876.0,0.0,602.02
O10546,2024-12-07,C1320,P1016,M103,4,76.61,0.0,44.54
O10546,2024-12-07,C1320,P1077,M103,5,636.85,0.0,367.56
O10546,2024-12-07,C1320,P1093,M103,2,37.84,0.2,22.32
O10547,2024-05-08,C1176,P1006,M104,2,154.64,0.15,118.99
O10547,2024-05-08,C1176,P1055,M104,3,655.76,0.1,498.75
O10548,2024-06-01,C1364,P1099,M103,2,116.38,0.2,78.43
O10548,2024-06-01,C1364,P1110,M103,2,276.93,0.05,139.05
O10549,2024-05-31,C1140,P1043,M107,1,219.32,0.15,136.88
O10549,2024-05-31,C1140,P1071,M107,1,965.79,0.2,507.22
O10549,2024-05-31,C1140,P1017,M107,2,797.16,0.2,632.33
O10549,2024-05-31,C1140,P1080,M107,1,71.14,0.0,41.96
O10550,2025-04-18,C1496,P1064,M107,2,279.0,0.1,156.55
O10550,2025-04-18,C1496,P1103,M107,5,97.51,0.05,60.44
O10551,2025-06-04,C1467,P1092,M100,3,633.39,0.0,451.41
O10551,2025-06-04,C1467,P1081,M100,4,146.36,0.0,73.99
O10551,2025-06-04,C1467,P1020,M100,1,661.37,0.15,486.74
O10552,2024-05-10,C1404,P1013,M106,2,312.84,0.2,198.27
O10552,2024-05-10,C1404,P1107,M106,4,615.03,0.1,374.09
O10553,2024-11-20,C1184,P1085,M106,2,640.93,0.1,512.02
O10554,2025-08-28,C1143,P1043,M102,2,638.58,0.2,385.34
O10554,2025-08-28,C1143,P1110,M102,4,599.46,0.05,446.05
O10554,2025-08-28,C1143,P1054,M102,4,608.26,0.05,380.29
O10555,2025-12-09,C1039,P1068,M105,5,630.5,0.15,318.4
O10556,2025-03-24,C1062,P1027,M106,5,244.11,0.05,147.34
O10557,2024-03-03,C1163,P1004,M103,5,326.82,0.05,179.34
O10557,2024-03-03,C1163,P1013,M103,1,200.42,0.0,140.15
O10557,2024-03-03,C1163,P1065,M103,3,764.74,0.1,384.35
O10557,2024-03-03,C1163,P1093,M103,2,440.94,0.1,288.99
O10558,2024-03-09,C1315,P1071,M102,2,753.04,0.15,538.74
O10558,2024-03-09,C1315,P1097,M102,3,879.2,0.0,501.06
O10558,2024-03-09,C1315,P1027,M102,2,186.11,0.2,117.63
O10559,2025-09-21,C1300,P1063,M104,5,831.64,0.05,564.92
O10559,2025-09-21,C1300,P1060,M104,5,38.88,0.1,24.67
O10560,2024-10-23,C1124,P1099,M103,3,704.13,0.2,484.47
O10560,2024-10-23,C1124,P1018,M103,5,995.69,0.05,629.73
O10560,2024-10-23,C1124,P1044,M103,1,570.19,0.0,433.74
O10560,2024-10-23,C1124,P1015,M103,2,456.62,0.05,308.62
O10561,2025-08-18,C1240,P1110,M104,4,200.39,0.2,115.24
O10561,2025-08-18,C1240,P1086,M104,2,537.72,0.1,371.63
O10561,2025-08-18,C1240,P1046,M104,3,138.09,0.05,107.57
O10562,2025-08-23,C1362,P1100,M104,5,452.41,0.2,267.25
O10562,2025-08-23,C1362,P1056,M104,1,172.92,0.05,130.72
O10562,2025-08-23,C1362,P1070,M104,2,713.32,0.05,383.46
O10563,2024-12-05,C1062,P1053,M100,3,93.37,0.1,65.35
O10563,2024-12-05,C1062,P1056,M100,1,717.75,0.05,566.84
O10563,2024-12-05,C1062,P1020,M100,4,962.59,0.1,552.18
O10564,2025-01-04,C1221,P1024,M102,4,779.05,0.1,390.66
O10564,2025-01-04,C1221,P1063,M102,5,893.54,0.2,583.26
O10564,2025-01-04,C1221,P1011,M102,5,255.8,0.1,168.83
O10564,2025-01-04,C1221,P1066,M102,3,687.88,0.2,393.26
O10565,2024-11-24,C1371,P1088,M104,4,214.73,0.0,108.63
O10565,2024-11-24,C1371,P1093,M104,2,112.6,0.1,67.73
O10566,2025-05-31,C1461,P1094,M104,2,683.45,0.1,425.37
O10566,2025-05-31,C1461,P1040,M104,5,168.07,0.0,85.62
O10567,2025-06-06,C1335,P1053,M101,5,626.32,0.05,482.08
O10567,2025-06-06,C1335,P1045,M101,5,812.83,0.2,612.27
O10567,2025-06-06,C1335,P1115,M101,3,412.4,0.15,266.07
O10568,2024-07-05,C1124,P1017,M105,5,675.62,0.1,355.53
O10569,2024-10-07,C1048,P1022,M101,4,223.45,0.15,126.28
O10569,2024-10-07,C1048,P1021,M101,5,296.26,0.1,164.39
O10570,2024-10-28,C1154,P1042,M104,3,158.41,0.0,92.2
O10571,2024-12-25,C1385,P1076,M106,5,983.03,0.15,504.66
O10571,2024-12-25,C1385,P1035,M106,1,23.87,0.0,12.04
O10572,2024-09-25,C1094,P1113,M100,2,669.29,0.2,403.25
O10572,2024-09-25,C1094,P1104,M100,4,546.6,0.2,390.33
O10572,2024-09-25,C1094,P1030,M100,5,81.49,0.05,43.82
O10573,2025-07-05,C1466,P1038,M105,1,767.5,0.0,418.15
O10574,2025-10-30,C1027,P1009,M107,1,541.16,0.2,412.21
O10574,2025-10-30,C1027,P1090,M107,4,611.7,0.0,482.45
O10574,2025-10-30,C1027,P1013,M107,4,764.91,0.05,526.3
O10574,2025-10-30,C1027,P1102,M107,5,41.03,0.1,28.17
O10575,2024-08-02,C1427,P1106,M104,4,506.85,0.0,273.57
O10576,2024-04-07,C1231,P1086,M101,2,672.57,0.05,388.88
O10576,2024-04-07,C1231,P1022,,5,854.75,0.0,452.82
O10576,2024-04-07,C1231,P1065,M101,4,137.61,0.05,69.46
O10577,2024-04-04,C1075,P1013,M104,2,626.91,0.1,483.26
O10577,2024-04-04,C1075,P1080,M104,4,105.67,0.2,60.31
O10578,2025-11-23,C1106,P1042,M104,1,765.52,0.05,411.88
O10579,2025-04-15,C1130,P1032,M105,4,597.64,0.15,350.66
O10579,2025-04-15,C1130,P1072,M105,3,169.25,0.05,107.64
O10579,2025-04-15,C1130,P1052,M105,5,114.74,0.0,60.09
O10579,2025-04-15,C1130,P1102,M105,5,936.8,0.0,569.99
O10580,2024-02-14,C1477,P1080,M101,2,540.33,0.15,364.89
O10580,2024-02-14,C1477,P1061,M101,5,498.05,0.2,369.37
O10580,2024-02-14,C1477,P1006,M101,1,833.62,0.05,563.84
O10581,2025-09-12,C1412,P1109,M105,5,728.8,0.1,416.51
O10581,2025-09-12,C1412,P1037,M105,3,608.53,0.05,365.25
O10582,2024-06-23,C1417,P1022,M104,4,978.55,0.2,520.47
O10583,2025-09-22,C1175,P1044,M101,2,178.83,0.0,91.3
O10583,2025-09-22,C1175,P1017,M101,3,548.67,0.15,323.47
O10583,2025-09-22,C1175,P1085,M101,5,965.86,0.15,563.52
O10583,2025-09-22,C1175,P1025,M101,1,502.54,0.1,365.78
O10584,2024-10-28,C1349,P1095,M105,2,85.86,0.2,43.47
O10584,2024-10-28,C1349,P1018,M105,3,494.39,0.0,354.39
O10584,2024-10-28,C1349,P1025,M105,5,212.93,0.05,143.73
O10585,2024-10-20,C1133,P1060,M101,5,854.02,0.05,651.04
O10585,2024-10-20,C1133,P1008,M101,2,434.6,0.1,335.41
O10585,2024-10-20,C1133,P1063,M101,2,274.85,0.15,144.18
O10586,2025-12-03,C1421,P1055,M107,5,587.44,0.1,360.03
O10586,2025-12-03,C1421,P1022,M107,4,549.38,0.05,425.44
O10586,2025-12-03,C1421,P1100,M107,1,662.31,0.15,475.93
O10587,2024-06-04,C1133,P1109,M106,3,210.06,0.15,105.28
O10587,2024-06-04,C1133,P1011,M106,3,804.25,0.15,577.66
O10588,2025-11-11,C1074,P1059,M106,3,159.75,0.1,97.89
O10588,2025-11-11,C1074,P1088,M106,5,544.27,0.05,323.32
O10588,2025-11-11,C1074,P1039,M106,4,111.31,0.15,79.01
O10588,2025-11-11,C1074,P1084,M106,3,803.81,0.1,515.56
O10589,2025-03-22,C1450,P1002,M103,2,117.32,0.2,62.81
O10589,2025-03-22,C1450,P1111,M103,2,176.44,0.05,89.67
O10589,2025-03-22,C1450,P1069,M103,2,628.84,0.1,347.41
O10589,2025-03-22,C1450,P1020,M103,4,544.82,0.2,390.87
O10590,2024-10-10,C1257,P1107,M101,4,683.17,0.0,493.94
O10590,2024-10-10,C1257,P1086,M101,3,995.66,0.2,544.06
O10591,2024-03-30,C1214,P1086,M104,4,25.69,0.2,19.69
O10591,2024-03-30,C1214,P1057,M104,4,494.06,0.0,277.37
O10592,2025-09-10,C1230,P1026,M106,3,65.37,0.05,38.62
O10593,2025-05-05,C1397,P1042,M105,3,286.55,0.0,215.18
O10593,2025-05-05,C1397,P1111,M105,2,886.7,0.1,678.08
O10593,2025-05-05,C1397,P1119,M105,4,205.71,0.05,147.48
O10593,2025-05-05,C1397,P1010,M105,5,218.02,0.15,134.49
O10594,2024-01-19,C1370,P1057,M101,1,25.54,0.1,13.46
O10595,2024-10-06,C1387,P1036,M107,3,154.17,0.2,81.75
O10596,2025-06-15,C1455,P1002,M105,2,999.85,0.1,691.5
O10596,2025-06-15,C1455,P1003,M105,1,921.42,0.15,518.57
O10597,2025-06-24,C1084,P1079,M104,4,614.82,0.2,477.11
O10597,2025-06-24,C1084,P1075,M104,2,99.51,0.2,77.42
O10597,2025-06-24,C1084,P1100,M104,3,343.84,0.05,253.3
O10598,2025-05-17,C1239,P1066,M103,2,889.86,0.2,551.97
O10598,2025-05-17,C1239,P1029,M103,3,932.34,0.0,690.82
O10598,2025-05-17,C1239,P1073,M103,2,159.9,0.05,97.3
O10599,2024-11-28,C1354,P1019,M106,4,811.28,0.15,417.13
O10600,2024-02-06,C1361,P1007,M102,5,130.16,0.15,67.83
O10600,2024-02-06,C1361,P1088,M102,4,396.34,0.15,198.64
O10601,2024-01-23,C1001,P1105,M102,4,182.75,0.05,144.67
O10601,2024-01-23,C1001,P1051,M102,3,647.77,0.1,405.4
O10602,2025-11-13,C1267,P1105,M102,5,223.36,0.05,148.14
O10603,2025-03-13,C1255,P1058,M100,2,505.29,0.1,344.62
O10603,2025-03-13,C1255,P1018,M100,5,799.45,0.15,421.65
O10603,2025-03-13,C1255,P1119,M100,1,469.17,0.1,237.13
O10603,2025-03-13,C1255,P1104,M100,4,554.38,0.15,387.54
O10604,2024-05-14,C1430,P1002,M105,1,883.99,0.1,667.82
O10605,2024-02-02,C1021,P1097,M105,3,198.67,0.05,149.55
O10605,2024-02-02,C1021,P1089,M105,2,60.34,0.1,36.34
O10605,2024-02-02,C1021,P1016,M105,4,641.84,0.05,499.68
O10605,2024-02-02,C1021,P1017,M105,2,458.23,0.05,310.34
O10606,2025-08-19,C1257,P1103,M105,5,625.72,0.0,471.23
O10606,2025-08-19,C1257,P1090,M105,4,545.79,0.2,365.02
O10607,2025-11-30,C1237,P1018,M105,3,71.82,0.15,40.38
O10607,2025-11-30,C1237,P1112,M105,5,111.47,0.0,58.58
O10608,2025-08-01,C1007,P1118,M101,1,151.36,0.1,119.47
O10609,2025-05-01,C1337,P1017,M107,5,992.7,0.05,758.8
O10609,2025-05-01,C1337,P1112,M107,4,675.33,0.05,400.78
O10609,2025-05-01,C1337,P1013,M107,3,706.17,0.1,486.8
O10609,2025-05-01,C1337,P1032,M107,5,382.43,0.05,251.56
O10610,2025-12-06,C1414,P1069,M104,4,850.12,0.0,558.76
O10610,2025-12-06,C1414,P1078,M104,4,731.14,0.2,426.44
O10610,2025-12-06,C1414,P1102,M104,4,202.52,0.2,136.33
O10610,2025-12-06,C1414,P1096,M104,5,93.53,0.1,61.06
O10611,2024-03-27,C1481,P1002,M103,1,85.96,0.05,60.22
O10611,2024-03-27,C1481,P1018,M103,1,414.61,0.15,315.7
O10611,2024-03-27,C1481,P1032,M103,1,47.19,0.1,29.06
O10611,2024-03-27,C1481,P1063,M103,4,513.62,0.05,271.36
O10612,2024-01-09,C1095,P1116,M105,1,198.04,0.15,152.51
O10612,2024-01-09,C1095,P1099,M105,4,254.99,0.2,178.9
O10612,2024-01-09,C1095,P1043,M105,3,807.71,0.15,421.56
O10612,2024-01-09,C1095,P1030,M105,5,980.21,0.0,568.99
O10613,2024-07-07,C1377,P1083,M105,3,183.58,0.1,123.14
O10613,2024-07-07,C1377,P1056,M105,2,452.32,0.05,299.51
O10614,2024-02-19,C1084,P1018,M106,1,920.44,0.2,646.23
O10614,2024-02-19,C1084,P1043,M106,4,850.0,0.15,486.26
O10615,2025-08-03,C1426,P1076,M105,5,633.13,0.05,427.14
O10616,2024-12-24,C1023,P1017,M101,3,635.8,0.0,476.25
O10616,2024-12-24,C1023,P1106,M101,4,619.3,0.1,407.33
O10616,2024-12-24,C1023,P1032,M101,5,585.64,0.2,462.87
O10617,2024-05-29,C1266,P1023,M106,3,115.18,0.2,75.91
O10617,2024-05-29,C1266,P1002,M106,1,649.14,0.1,517.72
O10617,2024-05-29,C1266,P1049,M106,5,834.86,0.0,599.58
O10617,2024-05-29,C1266,P1095,M106,1,696.47,0.05,440.79
O10618,2024-01-15,C1122,P1078,M102,3,336.24,0.15,254.56
O10618,2024-01-15,C1122,P1082,M102,1,553.29,0.2,373.43
O10618,2024-01-15,C1122,P1066,M102,1,663.73,0.2,391.45
O10619,2024-10-08,C1444,P1061,M106,4,57.3,0.15,32.18
O10619,2024-10-08,C1444,P1058,M106,1,134.36,0.05,102.89
O10620,2025-06-08,C1366,P1116,M106,1,737.9,0.05,565.4
O10621,2024-08-02,C1006,P1082,M107,4,67.66,0.0,37.01
O10621,2024-08-02,C1006,P1032,M107,2,393.37,0.0,228.35
O10621,2024-08-02,C1006,P1090,M107,2,189.07,0.1,108.84
O10621,2024-08-02,C1006,P1056,M107,1,520.04,0.15,356.41
O10622,2025-06-06,C1394,P1065,M103,4,557.18,0.0,438.13
O10622,2025-06-06,C1394,P1009,M103,5,534.24,0.1,372.39
O10623,2025-01-13,C1134,P1073,M102,5,543.8,0.1,373.43
O10623,2025-01-13,C1134,P1055,M102,1,72.97,0.15,54.9
O10623,2025-01-13,C1134,P1042,M102,2,436.04,0.0,312.36
O10623,2025-01-13,C1134,P1090,M102,3,50.67,0.05,40.26
O10624,2024-11-25,C1180,P1087,M103,4,884.36,0.1,513.3
O10624,2024-11-25,C1180,P1079,M103,4,705.3,0.2,466.51
O10624,2024-11-25,C1180,P1010,M103,3,268.78,0.0,196.18
O10624,2024-11-25,C1180,P1019,M103,2,454.59,0.1,301.9
O10625,2024-11-20,C1285,P1012,M101,2,756.23,0.0,404.67
O10625,2024-11-20,C1285,P1074,M101,4,135.6,0.1,93.42
O10625,2024-11-20,C1285,P1118,M101,5,626.35,0.1,495.53
O10625,2024-11-20,C1285,P1104,M101,2,497.48,0.1,312.07
O10626,2025-10-12,C1283,P1004,M100,1,284.19,0.2,167.58
O10626,2025-10-12,C1283,P1042,M100,1,394.79,0.2,212.87
O10626,2025-10-12,C1283,P1049,M100,1,153.77,0.05,112.89
O10626,2025-10-12,C1283,P1044,M100,1,983.55,0.1,502.39
O10627,2025-05-17,C1324,P1111,M100,3,809.55,0.15,540.69
O10628,2025-02-12,C1491,P1038,M107,5,855.97,0.05,665.05
O10628,2025-02-12,C1491,P1068,M107,1,847.06,0.1,552.74
O10629,2024-09-10,C1430,P1009,M105,5,749.76,0.0,409.9
O10629,2024-09-10,C1430,P1034,M105,4,219.68,0.05,173.09
O10629,2024-09-10,C1430,P1117,M105,5,908.67,0.2,461.1
O10629,2024-09-10,C1430,P1111,M105,3,89.22,0.2,67.59
O10630,2024-07-02,C1387,P1071,M106,1,902.61,0.2,511.0
O10630,2024-07-02,C1387,P1023,M106,1,257.86,0.1,197.64
O10630,2024-07-02,C1387,P1028,M106,2,610.9,0.05,483.32
O10630,2024-07-02,C1387,P1033,M106,1,967.65,0.15,634.49
O10631,2025-11-27,C1204,P1057,M104,1,95.25,0.0,61.99
O10631,2025-11-27,C1204,P1054,M104,2,746.17,0.1,447.87
O10631,2025-11-27,C1204,P1079,M104,5,488.88,0.0,245.69
O10631,2025-11-27,C1204,P1085,M104,2,35.64,0.1,23.74
O10632,2024-05-27,C1400,P1010,M104,5,290.39,0.05,166.12
O10632,2024-05-27,C1400,P1017,M104,5,191.97,0.2,106.92
O10633,2025-06-12,C1380,P1038,M101,4,125.52,0.2,75.61
O10633,2025-06-12,C1380,P1021,M101,2,566.49,0.15,360.12
O10633,2025-06-12,C1380,P1009,M101,4,640.45,0.15,392.51
O10634,2024-12-21,C1066,P1096,M102,3,882.89,0.0,683.16
O10635,2025-12-28,C1096,P1097,M101,4,506.8,0.0,324.97
O10635,2025-12-28,C1096,P1005,M101,1,294.12,0.2,216.81
O10635,2025-12-28,C1096,P1007,M101,3,390.18,0.0,282.76
O10635,2025-12-28,C1096,P1108,M101,4,259.48,0.2,199.95
O10636,2025-03-22,C1046,P1048,M102,1,555.18,0.15,312.95
O10636,2025-03-22,C1046,P1082,M102,1,528.05,0.05,304.96
O10636,2025-03-22,C1046,P1032,M102,4,541.49,0.15,320.84
O10636,2025-03-22,C1046,P1117,M102,3,766.45,0.2,396.35
O10637,2025-04-22,C1305,P1053,M100,1,110.83,0.0,62.05
O10637,2025-04-22,C1305,P1097,M100,5,428.48,0.1,253.54
O10637,2025-04-22,C1305,P1027,M100,5,655.35,0.1,434.0
O10638,2024-11-30,C1224,P1094,M106,4,972.96,0.05,722.28
O10639,2024-06-29,C1431,P1063,M105,3,352.2,0.05,250.01
O10640,2024-04-24,C1327,P1056,M105,3,819.61,0.0,638.42
O10640,2024-04-24,C1327,P1044,M105,1,642.98,0.0,496.42
O10640,2024-04-24,C1327,P1036,M105,5,94.55,0.15,66.5
O10640,2024-04-24,C1327,P1113,M105,3,605.96,0.1,319.43
O10641,2024-02-27,C1266,P1019,M107,3,416.49,0.15,298.75
O10641,2024-02-27,C1266,P1112,M107,1,860.39,0.05,543.26
O10641,2024-02-27,C1266,P1055,M107,1,186.55,0.15,116.67
O10642,2024-08-24,C1421,P1110,M103,2,158.28,0.05,113.78
O10642,2024-08-24,C1421,P1076,M103,1,576.56,0.0,428.1
O10642,2024-08-24,C1421,P1070,M103,5,748.99,0.2,544.54
O10643,2025-09-11,C1472,P1083,M105,4,747.0,0.05,551.14
O10643,2025-09-11,C1472,P1108,M105,1,649.9,0.15,372.98
O10643,2025-09-11,C1472,P1007,M105,4,140.39,0.2,95.78
O10643,2025-09-11,C1472,P1052,M105,5,260.67,0.05,133.73
O10644,2024-06-24,C1405,P1026,M106,1,240.86,0.1,121.71
O10644,2024-06-24,C1405,P1098,M106,5,697.19,0.05,432.44
O10645,2025-06-11,C1256,P1067,M106,2,358.19,0.1,201.42
O10645,2025-06-11,C1256,P1101,M106,2,792.23,0.15,557.03
O10645,2025-06-11,C1256,P1050,M106,2,743.47,0.1,451.78
O10646,2025-01-13,C1033,P1098,M101,5,810.77,0.05,479.45
O10646,2025-01-13,C1033,P1112,M101,4,234.94,0.05,177.47
O10646,2025-01-13,C1033,P1044,M101,1,930.62,0.2,533.58
O10647,2025-03-03,C1114,P1088,M104,4,904.24,0.15,587.27
O10647,2025-03-03,C1114,P1055,M104,2,825.51,0.1,415.87
O10647,2025-03-03,C1114,P1075,M104,3,708.3,0.2,479.8
O10648,2024-04-22,C1489,P1103,M102,3,84.77,0.1,61.35
O10648,2024-04-22,C1489,P1018,M102,5,600.1,0.05,441.66
O10648,2024-04-22,C1489,P1065,M102,5,554.19,0.05,411.31
O10648,2024-04-22,C1489,P1097,M102,4,14.07,0.1,10.98
O10649,2024-07-25,C1032,P1112,M107,4,667.81,0.2,522.98
O10649,2024-07-25,C1032,P1031,M107,2,889.65,0.05,482.95
O10649,2024-07-25,C1032,P1059,M107,2,122.11,0.15,84.47
O10650,2025-08-10,C1215,P1072,M104,5,740.0,0.05,520.78
O10650,2025-08-10,C1215,P1119,M104,4,750.12,0.1,466.85
O10650,2025-08-10,C1215,P1033,M104,1,123.04,0.0,83.2
O10650,2025-08-10,C1215,P1052,M104,4,455.09,0.0,251.79
O10651,2025-07-29,C1458,P1088,M100,2,999.22,0.15,518.55
O10652,2025-06-21,C1240,P1031,M101,1,168.15,0.2,98.46
O10652,2025-06-21,C1240,P1102,M101,1,548.59,0.05,434.77
O10652,2025-06-21,C1240,P1104,M101,4,614.62,0.05,360.27
O10653,2024-12-07,C1083,P1098,M107,5,871.32,0.15,548.02
O10654,2025-11-26,C1434,P1048,M107,2,24.87,0.05,16.82
O10654,2025-11-26,C1434,P1096,M107,2,431.86,0.2,281.11
O10655,2024-02-28,C1077,P1065,M103,4,281.67,0.15,214.75
O10655,2024-02-28,C1077,P1074,M103,1,941.8,0.0,626.45
O10655,2024-02-28,C1077,P1104,M103,5,339.63,0.15,210.42
O10656,2025-05-14,C1116,P1040,M102,1,691.47,0.0,398.56
O10656,2025-05-14,C1116,P1065,M102,5,107.06,0.0,56.7
O10657,2025-01-04,C1289,P1112,M100,3,631.59,0.1,417.24
O10657,2025-01-04,C1289,P1019,M100,1,742.08,0.05,554.54
O10657,2025-01-04,C1289,P1057,M100,5,323.3,0.2,171.33
O10658,2024-09-05,C1430,P1092,M105,1,669.86,0.0,437.15
O10658,2024-09-05,C1430,P1098,M105,1,243.21,0.05,184.32
O10658,2024-09-05,C1430,P1076,M105,1,811.33,0.15,532.31
O10658,2024-09-05,C1430,P1114,M105,3,772.53,0.05,574.25
O10659,2025-05-28,C1091,P1044,M103,2,522.42,0.15,412.01
O10660,2025-05-21,C1229,P1080,M105,2,98.12,0.2,58.57
O10660,2025-05-21,C1229,P1039,M105,2,905.07,0.05,558.51
O10660,2025-05-21,C1229,P1114,M105,3,673.74,0.1,532.53
O10661,2025-11-17,C1465,P1114,M103,5,595.44,0.05,319.36
O10661,2025-11-17,C1465,P1056,M103,2,519.31,0.1,390.12
O10661,2025-11-17,C1465,P1016,M103,4,512.43,0.15,291.07
O10661,2025-11-17,C1465,P1006,M103,1,692.93,0.1,350.5
O10662,2025-04-15,C1213,P1085,M105,5,631.68,0.0,488.21
O10662,2025-04-15,C1213,P1022,M105,2,233.89,0.0,184.15
O10662,2025-04-15,C1213,P1091,M105,2,241.58,0.15,142.78
O10663,2025-11-08,C1272,P1080,M105,5,321.8,0.05,216.71
O10663,2025-11-08,C1272,P1013,M105,4,271.34,0.0,142.42
O10663,2025-11-08,C1272,P1062,M105,5,342.95,0.05,259.54
O10663,2025-11-08,C1272,P1029,M105,1,483.5,0.05,280.27
O10664,2024-04-19,C1291,P1102,M100,1,19.68,0.05,11.74
O10664,2024-04-19,C1291,P1042,M100,3,855.91,0.1,668.46
O10665,2025-10-08,C1109,P1065,M104,4,364.64,0.1,238.11
O10665,2025-10-08,C1109,P1019,M104,5,515.58,0.2,401.64
O10665,2025-10-08,C1109,P1012,M104,2,488.57,0.05,261.2
O10665,2025-10-08,C1109,P1057,M104,2,326.86,0.0,185.96
O10666,2025-06-02,C1207,P1002,M104,3,860.25,0.1,497.87
O10666,2025-06-02,C1207,P1082,M104,1,281.34,0.1,172.5
O10667,2024-07-23,C1179,P1036,M102,5,78.99,0.1,61.46
O10667,2024-07-23,C1179,P1042,M102,5,298.95,0.1,217.19
O10668,2025-03-16,C1399,P1007,M105,4,911.73,0.15,692.74
O10668,2025-03-16,C1399,P1084,M105,3,218.17,0.15,166.54
O10668,2025-03-16,C1399,P1000,M105,3,49.16,0.0,30.22
O10668,2025-03-16,C1399,P1055,M105,1,701.09,0.05,417.97
O10669,2025-12-31,C1453,P1008,M104,5,516.47,0.05,278.18
O10669,2025-12-31,C1453,P1029,M104,3,451.23,0.2,268.56
O10669,2025-12-31,C1453,P1069,M104,5,388.9,0.2,289.18
O10670,2025-02-19,C1327,P1020,M103,1,542.31,0.15,282.93
O10671,2025-08-19,C1053,P1037,M105,1,765.66,0.2,546.12
O10671,2025-08-19,C1053,P1102,M105,2,250.52,0.1,158.84
O10671,2025-08-19,C1053,P1109,M105,3,473.46,0.15,287.84
O10672,2024-06-14,C1001,P1011,M103,3,680.53,0.1,444.17
O10672,2024-06-14,C1001,P1003,M103,1,969.28,0.15,671.36
O10672,2024-06-14,C1001,P1042,M103,4,135.2,0.0,102.09
O10672,2024-06-14,C1001,P1043,M103,4,84.87,0.0,56.35
O10673,2024-12-15,C1298,P1074,M104,3,175.8,0.0,106.55
O10673,2024-12-15,C1298,P1081,M104,1,675.56,0.15,483.93
O10673,2024-12-15,C1298,P1064,M104,1,836.61,0.05,536.91
O10674,2024-09-26,C1119,P1025,M107,5,435.15,0.0,322.64
O10674,2024-09-26,C1119,P1047,M107,5,947.43,0.0,541.92
O10674,2024-09-26,C1119,P1098,M107,4,583.94,0.0,371.79
O10675,2024-02-05,C1007,P1064,M104,2,352.16,0.0,180.18
O10675,2024-02-05,C1007,P1048,M104,3,398.08,0.2,290.61
O10676,2025-11-23,C1481,P1026,M102,1,393.31,0.1,295.28
O10676,2025-11-23,C1481,P1068,M102,4,679.13,0.2,390.6
O10677,2025-03-22,C1059,P1055,M106,2,175.1,0.05,97.61
O10677,2025-03-22,C1059,P1062,M106,3,866.99,0.0,668.24
O10677,2025-03-22,C1059,P1051,M106,3,362.84,0.15,206.26
O10678,2025-12-24,C1295,P1084,M106,4,818.63,0.1,603.98
O10678,2025-12-24,C1295,P1000,M106,5,85.54,0.15,68.03
O10678,2025-12-24,C1295,P1027,M106,1,12.88,0.1,9.02
O10679,2024-09-16,C1143,P1061,M104,2,266.81,0.0,169.76
O10680,2024-06-20,C1050,P1106,M104,3,837.76,0.05,669.41
O10680,2024-06-20,C1050,P1104,M104,5,864.33,0.0,635.45
O10680,2024-06-20,C1050,P1020,M104,1,510.72,0.0,278.44
O10680,2024-06-20,C1050,P1062,M104,1,691.34,0.0,510.61
O10681,2025-09-11,C1185,P1001,M103,1,492.21,0.2,323.96
O10682,2025-05-17,C1217,P1103,M101,3,473.07,0.0,306.14
O10682,2025-05-17,C1217,P1019,M101,2,888.96,0.05,510.34
O10682,2025-05-17,C1217,P1064,M101,1,409.94,0.0,320.98
O10682,2025-05-17,C1217,P1094,M101,2,290.91,0.2,156.89
O10683,2024-11-24,C1411,P1014,M101,3,394.22,0.05,215.42
O10683,2024-11-24,C1411,P1010,M101,3,526.53,0.15,266.34
O10683,2024-11-24,C1411,P1101,M101,5,508.65,0.0,263.22
O10683,2024-11-24,C1411,P1031,M101,1,561.14,0.0,282.08
O10684,2025-11-25,C1135,P1040,M100,4,438.44,0.15,258.37
O10684,2025-11-25,C1135,P1036,M100,3,28.17,0.1,19.31
O10684,2025-11-25,C1135,P1062,M100,2,94.94,0.15,61.2
O10685,2024-07-02,C1447,P1035,M102,4,457.79,0.15,271.41
O10685,2024-07-02,C1447,P1087,M102,5,837.22,0.05,582.93
O10685,2024-07-02,C1447,P1005,M102,1,968.06,0.15,542.52
O10685,2024-07-02,C1447,P1112,M102,4,996.2,0.15,591.57
O10686,2024-01-21,C1190,P1056,M107,2,667.46,0.05,510.24
O10686,2024-01-21,C1190,P1026,M107,4,723.13,0.1,450.08
O10687,2025-01-26,C1034,P1046,M102,5,521.95,0.15,386.93
O10688,2025-02-11,C1255,P1003,M105,1,20.69,0.2,13.89
O10688,2025-02-11,C1255,P1069,M105,5,131.26,0.15,96.51
O10689,2025-03-23,C1098,P1005,M107,3,415.92,0.0,216.75
O10689,2025-03-23,C1098,P1113,M107,1,483.91,0.05,379.16
O10690,2024-01-15,C1233,P1072,M100,2,466.26,0.05,361.5
O10691,2024-08-10,C1154,P1070,M103,5,630.0,0.0,338.87
O10692,2024-03-10,C1045,P1099,M100,3,659.64,0.2,483.12
O10692,2024-03-10,C1045,P1003,M100,4,55.94,0.0,40.05
O10692,2024-03-10,C1045,P1105,M100,5,86.37,0.15,60.17
O10693,2025-10-23,C1324,P1061,M106,4,962.74,0.05,559.45
O10694,2024-10-22,C1435,P1058,M104,3,523.14,0.15,306.73
O10695,2025-01-17,C1259,P1097,M106,4,732.59,0.05,556.3
O10696,2025-01-28,C1196,P1050,M106,5,702.32,0.0,479.9
O10696,2025-01-28,C1196,P1062,M106,5,861.15,0.15,501.86
O10696,2025-01-28,C1196,P1043,M106,5,488.18,0.15,294.8
O10697,2025-09-05,C1330,P1093,M106,5,752.23,0.1,398.9
O10697,2025-09-05,C1330,P1047,M106,5,991.77,0.05,558.52
O10697,2025-09-05,C1330,P1007,M106,2,331.46,0.15,206.46
O10697,2025-09-05,C1330,P1009,M106,5,321.66,0.15,182.84
O10698,2024-06-22,C1192,P1005,M106,3,596.64,0.0,324.26
O10698,2024-06-22,C1192,P1069,M106,2,915.38,0.1,591.26
O10699,2025-12-30,C1294,P1034,M102,1,184.65,0.1,122.34
O10700,2024-05-20,C1080,P1108,M107,1,232.31,0.05,167.33
O10700,2024-05-20,C1080,P1118,M107,2,876.24,0.0,683.64
O10701,2025-09-13,C1414,P1077,M101,5,260.24,0.1,160.03
O10701,2025-09-13,C1414,P1032,M101,2,944.12,0.05,520.43
O10702,2024-06-06,C1400,P1042,M100,5,514.02,0.0,351.33
O10703,2024-10-11,C1214,P1027,M105,3,116.34,0.0,90.9
O10703,2024-10-11,C1214,P1071,M105,3,553.15,0.2,298.41
O10703,2024-10-11,C1214,P1016,M105,5,968.29,0.15,766.51
O10703,2024-10-11,C1214,P1002,M105,1,550.93,0.0,432.05
O10704,2024-12-31,C1192,P1019,M103,2,565.97,0.0,358.1
O10705,2025-07-07,C1454,P1110,M104,4,291.84,0.1,175.56
O10705,2025-07-07,C1454,P1112,M104,4,151.4,0.05,109.93
O10705,2025-07-07,C1454,P1028,M104,2,821.23,0.15,541.67
O10705,2025-07-07,C1454,P1071,M104,3,827.2,0.1,532.74
O10706,2025-06-15,C1251,P1113,M103,2,177.43,0.15,134.14
O10706,2025-06-15,C1251,P1083,M103,1,834.88,0.1,497.75
O10706,2025-06-15,C1251,P1058,M103,1,60.0,0.05,42.97
O10706,2025-06-15,C1251,P1099,M103,5,787.81,0.1,438.91
O10707,2024-10-26,C1063,P1029,M103,5,333.51,0.2,185.91
O10707,2024-10-26,C1063,P1034,M103,2,453.47,0.05,270.37
O10707,2024-10-26,C1063,P1113,M103,4,132.05,0.05,83.07
O10707,2024-10-26,C1063,P1062,M103,2,663.27,0.2,350.45
O10708,2024-05-10,C1286,P1071,M106,1,992.67,0.0,666.17
O10708,2024-05-10,C1286,P1106,M106,2,113.52,0.15,77.96
O10708,2024-05-10,C1286,P1113,M106,1,509.03,0.0,396.18
O10708,2024-05-10,C1286,P1007,M106,1,948.94,0.0,571.55
O10709,2024-04-24,C1455,P1063,M105,1,73.61,0.0,40.35
O10709,2024-04-24,C1455,P1072,M105,2,896.83,0.1,579.57
O10710,2025-06-09,C1197,P1023,M103,5,966.56,0.0,520.7
O10711,2025-12-16,C1132,P1077,M104,4,300.0,0.2,229.9
O10712,2025-09-15,C1257,P1089,M103,4,81.26,0.05,60.94
O10712,2025-09-15,C1257,P1039,M103,1,485.22,0.0,247.15
O10712,2025-09-15,C1257,P1108,M103,2,531.33,0.1,323.46
O10712,2025-09-15,C1257,P1016,M103,5,972.9,0.05,615.67
O10713,2025-12-24,C1206,P1035,M101,1,253.54,0.0,172.99
O10713,2025-12-24,C1206,P1076,M101,4,705.84,0.1,393.96
O10713,2025-12-24,C1206,P1068,M101,2,664.98,0.1,352.01
O10714,2024-02-24,C1450,P1059,M105,1,196.5,0.1,128.82
O10714,2024-02-24,C1450,P1028,M105,5,241.72,0.15,140.33
O10715,2024-07-01,C1368,P1013,M105,1,538.28,0.15,333.13
O10716,2024-12-24,C1226,P1004,M102,1,517.45,0.1,329.35
O10716,2024-12-24,C1226,P1050,M102,5,709.58,0.1,473.29
O10716,2024-12-24,C1226,P1087,M102,1,23.38,0.2,12.87
O10716,2024-12-24,C1226,P1052,M102,4,682.0,0.0,534.51
O10717,2024-02-27,C1125,P1110,M101,2,241.86,0.15,153.86
O10717,2024-02-27,C1125,P1015,M101,4,396.19,0.05,255.16
O10717,2024-02-27,C1125,P1093,M101,5,498.32,0.2,326.1
O10718,2024-08-06,C1014,P1059,M105,3,677.45,0.15,399.3
O10718,2024-08-06,C1014,P1021,M105,2,305.35,0.0,159.88
O10719,2025-05-21,C1414,P1005,M106,3,369.14,0.2,249.78
O10719,2025-05-21,C1414,P1033,M106,1,687.04,0.05,516.93
O10720,2025-02-01,C1281,P1005,M102,2,690.56,0.1,403.88
O10720,2025-02-01,C1281,P1007,M102,3,293.4,0.2,162.82
O10720,2025-02-01,C1281,P1059,M102,4,741.54,0.1,399.37
O10720,2025-02-01,C1281,P1023,M102,2,689.16,0.0,406.89
O10721,2024-12-01,C1393,P1074,M101,1,693.71,0.2,468.62
O10721,2024-12-01,C1393,P1069,M101,3,672.92,0.05,403.63
O10721,2024-12-01,C1393,P1083,M101,1,601.15,0.05,378.8
O10721,2024-12-01,C1393,P1093,M101,5,261.61,0.2,154.73
O10722,2025-02-22,C1088,P1047,M104,4,547.97,0.15,323.12
O10722,2025-02-22,C1088,P1011,M104,1,95.05,0.05,65.1
O10723,2024-06-24,C1365,P1050,M102,5,196.14,0.15,122.54
O10723,2024-06-24,C1365,P1060,M102,3,558.76,0.0,402.46
O10723,2024-06-24,C1365,P1065,M102,2,667.1,0.05,376.8
O10724,2025-07-09,C1315,P1019,M102,5,437.34,0.1,221.69
O10724,2025-07-09,C1315,P1002,M102,3,525.25,0.1,298.48
O10724,2025-07-09,C1315,P1020,M102,1,44.82,0.2,31.01
O10725,2024-12-01,C1474,P1042,M100,4,456.2,0.05,316.34
O10725,2024-12-01,C1474,P1008,M100,3,843.95,0.0,486.8
O10726,2024-10-04,C1325,P1045,M107,5,835.24,0.2,641.28
O10727,2024-02-03,C1049,P1029,M106,2,275.19,0.1,209.53
O10728,2025-01-10,C1202,P1065,M104,4,983.89,0.15,558.42
O10728,2025-01-10,C1202,P1077,M104,3,996.33,0.0,771.3
O10729,2024-06-29,C1418,P1104,M102,4,379.71,0.2,288.79
O10730,2025-10-28,C1039,P1102,M107,4,654.28,0.0,384.34
O10730,2025-10-28,C1039,P1009,M107,5,47.98,0.0,32.38
O10730,2025-10-28,C1039,P1047,M107,1,502.2,0.05,272.22
O10730,2025-10-28,C1039,P1004,M107,1,872.84,0.1,461.32
O10731,2024-09-27,C1183,P1054,M107,4,146.86,0.15,77.0
O10731,2024-09-27,C1183,P1005,M107,5,409.61,0.0,312.66
O10731,2024-09-27,C1183,P1058,M107,5,958.25,0.2,711.25
O10731,2024-09-27,C1183,P1012,M107,5,343.48,0.15,260.47
O10732,2024-09-28,C1179,P1069,M104,5,81.85,0.2,62.22
O10732,2024-09-28,C1179,P1064,M104,5,672.07,0.15,438.13
O10732,2024-09-28,C1179,P1043,M104,5,133.84,0.2,98.74
O10732,2024-09-28,C1179,P1013,M104,2,946.91,0.15,545.5
O10733,2025-10-21,C1496,P1100,M103,2,565.86,0.15,321.02
O10733,2025-10-21,C1496,P1022,M103,5,32.34,0.05,22.08
O10734,2025-09-22,C1080,P1061,M106,4,553.78,0.0,407.63
O10734,2025-09-22,C1080,P1099,M106,3,331.36,0.05,215.96
O10734,2025-09-22,C1080,P1075,M106,3,959.52,0.05,581.9
O10734,2025-09-22,C1080,P1030,M106,3,726.16,0.05,482.38
O10735,2024-10-25,C1189,P1084,M100,5,433.23,0.2,232.12
O10735,2024-10-25,C1189,P1072,M100,3,461.6,0.2,340.07
O10736,2025-10-16,C1125,P1102,M101,4,828.48,0.2,512.09
O10736,2025-10-16,C1125,P1112,M101,1,876.15,0.1,593.39
O10737,2025-12-28,C1262,P1096,M107,2,750.92,0.2,385.98
O10738,2024-09-11,C1245,P1097,M100,4,246.04,0.15,184.26
O10738,2024-09-11,C1245,P1062,M100,3,114.21,0.05,71.12
O10738,2024-09-11,C1245,P1090,M100,4,857.03,0.0,590.65
O10739,2025-10-29,C1042,P1068,M102,5,678.89,0.1,442.89
O10739,2025-10-29,C1042,P1017,M102,2,823.32,0.1,567.48
O10739,2025-10-29,C1042,P1031,M102,1,299.74,0.2,230.27
O10740,2025-11-14,C1256,P1014,M103,1,822.44,0.05,501.81
O10741,2025-03-06,C1305,P1012,M107,4,626.09,0.0,453.22
O10741,2025-03-06,C1305,P1019,M107,4,584.99,0.2,378.16
O10742,2025-12-16,C1136,P1047,M100,3,708.44,0.1,438.03
O10742,2025-12-16,C1136,P1042,M100,1,679.23,0.1,448.54
O10742,2025-12-16,C1136,P1096,M100,1,389.11,0.05,290.82
O10743,2025-05-07,C1024,P1038,M100,1,83.43,0.0,62.74
O10743,2025-05-07,C1024,P1012,M100,3,851.67,0.0,455.87
O10743,2025-05-07,C1024,P1029,M100,3,812.33,0.1,462.54
O10744,2024-10-27,C1089,P1027,M100,2,288.26,0.1,159.41
O10745,2024-03-28,C1356,P1106,M103,5,319.42,0.05,240.26
O10746,2025-08-06,C1480,P1011,M102,1,219.1,0.1,128.99
O10746,2025-08-06,C1480,P1043,M102,1,842.2,0.1,430.97
O10747,2024-01-31,C1490,P1022,M102,5,327.33,0.0,254.62
O10747,2024-01-31,C1490,P1004,M102,3,443.65,0.2,234.11
O10747,2024-01-31,C1490,P1032,M102,3,693.72,0.0,488.6
O10748,2024-12-19,C1071,P1114,M107,4,154.11,0.05,118.72
O10748,2024-12-19,C1071,P1075,M107,3,493.72,0.0,324.96
O10748,2024-12-19,C1071,P1053,M107,3,839.49,0.1,430.79
O10748,2024-12-19,C1071,P1043,M107,2,627.08,0.1,318.03
O10749,2025-04-19,C1088,P1065,M104,1,974.61,0.0,615.46
O10750,2024-08-04,C1194,P1000,M102,5,173.07,0.0,113.25
O10750,2024-08-04,C1194,P1048,M102,4,488.69,0.15,331.11
O10750,2024-08-04,C1194,P1066,M102,2,155.98,0.1,116.0
O10751,2025-11-19,C1040,P1063,M103,3,809.86,0.15,578.97
O10751,2025-11-19,C1040,P1073,M103,5,724.07,0.0,501.55
O10751,2025-11-19,C1040,P1102,M103,5,306.02,0.0,214.63
O10751,2025-11-19,C1040,P1069,M103,3,646.37,0.05,485.25
O10752,2025-03-27,C1353,P1042,M104,5,348.91,0.2,192.73
O10752,2025-03-27,C1353,P1003,M104,3,986.46,0.15,664.25
O10752,2025-03-27,C1353,P1069,M104,1,965.04,0.2,559.79
O10753,2024-09-16,C1399,P1073,M100,3,180.72,0.15,123.7
O10753,2024-09-16,C1399,P1037,M100,3,102.72,0.05,74.39
O10753,2024-09-16,C1399,P1054,M100,1,624.61,0.0,419.02
O10753,2024-09-16,C1399,P1099,M100,4,882.29,0.1,674.72
O10754,2024-03-25,C1347,P1087,M107,3,936.63,0.0,598.11
O10754,2024-03-25,C1347,P1091,M107,5,692.64,0.15,401.31
O10755,2024-08-03,C1354,P1108,M102,5,996.72,0.2,508.39
O10755,2024-08-03,C1354,P1066,M102,4,797.83,0.1,531.56
O10756,2025-06-10,C1048,P1022,M101,4,484.72,0.0,247.22
O10756,2025-06-10,C1048,P1097,M101,4,286.67,0.05,149.56
O10757,2024-01-16,C1179,P1041,M105,5,153.13,0.05,83.09
O10757,2024-01-16,C1179,P1060,M105,5,985.67,0.05,613.3
O10757,2024-01-16,C1179,P1116,M105,1,15.3,0.2,11.91
O10758,2024-03-02,C1425,P1102,M100,3,710.46,0.1,470.83
O10758,2024-03-02,C1425,P1067,M100,4,960.0,0.0,713.32
O10758,2024-03-02,C1425,P1105,M100,5,915.47,0.1,657.39
O10759,2024-02-18,C1093,P1083,M107,4,172.29,0.05,127.8
O10759,2024-02-18,C1093,P1085,M107,3,468.76,0.0,296.93
O10759,2024-02-18,C1093,P1076,M107,4,744.22,0.05,577.83
O10760,2025-06-27,C1042,P1015,M104,4,166.7,0.0,124.13
O10761,2025-09-09,C1042,P1046,M105,4,524.2,0.05,379.79
O10761,2025-09-09,C1042,P1089,M105,1,882.9,0.05,493.48
O10762,2024-05-09,C1486,P1011,M104,5,397.62,0.15,302.19
O10762,2024-05-09,C1486,P1058,M104,1,532.56,0.1,282.73
O10762,2024-05-09,C1486,P1055,M104,5,859.34,0.2,513.31
O10763,2025-04-27,C1359,P1020,M100,2,237.51,0.05,143.06
O10763,2025-04-27,C1359,P1025,M100,3,442.97,0.05,282.02
O10764,2024-04-23,C1068,P1030,M107,4,880.41,0.15,515.96
O10764,2024-04-23,C1068,P1040,M107,3,853.91,0.2,433.2
O10764,2024-04-23,C1068,P1092,M107,1,398.05,0.2,225.22
O10764,2024-04-23,C1068,P1101,M107,4,607.55,0.1,436.31
O10765,2024-05-17,C1237,P1008,M103,3,155.43,0.0,88.61
O10765,2024-05-17,C1237,P1028,M103,1,47.44,0.2,37.76
O10765,2024-05-17,C1237,P1088,M103,5,325.17,0.2,173.02
O10766,2025-05-11,C1400,P1041,M101,4,255.14,0.05,147.24
O10766,2025-05-11,C1400,P1065,M101,3,246.83,0.0,168.96
O10766,2025-05-11,C1400,P1027,M101,2,437.19,0.2,295.54
O10766,2025-05-11,C1400,P1047,M101,2,941.13,0.2,490.43
O10767,2025-03-03,C1192,P1045,M102,2,387.34,0.05,258.36
O10767,2025-03-03,C1192,P1077,M102,3,858.16,0.1,476.51
O10767,2025-03-03,C1192,P1111,M102,4,565.09,0.0,351.24
O10767,2025-03-03,C1192,P1080,M102,4,419.33,0.15,214.16
O10768,2025-10-01,C1038,P1043,M104,5,166.7,0.0,93.73
O10768,2025-10-01,C1038,P1082,M104,1,476.37,0.0,319.4
O10769,2024-03-29,C1080,P1094,M101,2,732.69,0.1,468.49
O10769,2024-03-29,C1080,P1035,M101,5,618.4,0.1,469.94
O10770,2025-05-22,C1170,P1096,M101,2,127.28,0.15,68.16
O10771,2025-06-17,C1021,P1052,M105,2,701.01,0.15,412.7
O10771,2025-06-17,C1021,P1038,M105,3,143.89,0.05,89.67
O10771,2025-06-17,C1021,P1112,M105,5,664.83,0.1,371.64
O10771,2025-06-17,C1021,P1044,M105,2,296.98,0.05,149.31
O10772,2025-05-21,C1129,P1014,M102,4,408.25,0.15,323.31
O10772,2025-05-21,C1129,P1055,M102,2,435.75,0.15,264.65
O10773,2025-05-09,C1330,P1033,M102,2,840.82,0.1,609.38
O10773,2025-05-09,C1330,P1012,M102,3,614.75,0.2,427.95
O10774,2024-09-02,C1250,P1027,M104,4,232.03,0.0,119.13
O10774,2024-09-02,C1250,P1107,M104,2,462.66,0.0,302.48
O10774,2024-09-02,C1250,P1071,M104,3,113.61,0.1,63.96
O10774,2024-09-02,C1250,P1043,M104,3,945.52,0.2,586.27
O10775,2024-04-13,C1450,P1067,M101,1,508.53,0.1,321.62
O10775,2024-04-13,C1450,P1029,M101,3,850.28,0.2,675.81
O10776,2025-05-06,C1439,P1080,M104,4,265.12,0.15,165.01
O10776,2025-05-06,C1439,P1005,M104,1,228.94,0.2,147.34
O10776,2025-05-06,C1439,P1062,M104,1,992.17,0.0,737.51
O10776,2025-05-06,C1439,P1103,M104,4,497.29,0.1,348.48
O10777,2024-08-22,C1364,P1064,M102,3,542.12,0.0,381.61
O10777,2024-08-22,C1364,P1018,M102,1,252.35,0.2,160.0
O10778,2024-07-01,C1432,P1027,M107,5,122.62,0.15,65.29
O10779,2024-08-09,C1304,P1061,M103,4,972.23,0.15,578.28
O10779,2024-08-09,C1304,P1021,M103,1,268.06,0.0,142.54
O10779,2024-08-09,C1304,P1067,M103,5,774.8,0.0,409.47
O10780,2025-04-17,C1321,P1010,M103,4,771.56,0.2,612.02
O10780,2025-04-17,C1321,P1069,M103,1,130.67,0.2,88.28
O10781,2025-07-02,C1051,P1022,M105,2,651.34,0.0,357.7
O10781,2025-07-02,C1051,P1093,M105,1,905.34,0.2,622.41
O10781,2025-07-02,C1051,P1064,M105,2,932.59,0.2,563.02
O10781,2025-07-02,C1051,P1118,M105,3,72.63,0.1,54.32
O10782,2025-09-04,C1395,P1014,M100,2,881.13,0.1,450.77
O10782,2025-09-04,C1395,P1099,M100,4,321.78,0.15,255.68
O10782,2025-09-04,C1395,P1068,M100,5,137.23,0.2,96.95
O10782,2025-09-04,C1395,P1090,M100,5,426.13,0.05,242.98
O10783,2025-10-04,C1239,P1091,M102,3,266.62,0.1,205.77
O10784,2025-10-15,C1463,P1064,M106,3,915.71,0.0,711.07
O10785,2024-11-29,C1173,P1107,M107,5,28.19,0.2,20.09
O10785,2024-11-29,C1173,P1057,M107,5,218.9,0.1,138.82
O10786,2025-07-03,C1134,P1070,M106,4,487.98,0.2,358.76
O10787,2024-08-14,C1426,P1074,M107,3,304.7,0.2,164.87
O10787,2024-08-14,C1426,P1108,M107,5,281.27,0.05,187.88
O10788,2025-09-15,C1364,P1053,M100,2,280.43,0.1,178.52
O10788,2025-09-15,C1364,P1058,M100,1,708.25,0.0,507.16
O10788,2025-09-15,C1364,P1111,M100,2,351.89,0.0,273.34
O10789,2025-07-16,C1291,P1068,M105,1,410.6,0.15,298.49
O10789,2025-07-16,C1291,P1094,M105,5,101.42,0.1,52.43
O10789,2025-07-16,C1291,P1098,M105,4,844.61,0.15,478.36
O10789,2025-07-16,C1291,P1095,M105,2,805.23,0.05,577.26
O10790,2024-08-20,C1199,P1089,M100,2,502.89,0.1,302.21
O10791,2024-09-23,C1368,P1001,M105,2,416.4,0.15,301.28
O10791,2024-09-23,C1368,P1111,M105,2,827.96,0.2,606.87
O10791,2024-09-23,C1368,P1010,M105,3,359.94,0.05,220.81
O10791,2024-09-23,C1368,P1092,M105,1,118.19,0.2,62.6
O10792,2025-02-24,C1490,P1015,M107,2,276.36,0.05,182.41
O10792,2025-02-24,C1490,P1037,M107,1,462.37,0.05,236.87
O10792,2025-02-24,C1490,P1051,M107,3,456.48,0.2,325.13
O10792,2025-02-24,C1490,P1004,M107,3,476.89,0.15,258.28
O10793,2024-12-13,C1262,P1016,M102,1,121.67,0.0,95.89
O10793,2024-12-13,C1262,P1075,M102,4,655.96,0.15,406.23
O10793,2024-12-13,C1262,P1090,M102,4,646.35,0.15,489.95
O10794,2025-01-10,C1317,P1110,M103,4,264.55,0.1,206.72
O10794,2025-01-10,C1317,P1084,M103,1,19.75,0.0,14.74
O10794,2025-01-10,C1317,P1016,M103,4,574.96,0.05,309.89
O10794,2025-01-10,C1317,P1045,M103,1,735.4,0.2,440.77
O10795,2025-06-07,C1209,P1032,M102,1,257.46,0.05,185.15
O10796,2025-07-20,C1081,P1100,M106,2,376.04,0.2,295.35
O10796,2025-07-20,C1081,P1082,M106,3,150.43,0.0,108.56
O10797,2025-09-02,C1073,P1082,M104,1,686.24,0.1,538.82
O10797,2025-09-02,C1073,P1046,M104,2,237.41,0.2,150.28
O10797,2025-09-02,C1073,P1079,M104,5,976.32,0.1,581.94
O10797,2025-09-02,C1073,P1099,M104,3,92.21,0.2,66.8
O10798,2024-04-06,C1272,P1036,M107,1,255.09,0.05,203.17
O10798,2024-04-06,C1272,P1089,M107,1,56.94,0.15,44.03
O10798,2024-04-06,C1272,P1032,M107,2,206.56,0.05,115.52
O10798,2024-04-06,C1272,P1044,M107,2,772.71,0.05,457.11
O10799,2025-09-24,C1444,P1100,M100,3,27.88,0.15,16.29
O10799,2025-09-24,C1444,P1107,M100,1,249.76,0.0,184.36
O10800,2024-05-25,C1315,P1033,M100,5,682.37,0.0,347.09
O10800,2024-05-25,C1315,P1015,M100,5,269.68,0.0,205.01
O10800,2024-05-25,C1315,P1046,M100,3,524.98,0.15,358.34
O10800,2024-05-25,C1315,P1027,M100,5,480.54,0.15,338.51
O10801,2024-05-15,C1074,P1026,M103,5,317.47,0.2,250.53
O10801,2024-05-15,C1074,P1003,M103,3,295.0,0.05,184.27
O10801,2024-05-15,C1074,P1002,M103,5,648.41,0.0,462.06
O10802,2024-09-30,C1319,P1067,M106,3,921.86,0.0,527.75
O10803,2025-03-08,C1465,P1113,M104,2,825.56,0.1,646.34
O10804,2024-09-19,C1361,P1107,M101,3,189.44,0.05,144.16
O10804,2024-09-19,C1361,P1093,M101,3,681.12,0.1,537.29
O10804,2024-09-19,C1361,P1001,M101,2,496.49,0.0,319.88
O10804,2024-09-19,C1361,P1019,M101,3,117.09,0.2,65.39
O10805,2024-04-23,C1346,P1114,M103,4,654.36,0.05,422.66
O10806,2024-03-10,C1397,P1031,M105,4,910.63,0.0,519.79
O10806,2024-03-10,C1397,P1033,M105,3,142.78,0.0,108.58
O10807,2025-09-22,C1473,P1118,M101,1,11.79,0.2,9.42
O10807,2025-09-22,C1473,P1091,M101,4,157.78,0.0,123.2
O10807,2025-09-22,C1473,P1061,M101,2,337.0,0.15,182.17
O10807,2025-09-22,C1473,P1117,M101,2,341.66,0.05,209.55
O10808,2025-08-05,C1358,P1085,M105,5,296.69,0.1,209.19
O10808,2025-08-05,C1358,P1019,M105,3,413.33,0.05,220.42
O10809,2024-06-09,C1412,P1035,M107,2,667.43,0.0,359.15
O10809,2024-06-09,C1412,P1063,M107,1,312.36,0.05,232.16
O10809,2024-06-09,C1412,P1083,M107,5,899.14,0.15,551.93
O10809,2024-06-09,C1412,P1076,M107,4,115.06,0.1,68.35
O10810,2025-07-31,C1352,P1112,M100,4,729.34,0.2,555.31
O10810,2025-07-31,C1352,P1054,M100,2,106.64,0.1,64.26
O10811,2024-09-20,C1168,P1103,M105,2,555.8,0.05,440.55
O10811,2024-09-20,C1168,P1083,M105,3,529.89,0.2,348.68
O10812,2024-05-17,C1216,P1053,M100,5,594.52,0.2,422.6
O10813,2024-03-10,C1339,P1028,M105,5,110.74,0.05,55.55
O10814,2024-01-13,C1140,P1115,M103,2,680.57,0.05,424.35
O10814,2024-01-13,C1140,P1065,M103,5,366.31,0.2,248.09
O10814,2024-01-13,C1140,P1058,M103,3,799.82,0.15,592.59
O10814,2024-01-13,C1140,P1071,M103,2,212.2,0.15,132.38
O10815,2024-02-27,C1060,P1107,M102,2,112.34,0.0,89.23
O10815,2024-02-27,C1060,P1071,M102,1,334.38,0.2,175.78
O10816,2025-03-14,C1226,P1041,M106,3,760.82,0.15,453.42
O10817,2025-07-15,C1413,P1017,M100,2,660.55,0.15,425.42
O10817,2025-07-15,C1413,P1081,M100,1,699.07,0.05,372.18
O10818,2025-09-08,C1213,P1049,M107,5,593.05,0.0,412.03
O10818,2025-09-08,C1213,P1012,M107,2,514.64,0.0,318.78
O10819,2024-03-01,C1484,P1055,M100,1,187.5,0.0,95.16
O10820,2024-01-12,C1362,P1086,M103,3,336.08,0.05,248.38
O10821,2024-10-08,C1449,P1084,M100,5,446.86,0.05,313.55
O10821,2024-10-08,C1449,P1093,M100,4,515.29,0.05,325.19
O10821,2024-10-08,C1449,P1060,M100,4,80.21,0.2,52.64
O10822,2025-10-07,C1289,P1101,M107,4,843.03,0.1,663.33
O10822,2025-10-07,C1289,P1102,M107,2,215.69,0.2,158.85
O10823,2024-10-03,C1217,P1088,M104,1,518.57,0.2,265.56
O10823,2024-10-03,C1217,P1004,M104,4,766.61,0.1,460.98
O10823,2024-10-03,C1217,P1074,M104,3,513.45,0.05,408.59
O10823,2024-10-03,C1217,P1072,M104,2,38.88,0.05,30.47
O10824,2024-07-29,C1431,P1031,M100,4,305.69,0.0,221.33
O10824,2024-07-29,C1431,P1099,M100,4,68.63,0.15,37.01
O10824,2024-07-29,C1431,P1005,M100,1,446.82,0.2,334.04
O10825,2025-12-19,C1048,P1073,M103,4,563.04,0.2,417.17
O10826,2025-07-03,C1140,P1069,M100,5,570.63,0.2,364.48
O10826,2025-07-03,C1140,P1074,M100,3,341.98,0.2,251.53
O10826,2025-07-03,C1140,P1004,M100,3,171.99,0.2,95.27
O10826,2025-07-03,C1140,P1025,M100,2,968.39,0.15,737.52
O10827,2024-05-17,C1430,P1094,M102,2,650.15,0.1,487.77
O10828,2024-07-21,C1477,P1092,M100,2,552.92,0.15,414.7
O10829,2024-11-15,C1085,P1032,M101,3,289.11,0.2,185.36
O10829,2024-11-15,C1085,P1010,M101,3,166.95,0.0,101.59
O10829,2024-11-15,C1085,P1041,M101,5,521.95,0.05,362.88
O10829,2024-11-15,C1085,P1092,M101,1,791.97,0.1,433.13
O10830,2024-06-24,C1406,P1012,M100,4,692.35,0.0,500.61
O10830,2024-06-24,C1406,P1044,M100,3,474.13,0.05,261.35
O10830,2024-06-24,C1406,P1057,M100,3,505.23,0.1,330.66
O10830,2024-06-24,C1406,P1111,M100,5,591.26,0.15,442.79
O10831,2025-06-30,C1339,P1095,M104,4,674.12,0.15,404.45
O10831,2025-06-30,C1339,P1101,M104,1,475.67,0.2,250.63
O10831,2025-06-30,C1339,P1063,M104,3,748.79,0.1,551.44
O10832,2024-09-28,C1426,P1107,M105,3,581.88,0.1,339.03
O10833,2025-08-28,C1331,P1082,M100,5,504.05,0.05,380.56
O10833,2025-08-28,C1331,P1030,M100,5,543.0,0.2,305.59
O10833,2025-08-28,C1331,P1107,M100,5,249.09,0.15,152.94
O10833,2025-08-28,C1331,P1014,M100,1,350.63,0.15,212.16
O10834,2025-02-24,C1106,P1081,M101,3,142.18,0.15,108.95
O10834,2025-02-24,C1106,P1023,M101,3,763.1,0.1,468.15
O10834,2025-02-24,C1106,P1086,M101,4,261.11,0.05,131.46
O10834,2025-02-24,C1106,P1091,M101,3,785.48,0.1,557.21
O10835,2025-07-05,C1021,P1069,M107,5,315.55,0.0,160.65
O10835,2025-07-05,C1021,P1057,M107,3,55.8,0.0,42.34
O10835,2025-07-05,C1021,P1111,M107,4,254.28,0.1,152.6
O10836,2025-01-21,C1268,P1065,M104,3,672.56,0.1,378.01
O10836,2025-01-21,C1268,P1105,M104,1,547.5,0.05,303.26
O10837,2025-06-28,C1043,P1107,M103,1,569.42,0.0,418.92
O10838,2025-11-25,C1074,P1081,M103,1,697.87,0.2,546.78
O10838,2025-11-25,C1074,P1027,M103,1,205.85,0.0,115.51
O10838,2025-11-25,C1074,P1102,M103,5,962.56,0.0,635.1
O10838,2025-11-25,C1074,P1026,M103,3,953.79,0.2,601.87
O10839,2025-10-31,C1346,P1028,M104,3,615.24,0.1,310.44
O10839,2025-10-31,C1346,P1010,M104,1,32.32,0.15,16.67
O10839,2025-10-31,C1346,P1031,M104,3,707.86,0.05,464.9
O10840,2025-04-12,C1380,P1054,M103,2,657.12,0.2,329.16
O10840,2025-04-12,C1380,P1021,M103,5,119.31,0.15,85.45
O10841,2025-12-07,C1476,P1056,M103,4,145.37,0.2,73.47
O10841,2025-12-07,C1476,P1028,M103,2,189.41,0.15,140.12
O10841,2025-12-07,C1476,P1058,M103,1,473.97,0.2,360.33
O10842,2025-09-18,C1399,P1001,M100,1,978.21,0.15,614.28
O10842,2025-09-18,C1399,P1058,M100,1,178.44,0.0,135.75
O10842,2025-09-18,C1399,P1055,M100,3,316.23,0.05,221.21
O10843,2025-04-16,C1432,P1068,M107,3,735.99,0.2,393.68
O10843,2025-04-16,C1432,P1107,M107,4,916.78,0.2,712.23
O10843,2025-04-16,C1432,P1049,M107,3,655.16,0.05,337.09
O10843,2025-04-16,C1432,P1022,M107,4,259.68,0.0,167.5
O10844,2024-11-03,C1098,P1018,M106,3,462.74,0.2,253.97
O10844,2024-11-03,C1098,P1025,M106,4,430.15,0.2,300.42
O10844,2024-11-03,C1098,P1057,M106,2,492.71,0.0,324.68
O10844,2024-11-03,C1098,P1080,M106,5,683.25,0.0,528.06
O10845,2024-02-21,C1062,P1004,M102,5,396.12,0.1,291.63
O10846,2025-12-10,C1021,P1036,M105,1,160.65,0.15,86.89
O10846,2025-12-10,C1021,P1053,M105,4,956.31,0.05,730.08
O10847,2024-04-21,C1477,P1067,M104,4,677.45,0.1,459.62
O10847,2024-04-21,C1477,P1005,M104,4,518.5,0.15,384.09
O10848,2024-11-04,C1358,P1020,M105,4,124.36,0.2,65.58
O10848,2024-11-04,C1358,P1011,M105,1,419.06,0.05,294.96
O10848,2024-11-04,C1358,P1073,M105,2,597.77,0.1,344.97
O10848,2024-11-04,C1358,P1087,M105,1,178.83,0.0,124.62
O10849,2024-04-02,C1036,P1016,M107,4,490.43,0.2,380.43
O10849,2024-04-02,C1036,P1104,M107,5,321.44,0.0,252.59
O10849,2024-04-02,C1036,P1108,M107,1,393.89,0.15,220.42
O10849,2024-04-02,C1036,P1038,M107,3,999.32,0.1,598.23
O10850,2025-05-30,C1108,P1005,M105,4,351.06,0.15,198.26
O10850,2025-05-30,C1108,P1039,M105,-2,770.74,0.0,409.86
O10850,2025-05-30,C1108,P1044,M105,1,806.6,0.05,587.88
O10850,2025-05-30,C1108,P1049,M105,5,542.54,0.1,409.19
O10851,2025-10-06,C1318,P1118,M106,3,739.44,0.2,533.95
O10851,2025-10-06,C1318,P1103,M106,3,928.24,0.0,560.96
O10852,2025-03-13,C1122,P1060,M101,1,658.83,0.05,427.66
O10852,2025-03-13,C1122,P1012,M101,2,862.62,0.05,658.89
O10852,2025-03-13,C1122,P1051,M101,1,413.94,0.1,238.0
O10853,2024-04-24,C1404,P1056,M105,1,163.27,0.0,102.12
O10854,2025-07-26,C1269,P1074,M102,5,429.31,0.05,228.32
O10855,2025-05-10,C1018,P1086,M101,4,761.44,0.2,384.15
O10855,2025-05-10,C1018,P1014,M101,5,111.2,0.15,61.6
O10856,2025-05-22,C1134,P1013,M103,1,986.21,0.05,499.14
O10856,2025-05-22,C1134,P1020,M103,2,801.77,0.0,608.3
O10856,2025-05-22,C1134,P1096,M103,3,472.57,0.05,267.69
O10856,2025-05-22,C1134,P1015,M103,1,547.12,0.2,321.03
O10857,2024-11-21,C1301,P1066,M100,3,560.15,0.1,356.88
O10857,2024-11-21,C1301,P1087,M100,3,608.22,0.1,373.2
O10857,2024-11-21,C1301,P1042,M100,5,551.16,0.0,364.24
O10857,2024-11-21,C1301,P1103,M100,2,312.94,0.0,223.93
O10858,2024-04-22,C1293,P1094,M104,4,654.67,0.15,408.4
O10859,2024-06-10,C1002,P1094,M100,4,504.55,0.05,308.5
O10860,2024-10-07,C1346,P1022,M102,5,484.18,0.15,271.65
O10861,2025-02-18,C1144,P1068,M100,2,881.62,0.1,698.36
O10862,2025-09-05,C1081,P1035,M106,3,45.26,0.15,35.27
O10863,2025-09-19,C1215,P1035,M104,2,22.95,0.2,12.7
O10863,2025-09-19,C1215,P1011,M104,2,812.62,0.15,460.21
O10863,2025-09-19,C1215,P1080,M104,4,550.44,0.1,285.14
O10863,2025-09-19,C1215,P1022,M104,2,598.0,0.0,394.75
O10864,2025-11-09,C1063,P1117,M107,5,905.36,0.2,672.18
O10864,2025-11-09,C1063,P1084,M107,3,882.86,0.0,530.67
O10865,2025-07-04,C1180,P1027,M106,4,422.43,0.2,288.04
O10865,2025-07-04,C1180,P1112,M106,1,433.74,0.0,251.2
O10865,2025-07-04,C1180,P1089,M106,3,300.22,0.0,183.99
O10865,2025-07-04,C1180,P1104,M106,4,914.38,0.15,614.48
O10866,2025-11-02,C1214,P1117,M107,4,356.35,0.0,247.47
O10866,2025-11-02,C1214,P1008,M107,4,509.38,0.1,386.65
O10866,2025-11-02,C1214,P1007,M107,3,726.34,0.05,473.45
O10867,2024-07-24,C1186,P1108,M107,2,667.48,0.2,482.47
O10867,2024-07-24,C1186,P1034,M107,3,846.77,0.0,431.42
O10868,2024-03-08,C1072,P1102,M105,4,884.52,0.0,660.82
O10868,2024-03-08,C1072,P1095,M105,5,703.75,0.15,433.9
O10868,2024-03-08,C1072,P1027,M105,4,833.87,0.1,517.95
O10868,2024-03-08,C1072,P1116,M105,4,221.6,0.05,129.69
O10869,2024-06-26,C1052,P1095,M102,5,161.43,0.05,92.92
O10869,2024-06-26,C1052,P1102,M102,4,392.0,0.15,248.68
O10869,2024-06-26,C1052,P1059,M102,3,98.93,0.2,58.0
O10870,2024-05-27,C1340,P1017,M106,3,424.57,0.05,305.78
O10870,2024-05-27,C1340,P1021,M106,4,509.69,0.15,371.16
O10871,2025-06-15,C1303,P1107,M106,5,132.34,0.1,90.38
O10871,2025-06-15,C1303,P1028,M106,5,204.96,0.0,113.15
O10871,2025-06-15,C1303,P1006,M106,3,367.65,0.1,209.25
O10871,2025-06-15,C1303,P1054,M106,1,423.46,0.2,314.12
O10872,2025-08-26,C1408,P1064,M101,1,256.44,0.1,190.08
O10872,2025-08-26,C1408,P1044,M101,1,36.03,0.2,22.32
O10872,2025-08-26,C1408,P1092,M101,1,908.54,0.1,605.88
O10873,2024-10-24,C1120,P1076,M106,4,539.9,0.2,324.88
O10873,2024-10-24,C1120,P1076,M106,5,238.33,0.15,144.28
O10874,2025-01-23,C1414,P1119,M106,4,326.33,0.2,227.67
O10875,2024-05-26,C1250,P1089,M104,3,457.75,0.2,244.95
O10876,2024-10-09,C1411,P1014,M101,5,122.45,0.05,94.13
O10876,2024-10-09,C1411,P1107,M101,1,514.13,0.05,367.6
O10876,2024-10-09,C1411,P1063,M101,4,330.25,0.05,214.7
O10876,2024-10-09,C1411,P1030,M101,2,135.28,0.2,98.66
O10877,2024-02-06,C1095,P1020,M101,4,265.68,0.15,144.55
O10877,2024-02-06,C1095,P1054,M101,4,420.7,0.2,276.22
O10877,2024-02-06,C1095,P1081,M101,2,131.68,0.2,89.75
O10877,2024-02-06,C1095,P1009,M101,3,46.16,0.15,32.15
O10878,2025-05-25,C1214,P1044,M101,4,95.58,0.15,56.79
O10878,2025-05-25,C1214,P1005,M101,3,244.44,0.05,152.78
O10878,2025-05-25,C1214,P1026,M101,5,538.9,0.0,363.77
O10878,2025-05-25,C1214,P1115,M101,3,416.59,0.1,209.33
O10879,2025-10-17,C1228,P1028,M102,2,944.13,0.2,637.54
O10879,2025-10-17,C1228,P1063,M102,5,58.67,0.15,34.6
O10880,2025-11-12,C1485,P1052,M104,4,249.51,0.0,130.94
O10881,2024-06-26,C1487,P1111,M102,4,735.13,0.1,480.48
O10881,2024-06-26,C1487,P1050,M102,1,656.09,0.05,509.15
O10881,2024-06-26,C1487,P1105,M102,5,38.71,0.0,30.04
O10881,2024-06-26,C1487,P1086,M102,5,73.85,0.15,39.25
O10882,2025-09-18,C1043,P1027,M106,3,818.93,0.15,412.6
O10883,2025-06-06,C1461,P1069,M107,5,423.82,0.1,269.39
O10883,2025-06-06,C1461,P1068,M107,5,356.73,0.1,255.03
O10883,2025-06-06,C1461,P1004,M107,4,674.8,0.2,523.0
O10883,2025-06-06,C1461,P1040,M107,2,121.38,0.1,89.58
O10884,2025-07-03,C1227,P1113,M104,5,819.24,0.2,518.48
O10884,2025-07-03,C1227,P1073,M104,1,915.01,0.15,646.83
O10884,2025-07-03,C1227,P1096,M104,4,434.55,0.15,230.27
O10885,2025-08-26,C1057,P1107,M107,4,401.53,0.1,318.87
O10886,2025-03-06,C1408,P1046,M102,4,19.6,0.0,12.76
O10886,2025-03-06,C1408,P1009,M102,1,84.34,0.15,51.41
O10886,2025-03-06,C1408,P1040,M102,5,345.14,0.15,250.79
O10886,2025-03-06,C1408,P1101,M102,3,536.17,0.2,369.22
O10887,2025-02-25,C1021,P1010,M103,1,156.27,0.05,112.47
O10887,2025-02-25,C1021,P1002,M103,2,29.33,0.0,19.19
O10887,2025-02-25,C1021,P1032,M103,4,449.35,0.1,239.57
O10887,2025-02-25,C1021,P1066,M103,1,47.82,0.2,33.28
O10888,2025-06-18,C1020,P1101,M107,1,165.93,0.0,83.26
O10888,2025-06-18,C1020,P1023,M107,1,132.23,0.15,70.41
O10888,2025-06-18,C1020,P1078,M107,5,235.15,0.05,125.14
O10888,2025-06-18,C1020,P1096,M107,2,647.12,0.2,456.85
O10889,2025-04-21,C1049,P1014,M104,1,320.24,0.15,197.59
O10890,2025-07-24,C1349,P1066,M104,3,321.24,0.2,243.88
O10891,2024-08-20,C1088,P1068,M106,5,931.5,0.15,621.37
O10891,2024-08-20,C1088,P1023,M106,1,281.8,0.2,155.28
O10892,2024-10-05,C1097,P1114,M107,2,569.17,0.2,434.01
O10893,2024-06-04,C1408,P1086,M104,2,648.46,0.2,365.91
O10894,2024-09-19,C1427,P1068,M107,2,854.64,0.15,476.56
O10894,2024-09-19,C1427,P1116,M107,3,456.03,0.05,358.54
O10894,2024-09-19,C1427,P1059,M107,1,664.91,0.2,438.49
O10894,2024-09-19,C1427,P1068,M107,3,553.99,0.15,376.13
O10895,2024-11-26,C1330,P1042,M105,1,400.04,0.2,251.58
O10895,2024-11-26,C1330,P1036,M105,1,696.91,0.15,499.08
O10895,2024-11-26,C1330,P1064,M105,4,269.78,0.0,187.39
O10896,2024-11-10,C1086,P1045,M105,2,557.89,0.15,395.52
O10896,2024-11-10,C1086,P1049,M105,3,943.18,0.05,616.63
O10896,2024-11-10,C1086,P1037,M105,3,259.66,0.1,182.79
O10897,2025-02-22,C1179,P1007,M103,4,481.8,0.15,378.47
O10898,2025-05-04,C1158,P1060,M101,5,977.94,0.2,654.09
O10898,2025-05-04,C1158,P1046,M101,5,50.82,0.15,36.46
O10898,2025-05-04,C1158,P1049,M101,1,853.63,0.0,563.09
O10898,2025-05-04,C1158,P1106,M101,1,582.45,0.1,311.91
O10899,2024-07-25,C1125,P1089,M105,1,293.79,0.0,154.29
O10899,2024-07-25,C1125,P1059,M105,1,915.31,0.1,669.22
O10899,2024-07-25,C1125,P1021,M105,1,602.65,0.1,420.46
O10899,2024-07-25,C1125,P1118,M105,3,796.85,0.15,514.36
O10900,2025-03-08,C1139,P1075,M107,4,110.25,0.1,67.76
O10900,2025-03-08,C1139,P1010,M107,4,809.89,0.2,415.03
O10901,2024-10-30,C1289,P1096,M103,4,713.11,0.1,534.82
O10901,2024-10-30,C1289,P1047,M103,4,525.36,0.05,279.62
O10902,2025-07-24,C1442,P1110,M105,1,705.39,0.15,397.5
O10902,2025-07-24,C1442,P1110,M105,5,976.31,0.05,610.31
O10902,2025-07-24,C1442,P1086,M105,1,39.72,0.05,26.03
O10902,2025-07-24,C1442,P1066,M105,4,953.59,0.05,742.15
O10903,2024-03-15,C1112,P1090,M105,3,50.38,0.0,30.6
O10903,2024-03-15,C1112,P1095,M105,3,923.27,0.2,686.49
O10903,2024-03-15,C1112,P1030,M105,4,739.63,0.05,431.08
O10904,2024-10-02,C1218,P1000,M106,4,40.19,0.0,30.44
O10904,2024-10-02,C1218,P1042,M106,1,754.16,0.2,401.26
O10904,2024-10-02,C1218,P1016,M106,3,376.3,0.05,276.68
O10904,2024-10-02,C1218,P1098,M106,1,212.46,0.2,127.31
O10905,2024-05-31,C1208,P1075,M107,1,446.71,0.2,241.88
O10905,2024-05-31,C1208,P1118,M107,5,855.48,0.15,485.71
O10906,2024-05-25,C1362,P1041,M105,5,385.1,0.15,200.76
O10906,2024-05-25,C1362,P1107,M105,2,705.14,0.2,537.06
O10907,2024-07-05,C1491,P1020,M107,4,911.77,0.15,666.93
O10907,2024-07-05,C1491,P1092,M107,4,166.51,0.05,92.66
O10907,2024-07-05,C1491,P1035,M107,2,931.22,0.2,692.24
O10907,2024-07-05,C1491,P1103,M107,5,498.15,0.15,390.05
O10908,2024-10-19,C1328,P1091,M107,5,804.74,0.1,412.47
O10908,2024-10-19,C1328,P1051,M107,3,480.9,0.15,382.7
O10908,2024-10-19,C1328,P1072,M107,4,258.08,0.2,165.26
O10909,2024-01-05,C1224,P1073,M106,1,881.45,0.0,676.87
O10909,2024-01-05,C1224,P1084,M106,3,421.63,0.1,298.0
O10909,2024-01-05,C1224,P1083,M106,4,257.5,0.15,186.39
O10909,2024-01-05,C1224,P1019,M106,4,259.76,0.15,172.91
O10910,2025-04-18,C1307,P1102,M102,2,480.33,0.2,292.02
O10911,2025-11-27,C1361,P1016,M104,4,538.59,0.05,424.67
O10911,2025-11-27,C1361,P1084,M104,2,178.57,0.1,111.78
O10912,2025-08-27,C1317,P1031,M103,1,72.34,0.05,47.98
O10912,2025-08-27,C1317,P1004,M103,1,193.5,0.05,104.57
O10913,2025-08-23,C1323,P1113,M101,1,644.45,0.15,346.61
O10914,2025-11-23,C1058,P1088,M107,2,218.36,0.0,152.38
O10914,2025-11-23,C1058,P1012,M107,5,561.36,0.05,437.86
O10915,2024-04-21,C1013,P1116,M100,1,960.41,0.2,560.01
O10915,2024-04-21,C1013,P1086,M100,3,180.47,0.0,97.39
O10916,2025-01-02,C1480,P1085,M101,4,278.2,0.2,141.63
O10916,2025-01-02,C1480,P1010,M101,3,625.61,0.15,350.32
O10917,2024-07-23,C1272,P1077,M105,2,594.41,0.2,298.23
O10917,2024-07-23,C1272,P1001,M105,1,199.58,0.0,106.61
O10917,2024-07-23,C1272,P1113,M105,1,675.22,0.0,483.64
O10918,2025-11-06,C1402,P1022,M107,3,234.62,0.0,184.45
O10918,2025-11-06,C1402,P1043,M107,1,833.44,0.15,420.63
O10918,2025-11-06,C1402,P1077,M107,4,844.75,0.0,634.55
O10919,2024-02-05,C1496,P1015,M105,3,830.16,0.15,453.19
O10920,2024-06-13,C1155,P1046,M104,1,419.07,0.15,284.88
O10920,2024-06-13,C1155,P1092,M104,3,410.32,0.05,291.43
O10921,2024-09-19,C1468,P1057,M103,3,381.62,0.2,254.33
O10921,2024-09-19,C1468,P1072,M103,1,73.68,0.1,50.8
O10922,2024-08-01,C1250,P1067,M101,3,336.12,0.1,259.9
O10922,2024-08-01,C1250,P1093,M101,5,638.19,0.05,431.91
O10922,2024-08-01,C1250,P1073,M101,1,298.47,0.15,229.77
O10922,2024-08-01,C1250,P1042,M101,3,506.43,0.1,388.48
O10923,2024-11-16,C1421,P1051,M100,4,263.53,0.0,169.39
O10923,2024-11-16,C1421,P1010,M100,3,759.89,0.1,547.38
O10923,2024-11-16,C1421,P1045,M100,3,162.52,0.15,86.16
O10924,2024-10-26,C1448,P1014,M100,4,135.22,0.15,81.19
O10925,2024-10-19,C1449,P1070,M107,5,842.63,0.15,545.82
O10925,2024-10-19,C1449,P1069,M107,2,453.5,0.2,288.01
O10926,2024-04-12,C1383,P1046,M103,5,539.04,0.1,276.37
O10926,2024-04-12,C1383,P1069,M103,4,719.81,0.15,406.61
O10926,2024-04-12,C1383,P1052,M103,3,759.83,0.1,605.48
O10927,2024-04-01,C1233,P1010,M104,4,459.22,0.1,324.31
O10927,2024-04-01,C1233,P1036,M104,1,54.3,0.1,36.38
O10927,2024-04-01,C1233,P1000,M104,5,154.56,0.05,91.64
O10927,2024-04-01,C1233,P1069,M104,5,760.82,0.2,565.41
O10928,2024-01-02,C1095,P1045,M106,4,297.38,0.0,150.81
O10928,2024-01-02,C1095,P1041,M106,5,518.25,0.2,371.3
O10928,2024-01-02,C1095,P1067,M106,1,935.45,0.0,673.23
O10928,2024-01-02,C1095,P1024,M106,4,822.09,0.05,565.55
O10929,2025-10-28,C1355,P1088,M100,2,516.9,0.05,347.41
O10929,2025-10-28,C1355,P1106,M100,1,633.62,0.1,496.14
O10929,2025-10-28,C1355,P1019,M100,4,36.12,0.0,23.42
O10930,2024-01-17,C1146,P1106,M100,3,347.25,0.2,192.32
O10931,2025-02-09,C1269,P1033,M101,2,498.6,0.0,308.72
O10931,2025-02-09,C1269,P1099,M101,4,272.22,0.1,181.44
O10932,2025-04-24,C1377,P1015,M107,2,559.71,0.2,362.64
O10932,2025-04-24,C1377,P1101,M107,1,948.06,0.2,680.34
O10933,2024-08-23,C1096,P1104,M105,2,620.06,0.05,494.04
O10934,2024-09-18,C1160,P1052,M106,3,190.51,0.0,151.11
O10934,2024-09-18,C1160,P1103,M106,3,215.94,0.0,136.55
O10934,2024-09-18,C1160,P1017,M106,5,146.39,0.2,82.47
O10934,2024-09-18,C1160,P1078,M106,4,976.25,0.05,691.75
O10935,2025-09-09,C1155,P1113,M101,3,677.26,0.2,518.28
O10935,2025-09-09,C1155,P1108,M101,1,764.13,0.05,439.64
O10935,2025-09-09,C1155,P1112,M101,3,754.88,0.0,450.96
O10935,2025-09-09,C1155,P1058,M101,3,121.26,0.05,68.94
O10936,2025-07-29,C1193,P1098,M101,1,302.65,0.2,222.88
O10936,2025-07-29,C1193,P1065,M101,4,590.04,0.05,416.59
O10936,2025-07-29,C1193,P1034,M101,3,122.34,0.0,76.56
O10937,2024-12-24,C1307,P1106,M103,4,78.7,0.05,51.89
O10937,2024-12-24,C1307,P1119,M103,5,793.44,0.15,582.57
O10937,2024-12-24,C1307,P1009,M103,2,59.56,0.2,43.68
O10937,2024-12-24,C1307,P1118,M103,2,568.49,0.1,354.08
O10938,2025-03-03,C1251,P1061,M104,2,66.15,0.0,36.61
O10938,2025-03-03,C1251,P1018,M104,1,582.29,0.0,398.51
O10938,2025-03-03,C1251,P1039,M104,4,880.32,0.1,615.73
O10938,2025-03-03,C1251,P1059,M104,2,553.65,0.2,373.17
O10939,2024-10-28,C1188,P1024,M103,1,729.71,0.0,532.16
O10939,2024-10-28,C1188,P1109,M103,1,137.75,0.1,97.26
O10940,2024-09-16,C1477,P1075,M104,3,843.1,0.0,500.5
O10940,2024-09-16,C1477,P1094,M104,1,413.1,0.0,272.83
O10941,2024-06-04,C1325,P1001,M106,5,600.66,0.15,328.69
O10941,2024-06-04,C1325,P1067,M106,1,62.12,0.0,33.12
O10941,2024-06-04,C1325,P1008,M106,5,897.61,0.2,609.89
O10942,2024-08-12,C1410,P1016,M107,5,18.06,0.05,12.19
O10942,2024-08-12,C1410,P1021,M107,1,984.35,0.0,721.68
O10943,2024-09-26,C1089,P1042,M107,3,627.39,0.05,324.9
O10943,2024-09-26,C1089,P1078,M107,5,824.66,0.1,585.79
O10943,2024-09-26,C1089,P1087,M107,3,999.5,0.2,672.49
O10943,2024-09-26,C1089,P1082,M107,4,237.53,0.05,169.66
O10944,2024-10-03,C1465,P1065,M103,4,24.13,0.15,19.09
O10945,2024-11-19,C1249,P1105,M103,2,143.37,0.15,105.78
O10945,2024-11-19,C1249,P1056,M103,3,361.45,0.2,208.51
O10945,2024-11-19,C1249,P1083,M103,1,826.94,0.1,577.99
O10945,2024-11-19,C1249,P1057,M103,2,686.86,0.2,435.79
O10946,2024-05-27,C1428,P1107,M101,4,492.15,0.15,284.27
O10947,2025-12-23,C1225,P1108,M103,3,724.36,0.2,473.48
O10947,2025-12-23,C1225,P1048,M103,5,693.0,0.0,389.53
O10947,2025-12-23,C1225,P1011,M103,3,817.03,0.1,427.59
O10948,2024-06-30,C1283,P1067,M103,2,114.9,0.1,67.49
O10948,2024-06-30,C1283,P1089,M103,2,17.71,0.1,9.42
O10949,2025-06-30,C1293,P1056,M107,1,12.67,0.15,6.71
O10949,2025-06-30,C1293,P1080,M107,4,506.34,0.2,278.89
O10950,2024-01-20,C1414,P1106,M101,4,650.6,0.2,439.26
O10950,2024-01-20,C1414,P1090,M101,2,83.37,0.2,57.08
O10950,2024-01-20,C1414,P1087,M101,3,738.66,0.15,490.2
O10951,2025-09-29,C1186,P1081,M107,2,49.02,0.1,26.87
O10951,2025-09-29,C1186,P1027,M107,3,536.99,0.05,380.98
O10951,2025-09-29,C1186,P1026,M107,1,226.55,0.15,145.18
O10952,2025-05-03,C1276,P1056,M105,2,534.14,0.15,318.72
O10953,2024-12-27,C1384,P1012,M100,4,966.44,0.1,565.74
O10953,2024-12-27,C1384,P1082,M100,2,466.08,0.15,369.92
O10953,2024-12-27,C1384,P1024,M100,2,988.99,0.0,710.91
O10954,2024-07-20,C1417,P1113,M101,2,934.08,0.2,530.76
O10955,2025-03-18,C1449,P1098,M100,3,424.2,0.1,288.98
O10955,2025-03-18,C1449,P1026,M100,1,43.45,0.1,22.63
O10955,2025-03-18,C1449,P1102,M100,4,352.49,0.15,225.85
O10955,2025-03-18,C1449,P1019,M100,2,53.65,0.2,29.17
O10956,2025-01-23,C1451,P1057,M106,2,475.55,0.1,254.28
O10956,2025-01-23,C1451,P1048,M106,3,344.57,0.05,238.18
O10956,2025-01-23,C1451,P1033,M106,2,255.98,0.0,136.2
O10957,2024-05-21,C1384,P1118,M107,2,700.12,0.2,535.25
O10957,2024-05-21,C1384,P1113,M107,4,81.55,0.15,53.84
O10957,2024-05-21,C1384,P1045,M107,3,346.87,0.0,219.14
O10958,2025-10-18,C1274,P1033,M104,4,501.21,0.1,297.42
O10958,2025-10-18,C1274,P1098,M104,1,111.37,0.05,62.58
O10958,2025-10-18,C1274,P1016,M104,4,386.35,0.05,276.39
O10958,2025-10-18,C1274,P1075,M104,1,259.75,0.1,147.11
O10959,2024-07-21,C1435,P1032,M102,5,411.35,0.1,223.51
O10959,2024-07-21,C1435,P1103,M102,5,161.88,0.05,120.0
O10959,2024-07-21,C1435,P1053,M102,3,412.5,0.2,269.39
O10960,2024-11-10,C1308,P1087,M106,2,402.92,0.2,219.99
O10960,2024-11-10,C1308,P1083,M106,2,73.76,0.05,42.23
O10960,2024-11-10,C1308,P1100,M106,5,910.37,0.15,666.16
O10961,2025-04-07,C1290,P1045,M102,5,235.56,0.2,143.1
O10961,2025-04-07,C1290,P1094,M102,2,32.38,0.15,18.18
O10962,2025-05-12,C1410,P1039,M101,2,860.6,0.2,493.88
O10962,2025-05-12,C1410,P1032,M101,4,454.99,0.1,361.63
O10962,2025-05-12,C1410,P1026,M101,1,709.31,0.05,508.36
O10962,2025-05-12,C1410,P1114,M101,4,447.73,0.1,276.2
O10963,2025-02-17,C1325,P1050,M102,5,393.2,0.1,291.32
O10963,2025-02-17,C1325,P1061,M102,1,57.11,0.2,44.94
O10964,2025-05-19,C1033,P1041,M103,5,691.49,0.05,483.66
O10965,2024-08-08,C1260,P1010,M101,2,206.93,0.1,160.47
O10965,2024-08-08,C1260,P1064,M101,2,443.4,0.05,327.01
O10965,2024-08-08,C1260,P1023,M101,1,671.25,0.05,362.24
O10966,2025-09-07,C1318,P1077,M103,2,675.54,0.1,445.33
O10966,2025-09-07,C1318,P1000,M103,5,208.61,0.0,114.44
O10966,2025-09-07,C1318,P1059,M103,2,702.12,0.05,429.71
O10967,2025-05-09,C1049,P1058,M101,5,203.61,0.05,158.65
O10967,2025-05-09,C1049,P1109,M101,5,406.35,0.15,235.18
O10967,2025-05-09,C1049,P1018,M101,1,604.25,0.0,437.1
O10968,2025-06-07,C1189,P1119,M104,5,417.87,0.0,297.47
O10968,2025-06-07,C1189,P1090,M104,5,581.96,0.2,410.7
O10969,2025-12-31,C1199,P1074,M107,3,168.31,0.2,105.61
O10969,2025-12-31,C1199,P1016,M107,2,948.57,0.1,618.67
O10969,2025-12-31,C1199,P1038,M107,2,332.45,0.2,168.62
O10970,2024-11-01,C1294,P1004,M101,1,915.3,0.15,609.76
O10971,2024-08-02,C1214,P1099,M105,2,467.73,0.1,235.28
O10971,2024-08-02,C1214,P1111,M105,1,118.31,0.1,73.12
O10972,2024-05-24,C1228,P1044,M105,2,769.51,0.05,512.19
O10972,2024-05-24,C1228,P1088,M105,4,746.07,0.1,462.75
O10972,2024-05-24,C1228,P1110,M105,1,207.69,0.15,148.43
O10973,2025-09-14,C1340,P1022,M100,3,912.5,0.15,579.68
O10973,2025-09-14,C1340,P1099,M100,2,504.98,0.05,285.5
O10973,2025-09-14,C1340,P1086,M100,1,265.18,0.05,170.83
O10974,2025-11-20,C1013,P1102,M103,5,27.26,0.1,15.85
O10975,2024-05-11,C1200,P1069,M100,4,632.82,0.15,462.61
O10975,2024-05-11,C1200,P1004,M100,5,523.45,0.2,302.65
O10976,2024-07-17,C1455,P1064,M101,5,966.52,0.0,650.07
O10976,2024-07-17,C1455,P1119,M101,4,462.99,0.1,335.41
O10976,2024-07-17,C1455,P1115,M101,4,320.44,0.2,231.96
O10976,2024-07-17,C1455,P1066,M101,2,729.32,0.1,368.68
O10977,2025-03-23,C1390,P1058,M103,3,641.44,0.15,408.75
O10977,2025-03-23,C1390,P1045,M103,1,833.51,0.05,504.06
O10978,2024-06-04,C1192,P1113,M106,5,931.71,0.15,562.34
O10978,2024-06-04,C1192,P1018,M106,4,348.09,0.05,254.29
O10978,2024-06-04,C1192,P1011,M106,4,985.42,0.1,564.46
O10978,2024-06-04,C1192,P1051,M106,1,79.19,0.0,53.27
O10979,2024-01-12,C1097,P1103,M107,1,11.91,0.0,9.42
O10980,2024-11-18,C1096,P1083,M103,1,734.98,0.1,414.8
O10980,2024-11-18,C1096,P1023,M103,5,986.17,0.1,634.16
O10980,2024-11-18,C1096,P1015,M103,1,345.41,0.0,191.9
O10980,2024-11-18,C1096,P1076,M103,3,538.06,0.05,355.8
O10981,2025-03-01,C1248,P1098,M102,4,405.12,0.1,215.51
O10981,2025-03-01,C1248,P1052,M102,5,398.86,0.05,251.08
O10981,2025-03-01,C1248,P1079,M102,1,546.94,0.15,381.58
O10982,2024-03-07,C1057,P1011,M102,5,219.05,0.0,110.84
O10982,2024-03-07,C1057,P1048,M102,1,765.37,0.05,391.44
O10983,2025-10-16,C1319,P1105,M104,1,518.89,0.15,403.55
O10983,2025-10-16,C1319,P1016,M104,1,334.17,0.1,260.35
O10983,2025-10-16,C1319,P1051,M104,1,208.01,0.15,133.11
O10984,2024-07-24,C1050,P1033,M106,1,564.28,0.05,333.74
O10984,2024-07-24,C1050,P1043,M106,2,597.81,0.05,394.6
O10985,2025-12-05,C1420,P1049,M105,4,664.77,0.05,382.61
O10985,2025-12-05,C1420,P1034,M105,3,300.46,0.2,213.04
O10985,2025-12-05,C1420,P1017,M105,4,31.94,0.05,19.46
O10985,2025-12-05,C1420,P1037,M105,4,652.16,0.2,473.07
O10986,2025-01-15,C1311,P1002,M100,3,980.19,0.1,629.98
O10986,2025-01-15,C1311,P1065,M100,4,404.03,0.0,282.17
O10986,2025-01-15,C1311,P1060,M100,4,170.94,0.05,132.47
O10986,2025-01-15,C1311,P1030,M100,4,24.8,0.0,18.27
O10987,2025-06-19,C1167,P1043,M104,1,732.4,0.1,539.17
O10987,2025-06-19,C1167,P1027,M104,4,825.11,0.15,608.1
O10987,2025-06-19,C1167,P1058,M104,5,849.49,0.1,426.47
O10988,2025-02-18,C1330,P1001,M101,4,649.49,0.05,335.6
O10988,2025-02-18,C1330,P1009,M101,5,87.74,0.2,47.94
O10989,2025-09-17,C1201,P1116,M105,5,850.54,0.0,568.05
O10990,2025-03-28,C1451,P1059,M107,4,978.54,0.0,678.25
O10991,2025-06-14,C1321,P1066,M105,5,205.51,0.2,120.52
O10992,2025-04-06,C1173,P1043,M106,3,293.2,0.05,209.24
O10993,2024-03-01,C1336,P1094,M105,2,269.01,0.0,168.27
O10993,2024-03-01,C1336,P1070,M105,3,723.46,0.05,486.43
O10993,2024-03-01,C1336,P1048,M105,2,567.04,0.2,320.47
O10994,2024-05-02,C1218,P1009,M105,3,676.66,0.05,394.96
O10994,2024-05-02,C1218,P1085,M105,5,208.35,0.05,154.29
O10994,2024-05-02,C1218,P1042,M105,2,732.31,0.2,523.84
O10995,2025-11-23,C1138,P1017,M104,1,228.04,0.0,116.87
O10996,2024-02-04,C1377,P1063,M100,4,420.17,0.1,261.92
O10996,2024-02-04,C1377,P1033,M100,2,918.18,0.1,691.83
O10996,2024-02-04,C1377,P1119,M100,4,176.83,0.15,108.05
O10997,2025-05-12,C1283,P1116,M106,1,136.35,0.1,87.46
O10998,2024-03-19,C1265,P1030,M100,2,939.08,0.15,529.27
O10998,2024-03-19,C1265,P1032,M100,3,908.61,0.2,691.43
O10999,2024-12-26,C1384,P1095,M100,1,617.95,0.05,352.41
O10999,2024-12-26,C1384,P1093,M100,4,650.7,0.0,488.4
O11000,2024-10-29,C1481,P1049,M106,4,824.99,0.0,655.43
O11000,2024-10-29,C1481,P1094,M106,2,13.09,0.05,8.4
O11001,2024-11-04,C1392,P1062,M102,5,91.91,0.2,64.62
O11001,2024-11-04,C1392,P1031,M102,4,63.36,0.15,33.18
O11001,2024-11-04,C1392,P1078,M102,4,260.97,0.2,141.04
O11002,2024-07-02,C1416,P1063,M101,2,516.32,0.05,346.32
O11002,2024-07-02,C1416,P1014,M101,2,534.96,0.05,307.81
O11003,2024-02-24,C1157,P1075,M104,4,448.42,0.1,324.0
O11003,2024-02-24,C1157,P1108,M104,5,803.59,0.0,458.21
O11004,2025-07-05,C1096,P1032,M107,5,788.8,0.1,509.0
O11004,2025-07-05,C1096,P1039,M107,2,10.18,0.15,6.82
O11005,2025-02-06,C1485,P1085,M105,5,603.72,0.05,437.63
O11005,2025-02-06,C1485,P1012,M105,5,343.42,0.05,272.27
O11005,2025-02-06,C1485,P1099,M105,2,933.17,0.0,590.67
O11006,2025-06-14,C1011,P1006,M100,4,475.39,0.05,356.09
O11006,2025-06-14,C1011,P1055,M100,3,360.37,0.15,252.09
O11006,2025-06-14,C1011,P1104,M100,1,871.7,0.1,520.79
O11006,2025-06-14,C1011,P1041,M100,1,587.6,0.0,376.85
O11007,2025-02-10,C1459,P1003,M106,5,907.05,0.0,686.91
O11007,2025-02-10,C1459,P1029,M106,1,947.24,0.2,544.73
O11007,2025-02-10,C1459,P1039,M106,4,188.1,0.1,120.95
O11008,2024-04-22,C1334,P1025,M103,1,939.94,0.1,685.11
O11008,2024-04-22,C1334,P1094,M103,1,887.21,0.15,602.75
O11009,2024-05-11,C1278,P1091,M106,3,41.84,0.1,26.15
O11009,2024-05-11,C1278,P1029,M106,5,109.8,0.05,60.73
O11010,2024-01-23,C1316,P1037,M100,4,18.14,0.05,9.26
O11010,2024-01-23,C1316,P1009,M100,1,286.29,0.15,199.31
O11010,2024-01-23,C1316,P1032,M100,1,509.59,0.1,389.0
O11011,2025-01-06,C1247,P1084,M105,5,936.79,0.05,565.29
O11011,2025-01-06,C1247,P1016,M105,3,318.08,0.15,212.74
O11011,2025-01-06,C1247,P1015,M105,5,993.29,0.0,563.66
O11012,2025-05-29,C1359,P1103,M107,2,626.93,0.1,429.95
O11013,2024-07-08,C1336,P1038,M102,5,10.93,0.15,7.57
O11014,2025-09-04,C1356,P1017,M103,1,811.81,0.15,576.27
O11014,2025-09-04,C1356,P1001,M103,5,516.91,0.15,332.44
O11014,2025-09-04,C1356,P1046,M103,5,195.85,0.05,151.67
O11014,2025-09-04,C1356,P1039,M103,5,265.58,0.15,142.47
O11015,2024-08-23,C1178,P1069,M100,2,237.66,0.2,165.45
O11015,2024-08-23,C1178,P1112,M100,4,754.63,0.05,581.03
O11016,2024-07-16,C1146,P1016,M101,3,990.47,0.05,684.1
O11016,2024-07-16,C1146,P1046,M101,4,983.12,0.15,678.26
O11016,2024-07-16,C1146,P1064,M101,3,266.65,0.05,180.4
O11016,2024-07-16,C1146,P1112,M101,1,354.53,0.0,221.59
O11017,2025-12-03,C1041,P1065,M101,3,116.78,0.15,70.58
O11018,2024-11-18,C1485,P1019,M104,4,848.54,0.15,521.72
O11019,2024-05-21,C1459,P1067,M104,2,272.84,0.0,156.16
O11020,2024-03-31,C1475,P1108,M106,1,536.92,0.05,347.19
O11020,2024-03-31,C1475,P1083,M106,1,219.17,0.15,124.22
O11020,2024-03-31,C1475,P1033,M106,4,546.18,0.1,325.46
O11020,2024-03-31,C1475,P1021,M106,1,467.87,0.2,238.95
O11021,2024-06-08,C1099,P1102,M107,3,628.77,0.05,346.77
O11021,2024-06-08,C1099,P1096,M107,2,749.54,0.1,395.95
O11021,2024-06-08,C1099,P1079,M107,4,30.31,0.0,21.37
O11022,2024-09-01,C1382,P1036,M100,3,82.24,0.2,44.71
O11022,2024-09-01,C1382,P1020,M100,2,848.32,0.0,597.68
O11022,2024-09-01,C1382,P1092,M100,2,240.01,0.0,151.7
O11023,2024-09-05,C1438,P1001,M103,1,49.06,0.15,33.73
O11023,2024-09-05,C1438,P1040,M103,4,681.86,0.05,399.84
O11023,2024-09-05,C1438,P1111,M103,5,403.62,0.2,210.43
O11023,2024-09-05,C1438,P1089,M103,4,889.31,0.0,670.12
O11024,2025-12-12,C1258,P1100,M105,5,889.81,0.2,519.71
O11025,2025-11-03,C1117,P1051,M104,4,495.03,0.15,309.45
O11025,2025-11-03,C1117,P1097,M104,4,372.58,0.1,287.04
O11025,2025-11-03,C1117,P1062,M104,1,460.81,0.2,315.58
O11026,2024-01-19,C1076,P1030,M102,4,417.45,0.1,212.94
O11026,2024-01-19,C1076,P1001,M102,1,424.26,0.0,268.83
O11026,2024-01-19,C1076,P1054,M102,1,523.7,0.1,297.59
O11026,2024-01-19,C1076,P1041,M102,5,249.99,0.1,129.86
O11027,2024-06-15,C1069,P1092,M102,2,692.74,0.1,476.6
O11027,2024-06-15,C1069,P1089,M102,2,682.52,0.05,420.68
O11027,2024-06-15,C1069,P1080,M102,4,156.05,0.15,78.65
O11027,2024-06-15,C1069,P1050,M102,1,144.87,0.05,73.38
O11028,2024-12-30,C1076,P1012,M104,1,28.39,0.15,16.13
O11029,2024-07-05,C1168,P1089,M100,3,746.19,0.2,543.82
O11029,2024-07-05,C1168,P1020,,3,252.39,0.05,165.66
O11030,2025-09-30,C1362,P1108,M104,3,219.68,0.1,131.03
O11031,2024-03-20,C1251,P1018,M100,5,962.36,0.1,667.27
O11031,2024-03-20,C1251,P1100,M100,5,633.06,0.0,379.43
O11032,2024-04-19,C1047,P1088,M103,2,891.92,0.2,612.53
O11032,2024-04-19,C1047,P1067,M103,5,174.65,0.2,92.11
O11032,2024-04-19,C1047,P1013,M103,2,727.85,0.2,420.78
O11032,2024-04-19,C1047,P1082,M103,5,550.15,0.0,386.0
O11033,2024-07-13,C1241,P1113,M107,2,201.8,0.15,123.88
O11033,2024-07-13,C1241,P1028,M107,5,337.29,0.1,234.18
O11034,2025-06-26,C1068,P1075,M100,3,801.58,0.2,420.95
O11035,2025-10-01,C1113,P1069,M106,5,339.35,0.0,171.4
O11035,2025-10-01,C1113,P1102,M106,4,280.97,0.15,168.84
O11035,2025-10-01,C1113,P1112,M106,3,274.04,0.0,150.18
O11035,2025-10-01,C1113,P1093,M106,5,108.24,0.0,54.77
O11036,2025-07-04,C1383,P1065,M104,2,329.22,0.2,242.93
O11037,2024-06-16,C1096,P1096,M100,2,935.87,0.05,534.09
O11037,2024-06-16,C1096,P1085,M100,3,220.93,0.0,155.64
O11037,2024-06-16,C1096,P1072,M100,1,716.32,0.1,535.04
O11037,2024-06-16,C1096,P1032,M100,3,954.83,0.2,591.41
O11038,2024-04-13,C1242,P1116,M104,2,366.72,0.15,250.64
O11038,2024-04-13,C1242,P1068,M104,3,979.47,0.2,635.71
O11038,2024-04-13,C1242,P1013,M104,4,485.43,0.15,249.79
O11039,2025-08-09,C1130,P1084,M104,5,366.86,0.15,247.81
O11039,2025-08-09,C1130,P1119,M104,2,380.98,0.0,276.08
O11039,2025-08-09,C1130,P1064,M104,1,117.91,0.0,84.18
O11039,2025-08-09,C1130,P1040,M104,4,622.9,0.1,434.33
O11040,2025-09-17,C1178,P1114,M102,3,323.43,0.15,196.07
O11041,2024-08-14,C1187,P1086,M104,5,978.49,0.15,648.99
O11042,2024-11-16,C1074,P1022,M106,4,55.03,0.1,41.06
O11043,2024-02-23,C1485,P1045,M103,-3,374.31,0.05,216.19
O11043,2024-02-23,C1485,P1023,M103,1,908.95,0.15,455.66
O11043,2024-02-23,C1485,P1053,M103,5,316.39,0.15,186.44
O11043,2024-02-23,C1485,P1112,M103,1,953.9,0.0,588.38
O11044,2025-12-20,C1115,P1108,M100,3,432.84,0.15,226.85
O11044,2025-12-20,C1115,P1095,M100,1,198.9,0.2,114.56
O11044,2025-12-20,C1115,P1087,M100,1,788.68,0.15,451.67
O11044,2025-12-20,C1115,P1003,M100,2,814.33,0.0,527.2
O11045,2025-11-12,C1309,P1097,M102,5,297.19,0.15,200.3
O11045,2025-11-12,C1309,P1067,M102,2,47.56,0.15,35.0
O11045,2025-11-12,C1309,P1113,M102,2,998.29,0.15,604.11
O11046,2024-12-23,C1409,P1025,M101,2,569.99,0.0,405.51
O11046,2024-12-23,C1409,P1006,M101,1,440.26,0.05,221.19
O11047,2024-05-17,C1447,P1076,M106,2,536.05,0.0,378.86
O11047,2024-05-17,C1447,P1062,M106,3,767.5,0.0,484.03
O11048,2024-08-01,C1184,P1003,M107,3,626.4,0.05,457.78
O11048,2024-08-01,C1184,P1029,M107,4,744.1,0.1,585.83
O11049,2025-12-31,C1053,P1003,M103,1,12.12,0.05,9.04
O11049,2025-12-31,C1053,P1031,M103,4,605.53,0.15,325.38
O11049,2025-12-31,C1053,P1047,M103,1,559.38,0.15,447.09
O11050,2024-07-03,C1144,P1095,M106,3,186.61,0.2,106.91
O11050,2024-07-03,C1144,P1062,M106,3,779.09,0.0,589.4
O11051,2024-06-11,C1028,P1032,M101,2,261.68,0.0,158.04
O11051,2024-06-11,C1028,P1055,M101,3,826.96,0.2,655.52
O11051,2024-06-11,C1028,P1006,M101,4,573.42,0.2,372.23
O11052,2024-07-18,C1358,P1088,M100,5,649.94,0.15,334.95
O11052,2024-07-18,C1358,P1048,M100,2,339.71,0.0,235.86
O11052,2024-07-18,C1358,P1057,M100,1,969.56,0.0,530.99
O11053,2025-01-10,C1220,P1086,M107,3,648.56,0.1,354.07
O11054,2025-05-02,C1435,P1065,M106,4,594.68,0.05,328.87
O11054,2025-05-02,C1435,P1029,M106,1,795.78,0.15,624.77
O11054,2025-05-02,C1435,P1105,M106,1,295.78,0.15,221.16
O11055,2024-01-16,C1148,P1066,M101,2,388.96,0.15,259.74
O11055,2024-01-16,C1148,P1038,M101,3,281.99,0.1,191.84
O11056,2024-04-22,C1267,P1117,M105,5,783.14,0.2,467.6
O11057,2024-01-08,C1222,P1076,M104,3,848.45,0.15,637.46
O11057,2024-01-08,C1222,P1088,M104,4,890.55,0.0,624.37
O11058,2024-01-21,C1258,P1034,M101,5,908.81,0.1,590.93
O11058,2024-01-21,C1258,P1095,M101,3,152.69,0.2,108.12
O11058,2024-01-21,C1258,P1005,M101,3,854.45,0.05,466.7
O11059,2025-07-16,C1110,P1088,M106,3,262.86,0.0,184.82
O11059,2025-07-16,C1110,P1021,M106,1,57.79,0.05,39.3
O11059,2025-07-16,C1110,P1020,M106,3,836.62,0.0,500.45
O11060,2025-04-13,C1006,P1006,M103,2,464.57,0.2,252.47
O11060,2025-04-13,C1006,P1002,M103,1,176.53,0.2,112.68
O11060,2025-04-13,C1006,P1027,M103,5,974.29,0.1,594.96
O11061,2024-06-04,C1109,P1082,M107,1,112.23,0.1,73.76
O11061,2024-06-04,C1109,P1057,M107,2,626.92,0.0,338.33
O11061,2024-06-04,C1109,P1099,M107,3,467.15,0.05,274.87
O11061,2024-06-04,C1109,P1067,M107,4,503.74,0.15,362.9
O11062,2024-07-03,C1387,P1087,M102,1,697.73,0.2,435.67
O11062,2024-07-03,C1387,P1036,M102,5,58.95,0.1,31.31
O11062,2024-07-03,C1387,P1013,M102,2,816.41,0.2,487.03
O11062,2024-07-03,C1387,P1119,M102,2,35.32,0.0,20.16
O11063,2024-11-13,C1355,P1061,M107,5,713.82,0.1,392.58
O11064,2024-10-08,C1159,P1034,M100,2,594.22,0.1,437.89
O11064,2024-10-08,C1159,P1009,M100,4,36.08,0.0,23.8
O11064,2024-10-08,C1159,P1097,M100,4,768.89,0.2,488.94
O11065,2024-04-12,C1128,P1015,M102,5,715.9,0.0,477.37
O11066,2024-11-10,C1418,P1050,M100,5,448.07,0.0,290.46
O11067,2024-04-03,C1181,P1015,M105,1,548.76,0.15,311.24
O11067,2024-04-03,C1181,P1016,M105,4,538.85,0.1,410.64
O11067,2024-04-03,C1181,P1021,M105,3,135.3,0.05,102.75
O11067,2024-04-03,C1181,P1081,M105,4,716.93,0.2,367.74
O11068,2024-06-13,C1422,P1039,M103,4,761.21,0.05,392.97
O11069,2025-03-28,C1367,P1016,M104,4,342.43,0.0,180.49
O11069,2025-03-28,C1367,P1020,M104,1,596.2,0.15,316.8
O11069,2025-03-28,C1367,P1029,M104,3,75.75,0.0,55.31
O11070,2025-03-01,C1414,P1071,M104,1,327.49,0.2,248.77
O11070,2025-03-01,C1414,P1013,M104,3,167.69,0.15,107.39
O11071,2024-03-25,C1040,P1008,M101,3,653.02,0.15,426.4
O11072,2025-05-01,C1409,P1042,M105,3,712.93,0.0,422.72
O11072,2025-05-01,C1409,P1053,M105,2,126.68,0.1,70.58
O11073,2024-01-23,C1141,P1040,M107,5,997.25,0.15,753.01
O11073,2024-01-23,C1141,P1079,M107,5,929.24,0.05,560.36
O11073,2024-01-23,C1141,P1041,M107,3,303.83,0.15,234.49
O11073,2024-01-23,C1141,P1022,M107,3,976.72,0.15,525.68
O11074,2025-08-12,C1224,P1038,M107,4,191.89,0.15,152.98
O11074,2025-08-12,C1224,P1031,M107,1,19.76,0.15,13.02
O11075,2024-07-18,C1105,P1032,M101,2,169.44,0.2,130.25
O11075,2024-07-18,C1105,P1063,M101,4,879.05,0.15,604.57
O11075,2024-07-18,C1105,P1049,M101,3,643.22,0.0,487.51
O11076,2025-01-25,C1091,P1035,M100,3,341.38,0.15,240.35
O11076,2025-01-25,C1091,P1098,M100,2,479.18,0.2,269.87
O11076,2025-01-25,C1091,P1066,M100,1,664.69,0.2,397.2
O11076,2025-01-25,C1091,P1095,M100,2,423.17,0.2,324.68
O11077,2025-09-29,C1483,P1091,M105,3,148.66,0.2,100.83
O11077,2025-09-29,C1483,P1051,M105,4,516.18,0.15,393.48
O11077,2025-09-29,C1483,P1108,M105,2,181.06,0.15,90.88
O11077,2025-09-29,C1483,P1087,M105,2,618.62,0.15,487.9
O11078,2025-12-29,C1446,P1023,M100,2,310.34,0.15,204.02
O11078,2025-12-29,C1446,P1071,M100,5,311.32,0.05,189.66
O11078,2025-12-29,C1446,P1035,M100,4,696.68,0.1,498.25
O11079,2025-10-01,C1183,P1071,M106,4,272.89,0.0,170.79
O11079,2025-10-01,C1183,P1106,M106,1,480.45,0.05,271.14
O11080,2024-07-12,C1290,P1010,M103,2,690.63,0.15,520.95
O11080,2024-07-12,C1290,P1074,M103,2,983.81,0.1,768.36
O11081,2025-07-14,C1148,P1094,M101,3,325.42,0.0,218.27
O11081,2025-07-14,C1148,P1058,M101,5,604.01,0.15,380.31
O11081,2025-07-14,C1148,P1117,M101,2,281.9,0.2,188.72
O11081,2025-07-14,C1148,P1092,M101,2,717.66,0.0,548.73
O11082,2025-11-12,C1332,P1021,M101,2,715.0,0.1,387.36
O11082,2025-11-12,C1332,P1090,M101,2,252.84,0.0,157.78
O11083,2025-10-15,C1078,P1043,M102,1,222.87,0.2,116.35
O11084,2024-12-14,C1419,P1050,M100,3,751.08,0.15,572.71
O11084,2024-12-14,C1419,P1094,M100,4,571.81,0.0,288.46
O11085,2024-08-03,C1469,P1029,M105,5,254.88,0.0,161.04
O11085,2024-08-03,C1469,P1030,M105,2,461.36,0.0,347.87
O11085,2024-08-03,C1469,P1112,M105,4,728.16,0.05,392.1
O11086,2024-05-17,C1171,P1108,M102,3,201.08,0.2,149.37
O11087,2025-08-04,C1449,P1106,M102,4,42.14,0.15,22.76
O11087,2025-08-04,C1449,P1111,M102,4,192.52,0.05,99.14
O11088,2025-08-10,C1430,P1027,M104,1,982.22,0.2,736.5
O11088,2025-08-10,C1430,P1044,M104,2,730.56,0.05,486.92
O11088,2025-08-10,C1430,P1088,M104,3,752.26,0.05,548.11
O11088,2025-08-10,C1430,P1028,M104,2,250.15,0.0,139.74
O11089,2025-07-16,C1098,P1041,M103,2,681.99,0.0,360.41
O11089,2025-07-16,C1098,P1032,M103,4,888.94,0.1,671.49
O11089,2025-07-16,C1098,P1009,M103,5,378.74,0.0,209.49
O11089,2025-07-16,C1098,P1076,M103,4,557.3,0.2,379.61
O11090,2025-06-15,C1145,P1074,M104,3,800.56,0.0,450.7
O11091,2025-02-15,C1430,P1001,M101,3,153.66,0.0,85.83
O11091,2025-02-15,C1430,P1054,M101,3,779.39,0.05,565.55
O11091,2025-02-15,C1430,P1048,M101,5,659.91,0.15,494.65
O11091,2025-02-15,C1430,P1039,M101,1,520.34,0.05,354.8
O11092,2025-07-16,C1449,P1106,M105,2,727.36,0.0,527.88
O11092,2025-07-16,C1449,P1056,M105,2,190.83,0.1,114.83
O11092,2025-07-16,C1449,P1012,M105,1,194.17,0.2,120.84
O11093,2024-05-21,C1290,P1084,M103,5,259.68,0.15,178.98
O11093,2024-05-21,C1290,P1034,M103,1,126.42,0.05,71.74
O11093,2024-05-21,C1290,P1031,M103,1,500.78,0.2,315.55
O11093,2024-05-21,C1290,P1053,M103,4,889.86,0.2,644.86
O11094,2024-11-30,C1160,P1015,M100,5,448.08,0.05,291.57
O11094,2024-11-30,C1160,P1072,M100,3,324.37,0.1,232.49
O11095,2025-03-13,C1386,P1015,M107,2,636.27,0.0,319.82
O11096,2024-03-14,C1164,P1041,M102,5,864.16,0.2,636.02
O11096,2024-03-14,C1164,P1024,M102,5,383.09,0.1,268.74
O11096,2024-03-14,C1164,P1098,M102,2,347.47,0.15,253.34
O11097,2024-04-29,C1150,P1117,M101,1,648.35,0.2,487.02
O11097,2024-04-29,C1150,P1065,M101,3,942.92,0.05,489.54
O11097,2024-04-29,C1150,P1089,M101,3,378.68,0.1,257.04
O11098,2025-05-16,C1372,P1013,M101,5,328.03,0.0,175.63
O11098,2025-05-16,C1372,P1008,M101,5,708.56,0.1,489.36
O11099,2024-05-26,C1457,P1119,M105,5,725.03,0.15,507.48
O11100,2024-08-31,C1266,P1069,M101,4,64.67,0.15,34.41
O11100,2024-08-31,C1266,P1029,M101,1,700.49,0.0,355.63
O11100,2024-08-31,C1266,P1002,M101,3,192.41,0.2,152.15
O11100,2024-08-31,C1266,P1003,M101,5,69.28,0.2,39.95
O11101,2025-09-12,C1295,P1078,M106,1,579.2,0.2,423.74
O11101,2025-09-12,C1295,P1091,M106,2,407.67,0.05,267.76
O11101,2025-09-12,C1295,P1006,M106,5,137.52,0.15,74.22
O11101,2025-09-12,C1295,P1063,M106,2,678.3,0.05,439.52
O11102,2024-07-02,C1051,P1101,M103,5,113.43,0.2,66.26
O11102,2024-07-02,C1051,P1008,M103,3,113.59,0.15,84.54
O11102,2024-07-02,C1051,P1068,M103,2,465.73,0.15,247.98
O11103,2025-01-03,C1152,P1005,M103,1,438.12,0.0,244.86
O11104,2025-07-13,C1140,P1035,M101,2,755.97,0.05,392.92
O11104,2025-07-13,C1140,P1014,M101,1,990.36,0.05,765.61
O11105,2025-12-26,C1408,P1053,M101,5,255.14,0.2,169.19
O11106,2024-06-12,C1247,P1098,M105,4,90.61,0.05,47.5
O11106,2024-06-12,C1247,P1105,M105,4,411.1,0.15,268.9
O11106,2024-06-12,C1247,P1064,M105,4,758.36,0.15,432.52
O11106,2024-06-12,C1247,P1019,M105,5,89.09,0.2,49.23
O11107,2025-02-19,C1489,P1070,M107,2,836.11,0.15,456.4
O11108,2025-05-24,C1450,P1009,M104,1,499.67,0.05,269.0
O11109,2024-05-18,C1127,P1051,M100,1,802.36,0.0,530.73
O11110,2024-04-05,C1239,P1114,M104,4,659.68,0.15,411.33
O11110,2024-04-05,C1239,P1066,M104,4,651.11,0.2,490.06
O11110,2024-04-05,C1239,P1005,M104,3,188.22,0.2,130.89
O11111,2024-07-31,C1067,P1119,M100,1,891.21,0.05,611.36
O11112,2024-01-23,C1038,P1040,M106,4,115.32,0.15,78.74
O11113,2025-05-27,C1390,P1005,M105,2,598.97,0.05,301.3
O11113,2025-05-27,C1390,P1059,M105,5,420.3,0.05,315.37
O11113,2025-05-27,C1390,P1040,M105,2,806.96,0.1,614.81
O11114,2024-11-05,C1082,P1065,M105,5,41.7,0.1,23.46
O11115,2024-03-25,C1386,P1092,M105,3,426.63,0.2,237.89
O11116,2024-06-12,C1339,P1048,M101,5,595.52,0.05,383.65
O11116,2024-06-12,C1339,P1085,M101,5,626.09,0.0,371.47
O11117,2024-08-25,C1308,P1044,M100,2,912.66,0.05,642.56
O11117,2024-08-25,C1308,P1062,M100,2,358.13,0.05,202.97
O11117,2024-08-25,C1308,P1072,M100,3,356.57,0.15,236.79
O11118,2024-03-27,C1078,P1071,M104,4,90.04,0.1,70.57
O11118,2024-03-27,C1078,P1002,M104,1,409.53,0.05,254.86
O11119,2024-02-04,C1256,P1023,M104,2,854.43,0.05,528.41
O11119,2024-02-04,C1256,P1011,M104,5,490.52,0.1,376.44
O11119,2024-02-04,C1256,P1043,M104,2,913.71,0.15,510.2
O11120,2025-10-24,C1430,P1059,M100,1,947.1,0.1,518.66
O11120,2025-10-24,C1430,P1042,M100,4,742.75,0.05,580.28
O11121,2025-10-29,C1076,P1035,M102,4,323.79,0.05,186.45
O11121,2025-10-29,C1076,P1005,M102,1,565.51,0.15,343.3
O11121,2025-10-29,C1076,P1101,M102,4,139.42,0.05,106.1
O11121,2025-10-29,C1076,P1099,M102,5,803.36,0.1,549.81
O11122,2024-11-17,C1246,P1079,M103,1,183.2,0.0,139.44
O11122,2024-11-17,C1246,P1091,M103,3,701.67,0.1,538.34
O11122,2024-11-17,C1246,P1068,M103,3,537.7,0.15,357.01
O11122,2024-11-17,C1246,P1104,M103,3,321.64,0.1,252.36
O11123,2024-11-23,C1391,P1068,M103,3,870.99,0.1,695.13
O11123,2024-11-23,C1391,P1062,M103,3,517.56,0.2,394.97
O11124,2024-03-23,C1070,P1024,M106,1,261.13,0.05,197.99
O11124,2024-03-23,C1070,P1021,M106,4,201.54,0.05,102.65
O11124,2024-03-23,C1070,P1101,M106,2,60.02,0.15,46.34
O11125,2024-02-20,C1453,P1010,M107,4,709.15,0.2,475.09
O11125,2024-02-20,C1453,P1064,M107,1,471.28,0.0,353.15
O11126,2025-10-07,C1177,P1113,M103,3,494.4,0.0,247.56
O11126,2025-10-07,C1177,P1067,M103,5,423.82,0.15,313.47
O11126,2025-10-07,C1177,P1119,M103,4,274.66,0.15,213.48
O11126,2025-10-07,C1177,P1004,M103,3,968.75,0.05,686.55
O11127,2024-10-02,C1188,P1009,M107,5,715.27,0.05,456.59
O11127,2024-10-02,C1188,P1068,M107,1,49.88,0.0,36.5
O11128,2024-09-02,C1379,P1052,M101,1,32.85,0.2,21.74
O11129,2025-02-12,C1388,P1032,M100,5,804.27,0.05,485.71
O11129,2025-02-12,C1388,P1098,M100,4,428.07,0.2,261.84
O11129,2025-02-12,C1388,P1007,M100,1,757.43,0.0,440.51
O11130,2024-05-08,C1407,P1108,M105,5,814.97,0.2,566.7
O11130,2024-05-08,C1407,P1006,M105,2,58.64,0.2,34.61
O11130,2024-05-08,C1407,P1050,M105,2,537.02,0.2,415.37
O11131,2025-03-30,C1021,P1017,M104,3,963.91,0.05,568.77
O11131,2025-03-30,C1021,P1035,M104,4,23.14,0.1,13.47
O11132,2024-07-03,C1123,P1058,M103,5,820.97,0.15,448.89
O11133,2025-03-05,C1451,P1100,M104,1,387.08,0.15,248.15
O11133,2025-03-05,C1451,P1093,M104,3,564.4,0.15,412.4
O11133,2025-03-05,C1451,P1116,M104,1,953.28,0.0,686.69
O11133,2025-03-05,C1451,P1084,M104,3,541.26,0.15,366.19
O11134,2025-12-05,C1360,P1116,M105,5,734.03,0.15,427.03
O11134,2025-12-05,C1360,P1010,M105,4,55.58,0.0,43.95
O11134,2025-12-05,C1360,P1102,M105,3,113.04,0.1,78.02
O11134,2025-12-05,C1360,P1064,M105,4,299.37,0.0,196.34
O11135,2024-12-03,C1258,P1025,M107,3,217.39,0.15,170.85
O11135,2024-12-03,C1258,P1012,M107,4,573.82,0.2,427.33
O11135,2024-12-03,C1258,P1067,M107,1,533.52,0.2,337.07
O11135,2024-12-03,C1258,P1105,M107,4,956.99,0.15,585.03
O11136,2025-08-05,C1186,P1116,M107,4,44.4,0.1,31.82
O11136,2025-08-05,C1186,P1092,M107,1,405.15,0.05,264.36
O11136,2025-08-05,C1186,P1023,M107,1,777.9,0.1,464.56
O11136,2025-08-05,C1186,P1092,M107,4,452.52,0.05,348.44
O11137,2024-01-29,C1011,P1036,M105,2,788.24,0.15,445.24
O11137,2024-01-29,C1011,P1045,M105,5,623.83,0.0,399.74
O11138,2025-07-05,C1431,P1011,M106,4,24.09,0.0,12.21
O11138,2025-07-05,C1431,P1030,M106,4,742.13,0.05,424.41
O11138,2025-07-05,C1431,P1100,M106,5,943.62,0.2,485.29
O11138,2025-07-05,C1431,P1036,M106,4,675.38,0.15,340.1
O11139,2025-10-03,C1111,P1042,M100,2,335.8,0.0,188.93
O11140,2024-09-10,C1481,P1090,M101,2,844.9,0.15,598.22
O11140,2024-09-10,C1481,P1052,M101,2,597.18,0.2,406.12
O11140,2024-09-10,C1481,P1027,M101,5,182.95,0.1,102.42
O11141,2025-06-17,C1320,P1069,M107,4,797.62,0.05,559.44
O11141,2025-06-17,C1320,P1045,M107,3,99.76,0.05,58.36
O11141,2025-06-17,C1320,P1049,M107,1,746.97,0.15,452.28
O11141,2025-06-17,C1320,P1038,M107,4,625.41,0.0,348.1
O11142,2024-05-01,C1001,P1086,M103,4,742.12,0.2,479.72
O11142,2024-05-01,C1001,P1082,M103,2,234.88,0.2,175.18
O11142,2024-05-01,C1001,P1073,M103,1,757.79,0.2,587.02
O11142,2024-05-01,C1001,P1067,M103,3,263.48,0.2,133.7
O11143,2025-02-05,C1290,P1092,M107,5,188.79,0.05,131.84
O11143,2025-02-05,C1290,P1104,M107,5,836.51,0.2,480.68
O11144,2024-08-31,C1466,P1113,M102,1,61.97,0.05,38.97
O11144,2024-08-31,C1466,P1071,M102,3,74.97,0.05,39.78
O11145,2025-06-15,C1356,P1086,M103,4,419.36,0.05,298.08
O11146,2024-12-04,C1339,P1096,M102,3,20.26,0.05,11.94
O11146,2024-12-04,C1339,P1031,M102,1,119.48,0.1,79.76
O11147,2025-06-18,C1144,P1040,M100,3,515.11,0.1,341.59
O11147,2025-06-18,C1144,P1013,M100,3,29.13,0.2,19.71
O11147,2025-06-18,C1144,P1056,M100,3,671.68,0.2,491.66
O11147,2025-06-18,C1144,P1001,M100,3,963.13,0.1,585.9
O11148,2024-09-01,C1197,P1025,M104,1,971.27,0.0,747.01
O11148,2024-09-01,C1197,P1003,M104,5,34.63,0.1,26.62
O11148,2024-09-01,C1197,P1063,M104,5,43.7,0.0,29.01
O11149,2024-03-01,C1247,P1112,M101,3,443.95,0.15,341.16
O11150,2025-09-30,C1187,P1107,M105,3,330.61,0.2,257.81
O11150,2025-09-30,C1187,P1065,M105,5,99.07,0.15,69.28
O11150,2025-09-30,C1187,P1116,M105,3,307.03,0.1,209.17
O11151,2024-08-31,C1155,P1026,M104,3,767.89,0.05,444.41
O11151,2024-08-31,C1155,P1060,M104,3,697.28,0.2,532.66
O11151,2024-08-31,C1155,P1077,M104,2,62.88,0.15,37.9
O11151,2024-08-31,C1155,P1059,M104,4,710.05,0.2,422.75
O11152,2024-07-30,C1390,P1054,M100,5,733.4,0.2,369.16
O11152,2024-07-30,C1390,P1113,M100,1,835.94,0.0,520.83
O11152,2024-07-30,C1390,P1102,M100,2,438.52,0.15,291.42
O11152,2024-07-30,C1390,P1094,M100,2,648.69,0.15,381.87
O11153,2024-08-11,C1483,P1051,M103,1,150.86,0.2,111.75
O11154,2025-11-28,C1113,P1046,M103,5,470.22,0.05,255.22
O11155,2025-07-21,C1289,P1081,M100,1,781.81,0.0,546.72
O11155,2025-07-21,C1289,P1032,M100,5,643.53,0.05,487.91
O11155,2025-07-21,C1289,P1055,M100,5,687.63,0.0,538.8
O11155,2025-07-21,C1289,P1013,M100,2,639.27,0.1,341.62
O11156,2025-09-16,C1292,P1023,M101,3,269.31,0.2,209.28
O11156,2025-09-16,C1292,P1087,M101,1,173.02,0.05,110.55
O11156,2025-09-16,C1292,P1023,M101,2,186.45,0.1,115.8
O11156,2025-09-16,C1292,P1037,M101,2,852.29,0.15,524.09
O11157,2024-10-06,C1443,P1078,M100,4,802.78,0.1,630.57
O11158,2024-05-03,C1256,P1025,M102,3,443.55,0.0,245.37
O11158,2024-05-03,C1256,P1032,M102,5,398.83,0.0,314.8
O11158,2024-05-03,C1256,P1008,M102,3,657.1,0.15,354.84
O11158,2024-05-03,C1256,P1091,M102,3,922.87,0.05,674.39
O11159,2025-02-21,C1371,P1033,M104,2,27.29,0.1,16.69
O11159,2025-02-21,C1371,P1118,M104,3,731.72,0.0,488.33
O11159,2025-02-21,C1371,P1050,M104,1,355.99,0.05,201.38
O11159,2025-02-21,C1371,P1099,M104,2,800.24,0.05,432.58
O11160,2024-09-17,C1124,P1060,M101,4,455.62,0.1,291.64
O11161,2025-10-19,C1485,P1061,M101,4,869.78,0.05,545.9
O11161,2025-10-19,C1485,P1068,M101,1,386.78,0.1,277.48
O11161,2025-10-19,C1485,P1026,M101,1,486.62,0.15,330.63
O11162,2024-11-25,C1424,P1079,M100,2,20.85,0.15,12.37
O11163,2024-03-13,C1036,P1020,M102,5,615.96,0.15,331.4
O11164,2024-11-15,C1165,P1014,M105,2,691.1,0.15,438.56
O11164,2024-11-15,C1165,P1090,M105,1,970.85,0.05,728.57
O11165,2024-10-26,C1120,P1064,M101,3,841.17,0.2,579.44
O11165,2024-10-26,C1120,P1069,M101,1,510.92,0.15,300.97
O11166,2024-03-19,C1273,P1007,M106,2,422.54,0.0,296.89
O11166,2024-03-19,C1273,P1112,M106,5,312.33,0.0,191.37
O11166,2024-03-19,C1273,P1102,M106,2,297.96,0.1,211.92
O11167,2025-12-11,C1492,P1086,M102,2,264.25,0.1,174.15
O11167,2025-12-11,C1492,P1091,M102,2,88.82,0.0,60.11
O11167,2025-12-11,C1492,P1091,M102,3,17.68,0.2,11.22
O11168,2025-04-29,C1034,P1041,M107,4,631.1,0.2,403.48
O11169,2024-11-15,C1376,P1106,M102,1,638.49,0.05,382.89
O11170,2025-04-25,C1309,P1043,M104,5,107.88,0.1,63.63
O11170,2025-04-25,C1309,P1016,M104,3,636.74,0.1,489.53
O11170,2025-04-25,C1309,P1051,M104,1,760.49,0.2,568.78
O11171,2025-11-18,C1090,P1008,M106,2,625.66,0.0,387.82
O11172,2024-12-05,C1085,P1054,M103,4,370.65,0.15,219.48
O11172,2024-12-05,C1085,P1074,M103,2,565.35,0.0,322.99
O11173,2024-04-08,C1201,P1039,M104,4,326.06,0.0,190.35
O11174,2024-03-03,C1187,P1081,M106,1,686.5,0.2,484.61
O11174,2024-03-03,C1187,P1024,M106,3,68.0,0.1,37.15
O11174,2024-03-03,C1187,P1070,M106,1,438.75,0.2,248.72
O11174,2024-03-03,C1187,P1012,M106,5,988.11,0.15,587.28
O11175,2025-01-21,C1164,P1055,M103,4,124.01,0.15,76.48
O11175,2025-01-21,C1164,P1029,M103,5,580.99,0.15,360.69
O11175,2025-01-21,C1164,P1091,M103,4,257.18,0.2,201.36
O11176,2024-04-25,C1254,P1036,M102,2,940.91,0.0,587.8
O11176,2024-04-25,C1254,P1013,M102,3,550.56,0.15,434.69
O11177,2024-05-23,C1218,P1014,M104,3,404.61,0.2,239.73
O11177,2024-05-23,C1218,P1093,M104,3,330.67,0.15,252.6
O11177,2024-05-23,C1218,P1026,M104,2,884.53,0.0,571.88
O11178,2024-05-10,C1255,P1079,M101,3,341.87,0.1,171.3
O11178,2024-05-10,C1255,P1040,M101,2,856.27,0.1,530.1
O11178,2024-05-10,C1255,P1091,M101,4,384.37,0.15,284.43
O11178,2024-05-10,C1255,P1104,M101,5,856.02,0.15,610.01
O11179,2024-08-19,C1487,P1099,M105,2,715.42,0.05,520.07
O11179,2024-08-19,C1487,P1107,M105,3,839.95,0.0,470.39
O11180,2025-11-22,C1184,P1084,M105,2,92.84,0.2,49.93
O11180,2025-11-22,C1184,P1066,M105,3,852.92,0.15,591.58
O11180,2025-11-22,C1184,P1049,M105,4,746.15,0.05,474.26
O11181,2024-04-24,C1262,P1044,M107,2,82.33,0.15,52.29
O11181,2024-04-24,C1262,P1042,M107,2,616.67,0.2,483.17
O11182,2025-09-20,C1321,P1035,M102,2,953.65,0.0,709.2
O11182,2025-09-20,C1321,P1074,M102,1,569.16,0.05,342.23
O11182,2025-09-20,C1321,P1100,M102,4,131.07,0.2,81.82
O11182,2025-09-20,C1321,P1037,M102,3,131.61,0.15,70.19
O11183,2025-08-16,C1273,P1006,M105,2,13.89,0.15,7.73
O11183,2025-08-16,C1273,P1021,M105,5,810.3,0.0,426.31
O11184,2025-10-29,C1490,P1052,M105,4,783.68,0.1,421.88
O11185,2024-10-12,C1030,P1013,M101,5,918.25,0.15,543.3
O11186,2025-07-31,C1218,P1062,M106,3,117.88,0.05,90.57
O11186,2025-07-31,C1218,P1049,M106,5,643.16,0.15,386.24
O11187,2025-12-18,C1173,P1070,M103,5,786.6,0.2,620.19
O11187,2025-12-18,C1173,P1041,M103,1,813.6,0.15,471.68
O11187,2025-12-18,C1173,P1090,M103,2,139.43,0.2,85.82
O11188,2024-03-19,C1128,P1079,M104,1,950.46,0.05,675.77
O11189,2025-05-30,C1180,P1052,M104,4,790.8,0.2,617.87
O11189,2025-05-30,C1180,P1078,M104,3,96.86,0.1,74.69
O11189,2025-05-30,C1180,P1005,M104,2,214.45,0.0,130.53
O11189,2025-05-30,C1180,P1055,M104,2,702.56,0.0,409.04
O11190,2024-08-18,C1275,P1070,M101,4,793.27,0.05,424.14
O11190,2024-08-18,C1275,P1033,M101,5,463.79,0.05,299.46
O11190,2024-08-18,C1275,P1095,M101,4,455.53,0.05,266.24
O11190,2024-08-18,C1275,P1073,M101,3,702.19,0.2,531.51
O11191,2024-08-25,C1136,P1118,M102,1,627.39,0.2,471.04
O11191,2024-08-25,C1136,P1011,M102,1,986.32,0.1,755.5
O11191,2024-08-25,C1136,P1040,M102,2,109.17,0.05,67.78
O11192,2024-01-28,C1398,P1050,M100,4,293.32,0.0,178.27
O11192,2024-01-28,C1398,P1082,M100,5,83.22,0.05,60.64
O11192,2024-01-28,C1398,P1089,M100,5,612.6,0.0,489.85
O11193,2025-01-01,C1117,P1001,M104,5,815.69,0.15,617.89
O11193,2025-01-01,C1117,P1034,M104,5,892.89,0.05,659.44
O11194,2024-09-17,C1154,P1102,M100,5,53.16,0.1,37.68
O11195,2025-03-24,C1239,P1015,M104,1,691.23,0.2,351.52
O11195,2025-03-24,C1239,P1096,M104,5,153.03,0.0,122.07
O11195,2025-03-24,C1239,P1060,M104,2,421.89,0.1,289.02
O11195,2025-03-24,C1239,P1118,M104,2,370.64,0.2,203.58
O11196,2025-01-08,C1169,P1073,M100,2,206.37,0.15,120.66
O11196,2025-01-08,C1169,P1009,M100,3,469.23,0.05,341.05
O11197,2025-04-24,C1471,P1060,M100,1,335.56,0.15,241.67
O11198,2025-08-16,C1437,P1110,M103,5,575.04,0.15,436.7
O11198,2025-08-16,C1437,P1068,M103,4,268.52,0.2,171.66
O11198,2025-08-16,C1437,P1096,M103,4,187.9,0.1,99.02
O11198,2025-08-16,C1437,P1014,M103,4,473.43,0.05,285.8
O11199,2025-12-10,C1206,P1091,M100,2,388.29,0.15,310.25
O11200,2024-08-18,C1064,P1017,M100,1,603.02,0.15,304.39
O11200,2024-08-18,C1064,P1030,M100,4,692.67,0.1,389.17
O11201,2025-08-08,C1311,P1022,M102,1,655.54,0.05,464.53
O11201,2025-08-08,C1311,P1025,M102,5,770.39,0.15,413.18
O11201,2025-08-08,C1311,P1021,M102,5,763.19,0.15,512.59
O11201,2025-08-08,C1311,P1010,M102,2,974.2,0.2,543.37
O11202,2024-05-03,C1210,P1090,M107,3,135.79,0.1,96.82
O11202,2024-05-03,C1210,P1042,M107,4,413.28,0.2,265.56
O11203,2024-02-09,C1349,P1009,M107,5,807.2,0.2,554.57
O11203,2024-02-09,C1349,P1027,M107,5,835.06,0.2,490.83
O11204,2025-03-11,C1165,P1094,M104,3,770.89,0.0,456.55
O11204,2025-03-11,C1165,P1022,M104,3,994.49,0.0,545.66
O11205,2024-03-16,C1374,P1055,M107,2,69.96,0.0,46.17
O11205,2024-03-16,C1374,P1053,M107,5,435.03,0.2,245.65
O11205,2024-03-16,C1374,P1099,M107,1,512.82,0.05,307.59
O11205,2024-03-16,C1374,P1016,M107,2,514.15,0.2,268.55
O11206,2024-03-14,C1344,P1116,M102,3,569.64,0.1,394.09
O11206,2024-03-14,C1344,P1118,M102,1,637.71,0.0,454.05
O11207,2024-11-05,C1128,P1006,M104,3,20.13,0.0,13.17
O11207,2024-11-05,C1128,P1041,M104,2,247.09,0.1,196.69
O11207,2024-11-05,C1128,P1039,M104,2,203.32,0.15,134.94
O11208,2024-07-11,C1433,P1025,M104,2,390.27,0.2,260.89
O11208,2024-07-11,C1433,P1088,M104,4,707.36,0.15,495.12
O11208,2024-07-11,C1433,P1041,M104,4,871.4,0.15,608.17
O11208,2024-07-11,C1433,P1111,M104,4,428.81,0.0,215.13
O11209,2025-06-10,C1477,P1076,M104,3,191.06,0.1,121.3
O11209,2025-06-10,C1477,P1051,M104,3,482.03,0.05,385.22
O11209,2025-06-10,C1477,P1032,M104,1,185.36,0.2,148.0
O11209,2025-06-10,C1477,P1107,M104,5,728.71,0.2,520.76
O11210,2024-03-26,C1420,P1091,M104,3,114.28,0.1,67.43
O11211,2025-10-25,C1025,P1059,M105,4,170.06,0.05,96.36
O11211,2025-10-25,C1025,P1110,M105,1,229.38,0.15,153.95
O11212,2025-03-15,C1096,P1064,M102,5,922.91,0.1,582.27
O11213,2025-08-05,C1276,P1108,M101,5,807.89,0.05,462.65
O11214,2024-12-15,C1351,P1090,M104,2,789.09,0.05,631.06
O11214,2024-12-15,C1351,P1117,M104,2,537.87,0.05,409.44
O11215,2024-08-30,C1181,P1007,M102,5,780.61,0.05,451.46
O11215,2024-08-30,C1181,P1094,M102,2,597.72,0.0,474.96
O11216,2025-07-15,C1091,P1032,M104,3,903.97,0.1,715.01
O11216,2025-07-15,C1091,P1103,M104,1,973.79,0.2,708.23
O11217,2025-11-29,C1191,P1048,M107,2,128.8,0.15,95.04
O11218,2025-04-08,C1215,P1013,M103,1,911.51,0.0,649.21
O11218,2025-04-08,C1215,P1069,M103,5,588.76,0.1,308.74
O11218,2025-04-08,C1215,P1112,M103,5,632.46,0.05,503.49
O11218,2025-04-08,C1215,P1071,M103,3,479.42,0.05,329.52
O11219,2025-08-20,C1187,P1107,M100,1,248.65,0.1,184.23
O11219,2025-08-20,C1187,P1085,M100,1,147.06,0.15,95.17
O11219,2025-08-20,C1187,P1112,M100,4,16.02,0.15,8.01
O11219,2025-08-20,C1187,P1036,M100,3,851.17,0.0,487.85
O11220,2025-06-08,C1093,P1022,M106,4,447.54,0.05,277.2
O11220,2025-06-08,C1093,P1052,M106,5,356.54,0.1,191.53
O11220,2025-06-08,C1093,P1101,M106,1,343.6,0.15,219.27
O11221,2025-11-12,C1148,P1071,M102,4,896.76,0.15,668.41
O11222,2025-06-29,C1498,P1042,M103,3,74.4,0.05,48.96
O11222,2025-06-29,C1498,P1096,M103,5,423.28,0.1,307.68
O11223,2024-08-27,C1242,P1093,M106,4,733.19,0.2,389.01
O11223,2024-08-27,C1242,P1044,M106,4,858.01,0.1,481.3
O11224,2025-02-10,C1311,P1089,M102,2,139.03,0.1,105.97
O11224,2025-02-10,C1311,P1022,M102,4,250.46,0.2,176.79
O11224,2025-02-10,C1311,P1015,M102,5,107.45,0.15,57.03
O11224,2025-02-10,C1311,P1028,M102,5,872.18,0.0,520.74
O11225,2025-07-16,C1415,P1104,M107,2,692.94,0.0,516.02
O11225,2025-07-16,C1415,P1035,M107,5,394.17,0.2,290.77
O11226,2024-08-10,C1172,P1080,M107,2,707.34,0.05,456.45
O11227,2025-06-30,C1461,P1024,M102,4,137.65,0.0,79.61
O11227,2025-06-30,C1461,P1094,M102,4,376.36,0.0,225.9
O11228,2024-12-08,C1150,P1117,M102,5,334.04,0.2,182.69
O11228,2024-12-08,C1150,P1060,M102,5,29.53,0.1,22.25
O11228,2024-12-08,C1150,P1002,M102,3,847.89,0.2,446.32
O11228,2024-12-08,C1150,P1060,M102,5,515.89,0.05,264.98
O11229,2024-06-30,C1060,P1013,M103,5,848.69,0.0,474.3
O11229,2024-06-30,C1060,P1034,M103,5,458.48,0.15,243.0
O11229,2024-06-30,C1060,P1052,M103,1,449.37,0.0,237.49
O11230,2024-10-12,C1166,P1068,M107,2,874.51,0.0,600.59
O11230,2024-10-12,C1166,P1069,M107,3,436.77,0.05,277.03
O11230,2024-10-12,C1166,P1009,M107,5,698.33,0.2,406.79
O11231,2025-03-12,C1103,P1014,M104,5,159.85,0.15,107.4
O11232,2024-11-21,C1190,P1104,M102,5,434.81,0.1,240.26
O11233,2024-05-16,C1420,P1019,M107,4,947.32,0.2,668.28
O11233,2024-05-16,C1420,P1030,M107,2,47.41,0.05,37.05
O11233,2024-05-16,C1420,P1014,M107,1,545.56,0.15,285.88
O11234,2024-07-24,C1103,P1071,M107,5,722.79,0.05,476.03
O11234,2024-07-24,C1103,P1094,M107,1,136.08,0.05,103.55
O11235,2024-03-06,C1266,P1103,M107,5,793.66,0.2,625.36
O11236,2025-06-05,C1201,P1104,M103,2,849.14,0.0,491.68
O11236,2025-06-05,C1201,P1041,M103,1,81.96,0.1,63.35
O11236,2025-06-05,C1201,P1102,M103,2,80.11,0.05,56.3
O11236,2025-06-05,C1201,P1043,M103,5,974.5,0.1,636.39
O11237,2024-04-13,C1326,P1058,M107,4,35.99,0.1,25.51
O11238,2025-09-23,C1401,P1058,M103,2,507.37,0.0,399.52
O11238,2025-09-23,C1401,P1040,M103,5,878.08,0.1,501.8
O11238,2025-09-23,C1401,P1109,M103,3,754.92,0.05,422.03
O11238,2025-09-23,C1401,P1065,M103,5,463.5,0.1,294.78
O11239,2025-09-14,C1441,P1084,M101,3,614.31,0.1,380.14
O11239,2025-09-14,C1441,P1000,M101,3,810.38,0.2,431.49
O11239,2025-09-14,C1441,P1074,M101,2,527.95,0.05,379.06
O11240,2024-05-16,C1307,P1103,M102,3,410.33,0.15,220.41
O11240,2024-05-16,C1307,P1024,M102,2,220.29,0.1,148.39
O11241,2025-03-17,C1227,P1104,M103,1,197.7,0.0,124.26
O11241,2025-03-17,C1227,P1020,M103,4,407.38,0.0,322.54
O11241,2025-03-17,C1227,P1113,M103,5,420.93,0.1,241.52
O11242,2024-07-24,C1161,P1102,M102,1,410.27,0.15,294.24
O11242,2024-07-24,C1161,P1038,M102,2,446.83,0.2,325.86
O11243,2024-09-01,C1443,P1006,M106,2,590.38,0.0,304.35
O11243,2024-09-01,C1443,P1030,M106,2,209.5,0.1,122.91
O11243,2024-09-01,C1443,P1078,M106,3,78.98,0.2,53.99
O11244,2024-08-07,C1233,P1101,M104,5,280.3,0.1,151.68
O11244,2024-08-07,C1233,P1001,M104,3,620.31,0.1,374.41
O11245,2024-10-06,C1442,P1017,M100,3,874.31,0.15,450.21
O11246,2025-01-30,C1032,P1078,M101,5,127.49,0.05,101.21
O11246,2025-01-30,C1032,P1026,M101,2,308.76,0.15,181.18
O11247,2024-11-15,C1161,P1003,M103,1,443.24,0.05,246.35
O11247,2024-11-15,C1161,P1108,M103,4,775.54,0.15,450.01
O11247,2024-11-15,C1161,P1072,M103,1,244.11,0.05,156.7
O11247,2024-11-15,C1161,P1086,M103,3,430.32,0.1,328.46
O11248,2024-12-02,C1088,P1003,M106,3,459.31,0.0,363.86
O11248,2024-12-02,C1088,P1097,M106,2,923.91,0.1,736.1
O11249,2024-02-10,C1006,P1040,M103,5,214.83,0.05,148.12
O11249,2024-02-10,C1006,P1031,M103,1,281.43,0.0,150.34
O11249,2024-02-10,C1006,P1083,M103,3,237.46,0.15,162.04
O11250,2024-01-02,C1042,P1049,M102,1,619.35,0.0,421.41
O11250,2024-01-02,C1042,P1091,M102,2,457.66,0.05,252.88
O11251,2025-06-26,C1166,P1079,M102,1,458.63,0.0,233.2
O11251,2025-06-26,C1166,P1067,M102,1,780.95,0.0,449.44
O11251,2025-06-26,C1166,P1070,M102,1,429.1,0.1,242.26
O11252,2025-06-26,C1187,P1066,M102,4,23.52,0.05,17.68
O11252,2025-06-26,C1187,P1016,M102,2,383.05,0.0,300.29
O11252,2025-06-26,C1187,P1098,M102,4,805.06,0.15,550.83
O11252,2025-06-26,C1187,P1068,M102,5,452.13,0.05,275.58
O11253,2025-12-04,C1150,P1047,M105,1,667.73,0.2,418.93
O11254,2024-03-14,C1000,P1093,M103,2,609.47,0.0,324.08
O11255,2024-09-26,C1455,P1078,M103,4,848.19,0.1,577.75
O11255,2024-09-26,C1455,P1049,M103,5,81.96,0.1,63.7
O11255,2024-09-26,C1455,P1049,M103,1,822.57,0.0,518.33
O11256,2024-01-21,C1337,P1101,M100,1,241.06,0.0,124.39
O11256,2024-01-21,C1337,P1014,M100,5,318.08,0.2,174.46
O11257,2024-05-23,C1247,P1044,M101,5,682.71,0.0,377.33
O11257,2024-05-23,C1247,P1090,M101,5,765.06,0.0,385.42
O11257,2024-05-23,C1247,P1099,M101,5,934.48,0.1,532.45
O11257,2024-05-23,C1247,P1032,M101,2,991.68,0.1,752.27
O11258,2024-09-10,C1022,P1041,M106,2,448.44,0.05,224.89
O11258,2024-09-10,C1022,P1011,M106,2,110.56,0.0,66.26
O11258,2024-09-10,C1022,P1072,M106,1,472.05,0.0,304.74
O11259,2025-11-03,C1079,P1070,M104,3,385.42,0.15,202.23
O11259,2025-11-03,C1079,P1092,M104,1,851.71,0.0,582.98
O11259,2025-11-03,C1079,P1084,M104,1,184.05,0.2,103.74
O11259,2025-11-03,C1079,P1095,M104,5,42.58,0.15,31.15
O11260,2025-08-21,C1020,P1002,M107,5,340.38,0.15,180.69
O11261,2025-07-20,C1110,P1086,M106,4,104.11,0.0,56.22
O11261,2025-07-20,C1110,P1000,M106,5,122.29,0.0,64.98
O11261,2025-07-20,C1110,P1010,M106,1,19.02,0.0,13.22
O11261,2025-07-20,C1110,P1077,M106,1,778.38,0.2,391.01
O11262,2025-07-05,C1379,P1015,M100,1,599.85,0.15,395.93
O11262,2025-07-05,C1379,P1077,M100,4,990.34,0.0,617.29
O11262,2025-07-05,C1379,P1047,M100,2,442.41,0.15,324.31
O11263,2025-10-26,C1007,P1039,M100,4,77.82,0.05,47.39
O11264,2025-01-31,C1386,P1094,M103,2,651.89,0.05,341.14
O11264,2025-01-31,C1386,P1014,M103,5,961.13,0.1,503.06
O11265,2025-03-08,C1251,P1068,M103,1,817.4,0.0,573.4
O11265,2025-03-08,C1251,P1019,M103,3,223.83,0.1,126.28
O11265,2025-03-08,C1251,P1039,M103,4,298.9,0.15,203.06
O11265,2025-03-08,C1251,P1003,M103,1,345.59,0.1,264.85
O11266,2025-01-16,C1302,P1007,M100,2,416.23,0.2,319.15
O11267,2024-02-15,C1435,P1087,M100,2,263.85,0.05,187.49
O11267,2024-02-15,C1435,P1081,M100,3,603.18,0.1,474.29
O11267,2024-02-15,C1435,P1065,M100,5,944.78,0.1,605.19
O11267,2024-02-15,C1435,P1115,M100,4,281.25,0.15,168.3
O11268,2025-06-08,C1090,P1007,M106,4,672.79,0.05,460.42
O11268,2025-06-08,C1090,P1093,M106,2,881.0,0.2,562.61
O11268,2025-06-08,C1090,P1009,M106,5,425.46,0.2,271.5
O11268,2025-06-08,C1090,P1023,M106,2,437.39,0.2,237.11
O11269,2025-11-03,C1242,P1053,M102,4,279.87,0.1,149.39
O11269,2025-11-03,C1242,P1000,M102,2,658.09,0.2,450.06
O11269,2025-11-03,C1242,P1093,M102,4,137.3,0.15,75.99
O11269,2025-11-03,C1242,P1055,M102,3,114.52,0.05,84.51
O11270,2024-01-09,C1179,P1030,M101,5,663.13,0.2,499.84
O11270,2024-01-09,C1179,P1022,M101,1,665.3,0.1,346.04
O11270,2024-01-09,C1179,P1070,M101,1,164.36,0.15,82.46
O11270,2024-01-09,C1179,P1075,M101,4,202.11,0.1,152.89
O11271,2025-08-21,C1306,P1045,M105,1,333.92,0.15,206.39
O11271,2025-08-21,C1306,P1041,M105,2,153.84,0.05,112.68
O11271,2025-08-21,C1306,P1058,M105,1,259.49,0.15,133.65
O11271,2025-08-21,C1306,P1032,M105,4,161.13,0.0,97.75
O11272,2024-01-01,C1304,P1062,M106,5,767.35,0.1,395.22
O11272,2024-01-01,C1304,P1094,M106,5,951.95,0.15,557.31
O11272,2024-01-01,C1304,P1022,M106,1,753.42,0.15,538.25
O11273,2024-03-14,C1045,P1114,M100,1,628.67,0.05,422.62
O11273,2024-03-14,C1045,P1105,M100,4,267.15,0.05,170.13
O11273,2024-03-14,C1045,P1055,M100,1,25.62,0.0,16.28
O11273,2024-03-14,C1045,P1045,M100,4,685.05,0.0,482.84
O11274,2025-06-05,C1018,P1091,M104,3,128.76,0.05,98.04
O11275,2025-12-08,C1134,P1075,M100,5,589.63,0.0,295.47
O11275,2025-12-08,C1134,P1022,M100,2,542.82,0.0,357.4
O11276,2025-05-18,C1284,P1088,M105,1,310.82,0.05,248.53
O11277,2025-02-07,C1023,P1009,M100,4,195.0,0.05,110.21
O11277,2025-02-07,C1023,P1085,M100,3,129.2,0.15,89.98
O11277,2025-02-07,C1023,P1015,M100,4,221.82,0.15,120.41
O11278,2025-05-15,C1011,P1038,M107,3,11.3,0.05,7.59
O11278,2025-05-15,C1011,P1080,M107,1,693.63,0.2,550.3
O11279,2025-06-18,C1334,P1072,M104,5,936.33,0.2,542.63
O11279,2025-06-18,C1334,P1112,M104,1,447.9,0.15,303.71
O11279,2025-06-18,C1334,P1004,M104,2,860.19,0.05,446.36
O11279,2025-06-18,C1334,P1092,M104,5,566.66,0.15,445.66
O11280,2025-02-23,C1014,P1119,M102,4,338.37,0.05,200.03
O11280,2025-02-23,C1014,P1108,M102,5,834.52,0.05,545.19
O11281,2025-07-23,C1357,P1030,M107,5,239.65,0.0,120.26
O11281,2025-07-23,C1357,P1015,M107,1,828.01,0.2,586.64
O11281,2025-07-23,C1357,P1034,M107,2,466.44,0.15,342.61
O11282,2024-12-06,C1424,P1062,M107,4,818.69,0.1,446.11
O11282,2024-12-06,C1424,P1029,M107,1,473.89,0.05,360.79
O11283,2025-03-08,C1024,P1015,M101,5,180.5,0.2,133.43
O11284,2025-08-07,C1296,P1072,M107,3,302.98,0.05,171.27
O11284,2025-08-07,C1296,P1089,M107,3,333.44,0.15,227.28
O11285,2024-05-02,C1275,P1107,M104,1,220.04,0.2,129.32
O11285,2024-05-02,C1275,P1069,M104,2,680.98,0.15,422.4
O11286,2024-02-26,C1189,P1046,M107,3,380.59,0.05,234.59
O11286,2024-02-26,C1189,P1069,M107,2,227.55,0.15,145.03
O11286,2024-02-26,C1189,P1049,M107,3,219.41,0.05,113.93
O11286,2024-02-26,C1189,P1071,M107,1,585.96,0.05,434.38
O11287,2025-12-20,C1126,P1085,M105,4,702.71,0.05,379.65
O11287,2025-12-20,C1126,P1022,M105,4,992.25,0.15,682.66
O11287,2025-12-20,C1126,P1033,M105,4,516.69,0.1,383.39
O11288,2024-10-11,C1377,P1102,M100,4,194.94,0.05,119.45
O11289,2025-02-12,C1266,P1106,M100,3,956.98,0.2,501.48
O11289,2025-02-12,C1266,P1112,M100,2,328.14,0.2,179.59
O11290,2025-08-19,C1495,P1101,M102,5,366.81,0.1,231.01
O11290,2025-08-19,C1495,P1022,M102,5,80.69,0.2,50.64
O11291,2025-09-22,C1108,P1108,M105,4,891.69,0.2,671.14
O11291,2025-09-22,C1108,P1069,M105,3,897.26,0.15,452.98
O11291,2025-09-22,C1108,P1064,M105,2,830.21,0.2,568.55
O11291,2025-09-22,C1108,P1042,M105,1,199.97,0.0,119.97
O11292,2024-05-29,C1008,P1043,M101,3,320.27,0.2,198.2
O11292,2024-05-29,C1008,P1111,M101,5,665.15,0.2,383.51
O11292,2024-05-29,C1008,P1088,M101,4,890.33,0.1,558.99
O11293,2025-08-23,C1300,P1090,M107,4,225.55,0.05,119.6
O11293,2025-08-23,C1300,P1108,M107,5,313.32,0.2,217.09
O11293,2025-08-23,C1300,P1062,M107,4,736.22,0.15,397.81
O11294,2024-03-15,C1046,P1010,M100,3,123.54,0.15,84.49
O11295,2024-04-30,C1350,P1118,M105,2,686.13,0.0,504.67
O11295,2024-04-30,C1350,P1096,M105,3,590.16,0.05,362.8
O11295,2024-04-30,C1350,P1021,M105,5,675.99,0.1,416.22
O11296,2025-04-18,C1147,P1099,M105,4,900.88,0.2,693.84
O11296,2025-04-18,C1147,P1014,M105,1,552.15,0.1,359.52
O11296,2025-04-18,C1147,P1079,M105,5,351.44,0.2,186.12
O11297,2025-05-26,C1418,P1036,M100,3,104.81,0.1,77.62
O11297,2025-05-26,C1418,P1031,M100,1,387.5,0.15,299.18
O11297,2025-05-26,C1418,P1055,M100,3,270.94,0.1,212.52
O11298,2024-06-04,C1114,P1049,M107,3,241.35,0.1,166.92
O11298,2024-06-04,C1114,P1030,M107,5,98.81,0.05,51.64
O11299,2024-04-30,C1334,P1119,M103,1,282.42,0.15,196.24
O11299,2024-04-30,C1334,P1008,M103,3,481.13,0.15,296.63
O11299,2024-04-30,C1334,P1108,M103,2,391.76,0.1,266.83
O11299,2024-04-30,C1334,P1049,M103,1,936.44,0.15,510.92
O11300,2024-10-05,C1324,P1036,M106,3,44.63,0.0,31.77
O11300,2024-10-05,C1324,P1087,M106,1,652.75,0.0,352.89
O11301,2024-06-09,C1263,P1101,M103,1,723.81,0.05,484.62
O11301,2024-06-09,C1263,P1080,M103,3,425.46,0.15,243.4
O11301,2024-06-09,C1263,P1053,M103,1,484.23,0.2,325.66
O11302,2025-01-12,C1287,P1099,M106,3,495.22,0.1,331.22
O11302,2025-01-12,C1287,P1106,M106,4,542.54,0.15,298.1
O11302,2025-01-12,C1287,P1086,M106,2,724.69,0.2,424.16
O11303,2024-04-30,C1419,P1060,M100,5,748.96,0.05,594.01
O11303,2024-04-30,C1419,P1087,M100,4,766.36,0.2,395.14
O11303,2024-04-30,C1419,P1032,M100,5,416.93,0.05,233.99
O11304,2024-08-18,C1300,P1026,M105,2,400.66,0.0,206.06
O11305,2024-02-10,C1416,P1042,M104,5,460.5,0.05,262.52
O11305,2024-02-10,C1416,P1006,M104,3,924.97,0.05,531.12
O11305,2024-02-10,C1416,P1057,M104,2,273.57,0.2,190.54
O11305,2024-02-10,C1416,P1085,M104,5,932.47,0.2,707.46
O11306,2025-12-30,C1070,P1081,M107,5,328.04,0.0,185.52
O11306,2025-12-30,C1070,P1086,M107,2,103.33,0.0,53.27
O11306,2025-12-30,C1070,P1079,M107,2,755.67,0.2,415.7
O11307,2025-03-29,C1397,P1034,M107,5,136.77,0.2,78.74
O11307,2025-03-29,C1397,P1101,M107,1,922.18,0.1,508.93
O11308,2024-03-02,C1374,P1004,M104,4,719.32,0.15,572.72
O11308,2024-03-02,C1374,P1043,M104,4,815.84,0.05,436.9
O11308,2024-03-02,C1374,P1108,M104,5,837.59,0.05,490.19
O11309,2024-05-18,C1467,P1091,M101,3,493.36,0.1,357.99
O11309,2024-05-18,C1467,P1013,M101,1,724.41,0.05,534.32
O11309,2024-05-18,C1467,P1018,M101,3,189.16,0.1,120.51
O11310,2025-04-25,C1376,P1079,M101,2,442.25,0.2,237.32
O11310,2025-04-25,C1376,P1006,M101,1,780.71,0.2,564.55
O11310,2025-04-25,C1376,P1049,M101,2,838.92,0.2,440.77
O11311,2025-05-22,C1046,P1036,M103,4,30.53,0.0,21.66
O11311,2025-05-22,C1046,P1093,,3,737.03,0.05,551.71
O11311,2025-05-22,C1046,P1102,M103,4,333.99,0.1,206.21
O11311,2025-05-22,C1046,P1082,M103,2,964.14,0.05,617.45
O11312,2025-11-05,C1204,P1111,M107,2,736.81,0.2,572.47
O11312,2025-11-05,C1204,P1040,M107,3,15.58,0.2,11.36
O11312,2025-11-05,C1204,P1041,M107,1,895.76,0.05,586.64
O11312,2025-11-05,C1204,P1086,M107,4,378.18,0.0,204.64
O11313,2024-07-08,C1402,P1114,M103,4,803.93,0.2,560.34
O11313,2024-07-08,C1402,P1006,M103,1,674.27,0.05,472.13
O11313,2024-07-08,C1402,P1079,M103,2,332.14,0.2,238.83
O11314,2025-05-20,C1141,P1119,M100,5,425.67,0.2,268.17
O11314,2025-05-20,C1141,P1001,M100,4,550.25,0.15,317.84
O11314,2025-05-20,C1141,P1056,M100,1,169.97,0.1,121.58
O11315,2025-09-12,C1179,P1012,M104,3,616.91,0.1,344.29
O11316,2024-02-07,C1455,P1037,M103,2,186.49,0.2,127.6
O11317,2025-09-06,C1446,P1094,M105,5,153.61,0.2,83.08
O11317,2025-09-06,C1446,P1102,M105,4,28.14,0.0,20.82
O11317,2025-09-06,C1446,P1111,M105,3,698.09,0.1,444.31
O11318,2024-07-16,C1459,P1061,M103,4,525.89,0.2,290.45
O11318,2024-07-16,C1459,P1007,M103,5,604.66,0.0,337.61
O11318,2024-07-16,C1459,P1022,M103,1,282.75,0.1,198.55
O11318,2024-07-16,C1459,P1085,M103,3,251.76,0.0,130.26
O11319,2025-09-14,C1410,P1100,M101,5,746.78,0.05,556.44
O11320,2024-06-15,C1107,P1022,M104,3,244.71,0.1,157.69
O11321,2025-03-16,C1279,P1075,M101,5,294.48,0.05,156.13
O11322,2024-06-04,C1143,P1011,M100,4,64.94,0.2,51.87
O11322,2024-06-04,C1143,P1024,M100,5,982.6,0.15,617.16
O11322,2024-06-04,C1143,P1057,M100,3,419.97,0.0,246.7
O11323,2024-12-15,C1137,P1068,M100,4,933.93,0.15,556.11
O11323,2024-12-15,C1137,P1055,M100,2,795.24,0.15,424.04
O11324,2025-05-11,C1128,P1005,M107,4,181.8,0.2,113.67
O11324,2025-05-11,C1128,P1039,M107,4,561.06,0.15,435.19
O11325,2025-11-10,C1010,P1077,M105,2,960.12,0.2,558.04
O11325,2025-11-10,C1010,P1118,M105,2,247.41,0.1,157.48
O11325,2025-11-10,C1010,P1056,M105,3,455.23,0.0,358.28
O11325,2025-11-10,C1010,P1073,M105,5,483.71,0.15,316.83
O11326,2024-09-08,C1307,P1080,M100,1,804.39,0.15,432.76
O11327,2025-03-19,C1055,P1118,M106,3,340.87,0.1,182.43
O11328,2024-10-07,C1405,P1036,M104,1,225.31,0.2,177.53
O11328,2024-10-07,C1405,P1050,M104,5,783.31,0.1,514.19
O11328,2024-10-07,C1405,P1024,M104,4,405.96,0.2,224.74
O11328,2024-10-07,C1405,P1114,M104,3,830.32,0.1,592.7
O11329,2024-07-17,C1165,P1002,M106,1,561.26,0.0,293.32
O11329,2024-07-17,C1165,P1028,M106,4,531.69,0.2,365.26
O11330,2025-08-03,C1130,P1006,M104,4,628.34,0.05,352.86
O11331,2024-06-25,C1233,P1017,M102,4,506.56,0.0,374.05
O11332,2025-09-03,C1459,P1090,M103,1,122.8,0.05,71.29
O11332,2025-09-03,C1459,P1073,M103,1,317.74,0.1,168.39
O11332,2025-09-03,C1459,P1002,M103,1,522.47,0.15,414.6
O11333,2024-07-22,C1029,P1073,M102,4,431.08,0.15,279.4
O11333,2024-07-22,C1029,P1013,M102,4,401.27,0.15,201.96
O11333,2024-07-22,C1029,P1096,M102,5,204.63,0.05,154.36
O11333,2024-07-22,C1029,P1029,M102,4,290.63,0.0,195.4
O11334,2024-07-29,C1061,P1094,M105,1,586.17,0.15,390.29
O11334,2024-07-29,C1061,P1029,M105,4,299.48,0.05,218.44
O11334,2024-07-29,C1061,P1110,M105,2,504.82,0.15,309.34
O11335,2024-08-22,C1195,P1087,M106,3,65.41,0.2,49.79
O11335,2024-08-22,C1195,P1045,M106,5,432.13,0.05,248.28
O11335,2024-08-22,C1195,P1101,M106,4,364.78,0.1,183.69
O11336,2025-11-03,C1311,P1036,M100,3,331.74,0.0,210.86
O11336,2025-11-03,C1311,P1022,M100,4,345.1,0.15,246.86
O11336,2025-11-03,C1311,P1010,M100,3,625.5,0.15,344.63
O11337,2025-07-04,C1274,P1030,M107,5,902.45,0.0,633.54
O11337,2025-07-04,C1274,P1067,M107,1,684.86,0.15,396.95
O11337,2025-07-04,C1274,P1026,M107,1,831.2,0.05,469.44
O11338,2025-04-30,C1193,P1058,M102,5,197.39,0.2,125.01
O11338,2025-04-30,C1193,P1102,M102,5,318.77,0.0,199.62
O11338,2025-04-30,C1193,P1032,M102,2,128.74,0.0,98.86
O11339,2025-12-16,C1253,P1045,M100,4,538.4,0.2,273.66
O11339,2025-12-16,C1253,P1063,M100,5,207.47,0.05,118.5
O11339,2025-12-16,C1253,P1108,M100,3,971.3,0.0,632.3
O11339,2025-12-16,C1253,P1111,M100,5,816.86,0.15,563.54
O11340,2025-10-16,C1055,P1050,M102,1,636.33,0.15,350.31
O11340,2025-10-16,C1055,P1113,M102,2,180.01,0.1,139.74
O11341,2024-08-05,C1175,P1041,M107,1,85.91,0.15,66.14
O11341,2024-08-05,C1175,P1050,M107,1,469.49,0.15,344.38
O11341,2024-08-05,C1175,P1062,M107,3,834.01,0.1,647.33
O11342,2025-07-23,C1294,P1052,M107,1,940.83,0.05,715.3
O11343,2024-01-05,C1293,P1021,M106,5,487.43,0.0,386.19
O11343,2024-01-05,C1293,P1091,M106,2,791.77,0.15,483.46
O11343,2024-01-05,C1293,P1076,M106,2,244.27,0.1,192.9
O11343,2024-01-05,C1293,P1039,M106,2,994.75,0.0,666.15
O11344,2025-06-12,C1475,P1029,M103,5,848.18,0.2,433.29
O11344,2025-06-12,C1475,P1021,M103,1,642.35,0.1,506.21
O11344,2025-06-12,C1475,P1029,M103,4,977.41,0.05,707.6
O11345,2024-10-08,C1317,P1023,M106,4,553.45,0.1,283.37
O11345,2024-10-08,C1317,P1044,M106,2,194.15,0.0,136.67
O11345,2024-10-08,C1317,P1098,M106,5,366.46,0.0,218.77
O11345,2024-10-08,C1317,P1011,M106,1,755.26,0.2,478.26
O11346,2024-11-03,C1102,P1073,M101,1,551.77,0.1,382.01
O11346,2024-11-03,C1102,P1054,M101,5,912.67,0.0,504.82
O11346,2024-11-03,C1102,P1019,M101,2,158.71,0.2,123.52
O11347,2025-10-10,C1312,P1071,M103,3,335.98,0.05,205.4
O11348,2024-12-12,C1399,P1076,M101,4,281.83,0.1,210.32
O11348,2024-12-12,C1399,P1055,M101,1,423.64,0.05,248.45
O11348,2024-12-12,C1399,P1032,M101,4,710.39,0.0,432.27
O11348,2024-12-12,C1399,P1115,M101,2,775.42,0.1,476.47
O11349,2025-05-02,C1340,P1045,M103,5,276.06,0.0,211.13
O11349,2025-05-02,C1340,P1048,M103,2,548.79,0.15,319.15
O11350,2024-04-07,C1133,P1119,M107,2,277.71,0.1,208.79
O11350,2024-04-07,C1133,P1103,M107,4,362.8,0.05,199.87
O11351,2024-03-05,C1249,P1004,M101,4,883.82,0.2,443.0
O11351,2024-03-05,C1249,P1005,M101,3,108.03,0.15,76.54
O11352,2025-03-24,C1376,P1107,M104,1,281.64,0.15,155.17
O11352,2025-03-24,C1376,P1024,M104,4,811.7,0.2,648.79
O11352,2025-03-24,C1376,P1001,M104,1,222.39,0.2,142.0
O11353,2025-04-26,C1392,P1079,M107,4,434.36,0.15,243.36
O11353,2025-04-26,C1392,P1072,M107,1,715.45,0.05,537.07
O11354,2025-05-12,C1220,P1031,M106,3,804.16,0.2,443.97
O11355,2025-06-05,C1293,P1041,M104,1,55.13,0.05,29.07
O11356,2024-10-19,C1137,P1015,M107,1,585.97,0.2,392.64
O11357,2024-05-01,C1352,P1018,M101,4,658.26,0.1,513.27
O11357,2024-05-01,C1352,P1054,M101,2,695.41,0.0,452.34
O11357,2024-05-01,C1352,P1113,M101,4,179.8,0.05,111.17
O11358,2025-07-09,C1091,P1022,M100,4,210.45,0.05,141.46
O11359,2025-07-31,C1121,P1118,M103,2,417.84,0.0,333.65
O11359,2025-07-31,C1121,P1022,M103,5,810.52,0.1,421.43
O11359,2025-07-31,C1121,P1067,M103,5,289.01,0.1,154.24
O11360,2024-05-04,C1337,P1036,M101,2,944.89,0.0,577.95
O11360,2024-05-04,C1337,P1066,M101,1,925.32,0.1,475.22
O11360,2024-05-04,C1337,P1065,M101,5,439.62,0.05,233.29
O11361,2024-06-23,C1426,P1083,M105,3,187.73,0.15,130.07
O11361,2024-06-23,C1426,P1032,M105,1,542.27,0.1,287.25
O11362,2025-05-17,C1266,P1060,M104,5,806.24,0.05,622.73
O11362,2025-05-17,C1266,P1066,M104,2,566.02,0.2,378.4
O11362,2025-05-17,C1266,P1000,M104,3,835.07,0.2,628.4
O11363,2024-02-26,C1026,P1051,M107,5,736.88,0.2,507.0
O11363,2024-02-26,C1026,P1000,M107,5,961.49,0.0,512.94
O11363,2024-02-26,C1026,P1045,M107,2,930.06,0.2,701.95
O11364,2025-02-13,C1463,P1087,M106,1,935.81,0.1,553.73
O11364,2025-02-13,C1463,P1096,M106,4,823.32,0.0,621.6
O11364,2025-02-13,C1463,P1010,M106,4,966.66,0.0,583.44
O11365,2024-12-01,C1110,P1025,M104,5,362.83,0.2,236.83
O11365,2024-12-01,C1110,P1016,M104,1,505.86,0.1,348.25
O11365,2024-12-01,C1110,P1102,M104,3,156.82,0.2,82.43
O11366,2024-07-31,C1411,P1037,M107,3,178.53,0.0,123.09
O11366,2024-07-31,C1411,P1086,M107,2,41.89,0.05,23.58
O11366,2024-07-31,C1411,P1040,M107,1,668.43,0.05,486.93
O11367,2024-06-11,C1442,P1055,M101,4,246.54,0.05,181.25
O11367,2024-06-11,C1442,P1080,M101,2,15.82,0.1,9.23
O11367,2024-06-11,C1442,P1088,M101,3,258.0,0.05,149.93
O11367,2024-06-11,C1442,P1066,M101,5,438.02,0.05,314.47
O11368,2024-08-19,C1253,P1071,M104,3,678.57,0.0,394.64
O11368,2024-08-19,C1253,P1026,M104,4,975.35,0.0,556.42
O11368,2024-08-19,C1253,P1061,M104,3,19.87,0.0,12.31
O11369,2025-05-24,C1425,P1051,M101,5,677.49,0.2,373.25
O11369,2025-05-24,C1425,P1005,M101,1,279.9,0.15,166.45
O11369,2025-05-24,C1425,P1100,M101,3,300.54,0.15,225.65
O11370,2025-11-25,C1142,P1084,M105,2,46.2,0.15,23.58
O11370,2025-11-25,C1142,P1054,M105,3,202.69,0.05,144.94
O11371,2024-09-12,C1405,P1006,M101,3,687.95,0.1,496.42
O11371,2024-09-12,C1405,P1053,M101,4,986.56,0.15,683.25
O11371,2024-09-12,C1405,P1107,M101,1,146.26,0.05,110.43
O11371,2024-09-12,C1405,P1027,M101,3,544.11,0.15,295.47
O11372,2025-05-13,C1417,P1021,M105,5,182.7,0.2,94.89
O11372,2025-05-13,C1417,P1040,M105,2,452.82,0.15,302.15
O11372,2025-05-13,C1417,P1052,M105,5,410.47,0.1,297.28
O11373,2025-09-23,C1225,P1096,M106,2,537.19,0.1,357.11
O11373,2025-09-23,C1225,P1086,M106,2,71.8,0.0,40.64
O11373,2025-09-23,C1225,P1038,M106,1,385.65,0.05,203.57
O11374,2024-08-27,C1379,P1073,M107,1,651.94,0.0,489.35
O11374,2024-08-27,C1379,P1015,M107,4,545.62,0.05,348.8
O11375,2025-12-15,C1253,P1108,M106,4,149.57,0.15,95.41
O11375,2025-12-15,C1253,P1090,M106,5,639.98,0.05,339.82
O11375,2025-12-15,C1253,P1090,M106,2,134.85,0.0,103.33
O11375,2025-12-15,C1253,P1071,M106,1,287.66,0.1,193.14
O11376,2024-11-25,C1382,P1073,M106,5,354.05,0.05,182.4
O11376,2024-11-25,C1382,P1037,M106,3,253.05,0.1,151.29
O11376,2024-11-25,C1382,P1115,M106,5,318.13,0.05,241.43
O11376,2024-11-25,C1382,P1068,M106,5,894.59,0.2,677.13
O11377,2024-07-25,C1160,P1086,M102,5,922.04,0.2,529.54
O11377,2024-07-25,C1160,P1069,M102,1,53.9,0.0,40.05
O11377,2024-07-25,C1160,P1096,M102,4,569.79,0.1,379.76
O11377,2024-07-25,C1160,P1110,M102,2,205.61,0.15,133.75
O11378,2025-07-07,C1250,P1034,M102,2,268.23,0.1,202.85
O11379,2025-04-07,C1065,P1037,M102,1,30.14,0.0,21.18
O11379,2025-04-07,C1065,P1044,M102,5,997.41,0.1,587.68
O11379,2025-04-07,C1065,P1078,M102,3,483.9,0.2,293.65
O11380,2024-03-27,C1155,P1089,M103,2,41.84,0.2,29.1
O11380,2024-03-27,C1155,P1030,M103,2,814.28,0.2,550.9
O11380,2024-03-27,C1155,P1075,M103,2,254.67,0.0,174.64
O11381,2025-06-14,C1471,P1074,M100,2,571.49,0.0,316.49
O11381,2025-06-14,C1471,P1088,M100,5,941.06,0.0,494.19
O11381,2025-06-14,C1471,P1025,M100,2,661.75,0.05,416.51
O11381,2025-06-14,C1471,P1011,M100,4,366.98,0.2,250.36
O11382,2024-02-18,C1277,P1051,M106,2,630.65,0.2,454.14
O11383,2025-05-12,C1438,P1047,M102,1,938.65,0.15,519.06
O11383,2025-05-12,C1438,P1109,M102,2,772.71,0.0,388.04
O11383,2025-05-12,C1438,P1001,M102,4,371.75,0.0,215.6
O11383,2025-05-12,C1438,P1102,M102,1,697.13,0.0,533.2
O11384,2025-07-20,C1190,P1045,M100,4,361.0,0.15,193.66
O11384,2025-07-20,C1190,P1118,M100,4,46.8,0.0,26.29
O11384,2025-07-20,C1190,P1055,M100,5,464.84,0.2,303.69
O11385,2025-09-15,C1487,P1055,M107,5,880.2,0.1,522.55
O11385,2025-09-15,C1487,P1019,M107,5,227.93,0.05,132.89
O11385,2025-09-15,C1487,P1026,M107,3,871.06,0.2,636.98
O11385,2025-09-15,C1487,P1042,M107,4,776.65,0.0,518.86
O11386,2025-10-06,C1275,P1088,M106,1,903.8,0.2,566.07
O11386,2025-10-06,C1275,P1048,M106,1,394.15,0.05,231.99
O11386,2025-10-06,C1275,P1117,M106,1,399.99,0.05,289.72
O11387,2024-06-16,C1499,P1046,M100,3,383.27,0.2,285.67
O11388,2024-08-09,C1466,P1102,M107,2,801.74,0.15,589.56
O11388,2024-08-09,C1466,P1070,M107,4,261.16,0.1,144.05
O11388,2024-08-09,C1466,P1039,M107,2,834.51,0.1,445.34
O11388,2024-08-09,C1466,P1081,M107,4,299.13,0.1,152.03
O11389,2025-06-16,C1478,P1057,M102,3,736.53,0.2,513.61
O11389,2025-06-16,C1478,P1035,M102,1,216.3,0.15,162.88
O11390,2025-06-29,C1400,P1058,M102,1,307.36,0.1,208.63
O11391,2024-12-11,C1057,P1011,,4,394.88,0.05,253.27
O11392,2024-11-12,C1092,P1108,M105,5,198.4,0.15,140.03
O11392,2024-11-12,C1092,P1112,M105,2,866.14,0.1,593.32
O11392,2024-11-12,C1092,P1027,M105,3,783.12,0.15,442.14
O11392,2024-11-12,C1092,P1006,M105,3,244.94,0.1,191.88
O11393,2024-04-13,C1325,P1032,M100,5,664.95,0.0,421.33
O11393,2024-04-13,C1325,P1006,M100,1,43.48,0.0,33.84
O11393,2024-04-13,C1325,P1047,M100,2,816.72,0.1,463.73
O11394,2025-10-16,C1099,P1056,M107,1,172.57,0.15,119.78
O11394,2025-10-16,C1099,P1078,M107,5,670.17,0.1,473.26
O11395,2025-07-20,C1109,P1108,M106,4,206.75,0.15,162.03
O11395,2025-07-20,C1109,P1066,M106,5,169.99,0.0,113.03
O11395,2025-07-20,C1109,P1042,M106,2,938.74,0.0,541.84
O11396,2025-04-29,C1249,P1024,M100,4,417.23,0.1,333.46
O11396,2025-04-29,C1249,P1053,M100,2,674.23,0.15,361.84
O11396,2025-04-29,C1249,P1108,M100,4,289.22,0.15,172.18
O11396,2025-04-29,C1249,P1100,M100,5,428.1,0.0,264.61
O11397,2025-08-02,C1489,P1033,M103,2,984.3,0.2,747.52
O11397,2025-08-02,C1489,P1008,M103,3,801.95,0.05,411.73
O11397,2025-08-02,C1489,P1023,M103,2,63.24,0.1,48.49
O11398,2025-02-25,C1241,P1047,M105,2,681.75,0.2,367.73
O11399,2025-03-10,C1328,P1117,M105,1,860.77,0.1,520.27
O11399,2025-03-10,C1328,P1063,M105,5,542.87,0.05,390.06
O11399,2025-03-10,C1328,P1047,M105,1,62.13,0.2,34.59
O11400,2024-02-17,C1309,P1046,M106,5,622.94,0.15,407.67
O11400,2024-02-17,C1309,P1072,M106,4,588.32,0.2,392.31
O11400,2024-02-17,C1309,P1046,M106,3,815.91,0.0,463.46
O11401,2025-12-30,C1008,P1115,M107,4,940.42,0.15,511.18
O11401,2025-12-30,C1008,P1104,M107,3,616.14,0.1,405.44
O11401,2025-12-30,C1008,P1048,M107,4,782.91,0.1,414.86
O11402,2024-11-13,C1029,P1103,M103,2,968.98,0.15,529.18
O11402,2024-11-13,C1029,P1002,M103,2,776.19,0.05,471.68
O11402,2024-11-13,C1029,P1000,M103,4,944.73,0.0,517.61
O11403,2024-05-26,C1310,P1092,M101,3,244.76,0.15,182.71
O11403,2024-05-26,C1310,P1061,M101,4,921.19,0.0,586.86
O11404,2024-05-13,C1430,P1068,M105,3,609.95,0.2,314.52
O11404,2024-05-13,C1430,P1017,M105,3,643.27,0.0,359.92
O11404,2024-05-13,C1430,P1028,M105,1,909.82,0.1,459.94
O11405,2025-11-20,C1274,P1110,M102,5,384.37,0.1,220.65
O11406,2025-08-18,C1392,P1035,M106,3,428.78,0.2,310.38
O11406,2025-08-18,C1392,P1060,M106,2,142.22,0.15,93.87
O11406,2025-08-18,C1392,P1085,M106,1,118.76,0.0,72.73
O11407,2025-06-17,C1475,P1053,M104,4,43.22,0.0,23.44
O11407,2025-06-17,C1475,P1007,M104,2,846.66,0.05,538.63
O11408,2024-03-26,C1444,P1083,M100,2,613.22,0.15,490.26
O11409,2025-02-09,C1058,P1095,M106,1,129.18,0.2,100.87
O11410,2024-09-05,C1442,P1046,M102,4,849.44,0.05,492.17
O11411,2025-06-09,C1372,P1029,M104,5,691.4,0.2,367.36
O11411,2025-06-09,C1372,P1072,M104,3,387.52,0.15,265.01
O11411,2025-06-09,C1372,P1066,M104,2,344.18,0.1,225.76
O11411,2025-06-09,C1372,P1084,M104,4,152.72,0.2,76.42
O11412,2024-12-25,C1340,P1045,M107,5,595.46,0.15,397.22
O11412,2024-12-25,C1340,P1116,M107,4,400.19,0.1,302.48
O11412,2024-12-25,C1340,P1098,M107,1,188.44,0.15,133.1
O11412,2024-12-25,C1340,P1055,M107,2,523.35,0.15,331.35
O11413,2024-05-31,C1126,P1063,M105,1,897.06,0.2,492.68
O11414,2025-11-03,C1108,P1042,M106,1,99.09,0.0,73.27
O11414,2025-11-03,C1108,P1038,M106,2,379.53,0.2,196.14
O11414,2025-11-03,C1108,P1013,M106,3,322.09,0.1,228.44
O11414,2025-11-03,C1108,P1053,M106,2,845.23,0.05,499.01
O11415,2024-12-19,C1225,P1058,M103,2,187.56,0.2,120.04
O11415,2024-12-19,C1225,P1024,M103,2,864.5,0.0,442.57
O11416,2024-01-04,C1216,P1001,M102,2,477.89,0.0,287.79
O11417,2024-10-22,C1441,P1063,M100,5,137.85,0.15,71.94
O11418,2025-01-17,C1251,P1094,M104,4,744.24,0.1,501.91
O11419,2024-09-25,C1391,P1062,M103,2,564.24,0.0,365.79
O11419,2024-09-25,C1391,P1077,M103,3,159.83,0.15,94.83
O11420,2024-07-10,C1160,P1044,M102,1,197.44,0.1,145.34
O11421,2024-04-22,C1318,P1111,M102,2,900.03,0.05,488.59
O11421,2024-04-22,C1318,P1110,M102,5,229.45,0.15,179.93
O11421,2024-04-22,C1318,P1051,M102,5,809.58,0.0,487.42
O11422,2025-07-25,C1284,P1096,M103,5,562.89,0.1,316.28
O11423,2024-12-27,C1469,P1067,M100,2,194.1,0.15,104.94
O11423,2024-12-27,C1469,P1084,M100,2,660.24,0.2,438.97
O11423,2024-12-27,C1469,P1021,M100,5,657.27,0.05,400.44
O11424,2025-05-20,C1412,P1100,M101,4,681.64,0.15,384.36
O11425,2025-11-02,C1312,P1040,M105,2,581.51,0.05,334.18
O11425,2025-11-02,C1312,P1013,M105,1,325.02,0.05,218.55
O11425,2025-11-02,C1312,P1092,M105,4,822.14,0.05,525.67
O11425,2025-11-02,C1312,P1060,M105,5,776.76,0.2,401.39
O11426,2025-01-17,C1104,P1107,M103,1,381.97,0.05,247.15
O11426,2025-01-17,C1104,P1022,M103,5,493.47,0.2,351.54
O11426,2025-01-17,C1104,P1085,M103,5,572.53,0.15,439.78
O11426,2025-01-17,C1104,P1112,M103,3,804.96,0.1,466.04
O11427,2025-06-08,C1220,P1112,M106,5,411.47,0.15,303.33
O11427,2025-06-08,C1220,P1085,M106,2,926.88,0.05,534.52
O11427,2025-06-08,C1220,P1072,M106,2,288.22,0.0,214.95
O11428,2024-03-06,C1359,P1117,M102,1,93.91,0.0,68.27
O11428,2024-03-06,C1359,P1112,M102,1,258.3,0.15,201.84
O11428,2024-03-06,C1359,P1012,M102,1,764.55,0.15,428.02
O11428,2024-03-06,C1359,P1013,M102,4,585.57,0.05,434.82
O11429,2024-06-01,C1376,P1094,M107,3,852.08,0.15,630.07
O11429,2024-06-01,C1376,P1071,M107,2,890.86,0.2,517.98
O11429,2024-06-01,C1376,P1054,M107,3,532.63,0.15,395.07
O11430,2024-07-16,C1186,P1065,M101,3,469.89,0.1,259.53
O11431,2024-04-01,C1147,P1040,M105,2,266.41,0.05,147.81
O11431,2024-04-01,C1147,P1056,M105,2,130.09,0.15,74.69
O11432,2025-04-20,C1380,P1093,M106,5,943.54,0.2,641.32
O11433,2025-12-19,C1436,P1078,M105,2,495.55,0.1,252.94
O11433,2025-12-19,C1436,P1020,M105,4,404.67,0.0,265.09
O11433,2025-12-19,C1436,P1016,M105,1,992.97,0.0,625.01
O11433,2025-12-19,C1436,P1036,M105,3,833.22,0.1,471.86
O11434,2025-08-02,C1207,P1029,M100,3,136.85,0.1,108.67
O11434,2025-08-02,C1207,P1079,M100,2,169.55,0.1,121.77
O11435,2024-10-15,C1462,P1105,M107,5,702.0,0.2,379.53
O11435,2024-10-15,C1462,P1115,M107,3,154.91,0.2,104.57
O11435,2024-10-15,C1462,P1107,M107,2,417.41,0.1,228.78
O11435,2024-10-15,C1462,P1012,M107,4,81.55,0.1,53.24
O11436,2024-09-28,C1003,P1117,M107,4,414.18,0.1,300.65
O11437,2025-02-21,C1268,P1115,M105,5,312.74,0.1,224.28
O11437,2025-02-21,C1268,P1097,M105,5,505.42,0.05,291.7
O11437,2025-02-21,C1268,P1119,M105,4,53.9,0.2,39.6
O11437,2025-02-21,C1268,P1079,M105,5,646.75,0.1,367.81
O11438,2025-08-26,C1466,P1084,M101,4,520.89,0.05,301.69
O11438,2025-08-26,C1466,P1034,M101,3,490.75,0.15,320.06
O11439,2025-05-12,C1126,P1072,M100,5,714.34,0.15,454.91
O11439,2025-05-12,C1126,P1024,M100,1,212.58,0.05,122.42
O11440,2025-10-03,C1008,P1041,M101,3,727.0,0.15,484.1
O11441,2025-07-08,C1317,P1106,M104,1,57.76,0.1,31.01
O11441,2025-07-08,C1317,P1017,M104,2,131.65,0.15,69.68
O11441,2025-07-08,C1317,P1056,M104,2,622.41,0.2,442.27
O11441,2025-07-08,C1317,P1070,M104,2,383.22,0.05,250.97
O11442,2024-05-03,C1111,P1096,M105,3,857.57,0.1,611.42
O11443,2024-10-27,C1152,P1012,M105,3,147.8,0.15,78.71
O11443,2024-10-27,C1152,P1112,M105,1,749.1,0.15,449.76
O11444,2024-10-16,C1212,P1018,M105,5,926.08,0.1,558.45
O11445,2025-11-03,C1372,P1049,M103,2,629.82,0.2,322.27
O11445,2025-11-03,C1372,P1052,M103,5,71.24,0.05,49.52
O11445,2025-11-03,C1372,P1078,M103,1,79.49,0.0,54.44
O11446,2024-01-05,C1098,P1034,M106,3,343.54,0.0,201.24
O11447,2024-05-25,C1456,P1118,M102,1,863.02,0.1,494.5
O11447,2024-05-25,C1456,P1069,M102,2,102.56,0.2,71.34
O11447,2024-05-25,C1456,P1009,M102,2,918.46,0.05,605.93
O11448,2025-10-11,C1006,P1001,M100,1,852.2,0.1,448.28
O11448,2025-10-11,C1006,P1021,M100,1,789.23,0.2,412.32
O11449,2025-02-01,C1296,P1109,M104,1,744.12,0.0,516.4
O11449,2025-02-01,C1296,P1015,M104,2,511.43,0.1,344.3
O11449,2025-02-01,C1296,P1025,M104,1,974.99,0.15,712.49
O11449,2025-02-01,C1296,P1109,M104,1,230.55,0.1,162.69
O11450,2024-10-02,C1314,P1107,M106,5,525.2,0.15,404.27
O11450,2024-10-02,C1314,P1021,M106,2,746.72,0.05,550.27
O11450,2024-10-02,C1314,P1111,M106,2,400.92,0.0,205.29
O11450,2024-10-02,C1314,P1035,M106,2,402.78,0.2,232.63
O11451,2025-10-15,C1182,P1077,M101,2,694.05,0.1,522.26
O11452,2025-06-30,C1434,P1104,M100,1,111.78,0.1,56.93
O11453,2025-03-17,C1177,P1087,M102,3,274.9,0.2,208.54
O11453,2025-03-17,C1177,P1033,M102,4,916.53,0.05,516.42
O11453,2025-03-17,C1177,P1031,M102,4,911.37,0.05,480.15
O11453,2025-03-17,C1177,P1016,M102,3,602.48,0.05,314.69
O11454,2025-08-25,C1090,P1103,M100,5,505.69,0.1,401.66
O11454,2025-08-25,C1090,P1104,M100,5,912.62,0.0,646.31
O11454,2025-08-25,C1090,P1104,M100,1,272.82,0.0,183.37
O11455,2025-12-20,C1352,P1090,M103,3,29.11,0.05,15.86
O11455,2025-12-20,C1352,P1095,M103,5,184.99,0.1,104.52
O11456,2024-08-12,C1112,P1044,M107,4,498.97,0.05,347.89
O11456,2024-08-12,C1112,P1112,M107,1,468.84,0.15,248.44
O11456,2024-08-12,C1112,P1116,M107,3,493.8,0.1,378.47
O11457,2025-10-30,C1092,P1114,M101,2,327.76,0.0,239.43
O11458,2024-02-05,C1227,P1087,M104,4,864.71,0.05,436.27
O11458,2024-02-05,C1227,P1012,M104,1,35.72,0.2,23.77
O11459,2025-11-26,C1291,P1040,M100,3,804.34,0.1,483.69
O11459,2025-11-26,C1291,P1024,M100,5,119.31,0.0,92.27
O11459,2025-11-26,C1291,P1118,M100,1,390.56,0.2,259.57
O11460,2025-04-12,C1229,P1094,M103,5,566.52,0.2,423.05
O11460,2025-04-12,C1229,P1080,M103,1,155.23,0.05,122.6
O11460,2025-04-12,C1229,P1046,M103,5,455.03,0.2,347.68
O11461,2025-11-24,C1235,P1050,M103,3,331.31,0.0,186.59
O11461,2025-11-24,C1235,P1019,M103,5,188.05,0.05,128.29
O11461,2025-11-24,C1235,P1081,M103,2,807.42,0.15,547.34
O11461,2025-11-24,C1235,P1096,M103,3,389.23,0.05,260.35
O11462,2025-04-10,C1492,P1032,M105,1,802.62,0.1,453.02
O11462,2025-04-10,C1492,P1032,M105,2,257.71,0.2,173.31
O11462,2025-04-10,C1492,P1009,M105,5,29.68,0.0,15.21
O11462,2025-04-10,C1492,P1021,M105,1,425.93,0.15,274.82
O11463,2024-09-09,C1338,P1015,M107,3,567.07,0.0,357.53
O11463,2024-09-09,C1338,P1113,M107,2,702.39,0.05,412.39
O11463,2024-09-09,C1338,P1032,M107,2,785.15,0.2,460.74
O11463,2024-09-09,C1338,P1094,M107,2,818.81,0.2,613.15
O11464,2024-12-11,C1201,P1107,M103,4,427.8,0.0,219.58
O11465,2024-02-09,C1001,P1003,M105,5,358.01,0.2,229.19
O11465,2024-02-09,C1001,P1055,M105,2,149.69,0.1,103.86
O11466,2025-08-11,C1255,P1032,M107,4,677.01,0.05,431.7
O11466,2025-08-11,C1255,P1067,M107,5,498.98,0.0,327.5
O11466,2025-08-11,C1255,P1034,M107,1,472.5,0.05,253.01
O11466,2025-08-11,C1255,P1099,M107,4,887.9,0.15,631.79
O11467,2025-07-03,C1033,P1071,M106,2,232.18,0.0,151.71
O11467,2025-07-03,C1033,P1093,M106,3,69.48,0.05,44.44
O11468,2024-02-12,C1080,P1048,M103,3,874.14,0.05,481.53
O11468,2024-02-12,C1080,P1115,M103,4,326.92,0.0,249.82
O11468,2024-02-12,C1080,P1037,M103,3,671.12,0.1,476.53
O11468,2024-02-12,C1080,P1100,M103,4,101.65,0.05,71.65
O11469,2025-07-11,C1425,P1011,M106,2,501.4,0.1,392.83
O11469,2025-07-11,C1425,P1006,M106,1,871.7,0.2,468.96
O11469,2025-07-11,C1425,P1024,M106,4,40.12,0.1,31.81
O11470,2024-10-14,C1421,P1107,M105,2,877.53,0.2,575.84
O11470,2024-10-14,C1421,P1077,M105,5,86.52,0.0,69.1
O11470,2024-10-14,C1421,P1018,M105,4,322.04,0.0,194.56
O11470,2024-10-14,C1421,P1029,M105,4,464.33,0.15,273.42
O11471,2024-04-19,C1241,P1112,M105,1,28.02,0.0,18.18
O11472,2024-03-13,C1205,P1035,M103,4,815.21,0.1,429.55
O11472,2024-03-13,C1205,P1091,M103,4,162.1,0.0,116.26
O11473,2025-01-10,C1405,P1107,M104,5,229.99,0.0,154.54
O11473,2025-01-10,C1405,P1036,M104,2,361.78,0.05,230.6
O11474,2025-12-19,C1031,P1098,M101,3,926.75,0.0,474.16
O11475,2025-09-04,C1402,P1009,M103,2,959.16,0.0,730.89
O11475,2025-09-04,C1402,P1088,M103,3,145.63,0.1,79.65
O11475,2025-09-04,C1402,P1067,M103,1,859.18,0.0,535.45
O11475,2025-09-04,C1402,P1021,M103,3,447.09,0.1,310.07
O11476,2025-09-08,C1049,P1075,M103,-1,602.75,0.05,302.96
O11476,2025-09-08,C1049,P1042,M103,1,707.74,0.1,476.1
O11477,2025-08-14,C1330,P1019,M101,3,321.92,0.0,255.21
O11477,2025-08-14,C1330,P1070,M101,4,279.17,0.2,178.62
O11477,2025-08-14,C1330,P1020,M101,4,889.55,0.15,509.99
O11478,2025-12-13,C1254,P1082,M102,4,49.84,0.1,27.54
O11478,2025-12-13,C1254,P1041,M102,2,995.59,0.05,763.78
O11478,2025-12-13,C1254,P1109,M102,2,485.18,0.15,361.53
O11478,2025-12-13,C1254,P1044,M102,4,304.87,0.15,177.82
O11479,2024-09-27,C1009,P1048,M102,5,104.58,0.1,69.26
O11479,2024-09-27,C1009,P1082,M102,1,732.39,0.1,574.68
O11479,2024-09-27,C1009,P1087,M102,3,365.04,0.0,215.86
O11479,2024-09-27,C1009,P1044,M102,1,392.02,0.2,216.22
O11480,2025-06-23,C1469,P1096,M105,1,201.01,0.1,132.97
O11480,2025-06-23,C1469,P1074,M105,3,799.95,0.0,455.54
O11481,2025-04-19,C1099,P1046,M107,4,640.18,0.0,346.87
O11482,2024-06-08,C1344,P1109,M107,2,740.46,0.1,385.71
O11483,2025-12-08,C1319,P1007,M100,1,978.2,0.0,561.07
O11484,2024-10-05,C1493,P1093,M101,3,49.84,0.05,27.65
O11485,2024-05-16,C1209,P1094,M107,3,232.84,0.0,116.73
O11485,2024-05-16,C1209,P1110,M107,1,776.28,0.2,424.33
O11485,2024-05-16,C1209,P1057,M107,1,93.27,0.05,59.95
O11485,2024-05-16,C1209,P1068,M107,5,893.9,0.1,496.62
O11486,2024-03-06,C1446,P1062,M102,2,886.55,0.15,661.06
O11486,2024-03-06,C1446,P1115,M102,1,657.25,0.1,464.75
O11486,2024-03-06,C1446,P1029,M102,3,58.35,0.05,29.82
O11486,2024-03-06,C1446,P1044,M102,5,156.86,0.2,108.0
O11487,2024-01-01,C1150,P1027,M102,4,842.78,0.0,525.27
O11488,2024-08-08,C1159,P1113,M101,2,146.7,0.2,105.94
O11489,2024-12-04,C1045,P1066,M105,1,889.43,0.1,701.29
O11490,2024-10-14,C1353,P1115,M102,1,47.2,0.05,36.32
O11490,2024-10-14,C1353,P1099,M102,4,982.77,0.1,770.02
O11491,2025-03-16,C1093,P1021,M104,1,680.39,0.05,370.88
O11491,2025-03-16,C1093,P1090,M104,2,427.69,0.2,260.53
O11492,2024-03-22,C1084,P1103,M104,2,461.95,0.1,238.69
O11492,2024-03-22,C1084,P1033,M104,1,266.79,0.05,159.71
O11492,2024-03-22,C1084,P1046,M104,5,31.82,0.1,25.0
O11492,2024-03-22,C1084,P1069,M104,3,611.6,0.15,479.07
O11493,2024-07-12,C1137,P1049,,1,265.39,0.1,194.42
O11493,2024-07-12,C1137,P1056,M107,5,781.84,0.2,556.64
O11493,2024-07-12,C1137,P1029,M107,5,527.95,0.05,394.65
O11493,2024-07-12,C1137,P1038,M107,2,787.15,0.1,465.5
O11494,2024-08-06,C1212,P1063,M100,1,194.51,0.1,131.46
O11494,2024-08-06,C1212,P1043,M100,5,157.64,0.0,122.56
O11495,2024-11-11,C1135,P1096,M100,1,648.63,0.0,467.46
O11495,2024-11-11,C1135,P1082,M100,3,810.73,0.15,558.78
O11495,2024-11-11,C1135,P1010,M100,1,115.53,0.15,89.88
O11495,2024-11-11,C1135,P1026,M100,5,983.69,0.15,682.43
O11496,2025-04-09,C1255,P1079,M103,1,435.52,0.0,295.31
O11496,2025-04-09,C1255,P1004,M103,4,534.27,0.2,336.45
O11496,2025-04-09,C1255,P1046,M103,1,87.95,0.15,46.88
O11497,2025-06-26,C1027,P1073,M101,5,232.51,0.2,160.08
O11497,2025-06-26,C1027,P1082,M101,1,91.98,0.2,72.74
O11498,2024-10-24,C1448,P1011,M106,2,561.4,0.0,371.37
O11499,2025-07-05,C1123,P1096,M103,5,497.95,0.05,305.83
O11499,2025-07-05,C1123,P1095,M103,5,18.78,0.2,9.62
O11499,2025-07-05,C1123,P1010,M103,4,192.59,0.05,148.14
O11499,2025-07-05,C1123,P1033,M103,4,353.98,0.0,214.53
O11500,2024-12-15,C1482,P1048,M102,3,447.68,0.05,276.44
O11501,2025-07-17,C1056,P1063,M104,4,329.33,0.2,189.23
O11501,2025-07-17,C1056,P1048,M104,2,355.21,0.2,282.62
O11502,2025-07-27,C1474,P1096,M100,2,501.66,0.1,394.78
O11502,2025-07-27,C1474,P1010,M100,1,177.77,0.1,140.69
O11502,2025-07-27,C1474,P1052,M100,4,377.86,0.05,257.18
O11503,2024-05-10,C1344,P1047,M101,4,742.9,0.2,594.3
O11503,2024-05-10,C1344,P1097,M101,2,70.93,0.2,56.6
O11503,2024-05-10,C1344,P1027,M101,5,853.36,0.2,658.61
O11504,2025-11-28,C1257,P1073,M107,3,45.38,0.0,31.82
O11505,2024-10-12,C1389,P1105,M106,2,548.53,0.15,338.53
O11505,2024-10-12,C1389,P1076,M106,2,86.76,0.05,68.72
O11505,2024-10-12,C1389,P1042,M106,4,220.72,0.0,147.56
O11506,2025-09-04,C1427,P1020,M106,2,57.72,0.1,45.94
O11506,2025-09-04,C1427,P1029,M106,1,49.53,0.0,26.33
O11506,2025-09-04,C1427,P1047,M106,5,335.03,0.15,242.52
O11506,2025-09-04,C1427,P1070,M106,2,81.18,0.0,48.35
O11507,2025-06-09,C1340,P1069,M101,1,768.42,0.15,463.97
O11507,2025-06-09,C1340,P1016,M101,2,903.2,0.0,593.61
O11507,2025-06-09,C1340,P1076,M101,1,692.65,0.0,530.28
O11508,2024-09-14,C1194,P1102,M102,3,990.19,0.0,745.5
O11509,2025-07-25,C1236,P1035,M101,1,72.27,0.15,44.68
O11509,2025-07-25,C1236,P1028,M101,2,228.62,0.1,146.64
O11509,2025-07-25,C1236,P1059,M101,5,938.95,0.2,690.77
O11510,2024-09-04,C1449,P1055,M102,5,316.12,0.15,177.85
O11510,2024-09-04,C1449,P1118,M102,5,432.52,0.15,268.14
O11511,2024-05-21,C1474,P1083,M102,5,470.94,0.1,299.35
O11511,2024-05-21,C1474,P1007,M102,4,445.96,0.0,231.0
O11512,2024-10-22,C1029,P1077,M106,1,641.73,0.0,438.6
O11513,2024-07-23,C1320,P1103,M101,5,648.69,0.0,503.3
O11513,2024-07-23,C1320,P1001,M101,2,360.1,0.2,253.47
O11514,2025-10-20,C1447,P1062,M103,3,571.0,0.1,338.22
O11514,2025-10-20,C1447,P1069,M103,1,968.68,0.0,731.58
O11515,2025-12-14,C1101,P1011,M105,2,575.03,0.15,373.52
O11516,2024-09-06,C1221,P1113,M106,1,463.82,0.05,337.47
O11516,2024-09-06,C1221,P1085,M106,2,829.39,0.05,501.22
O11517,2024-06-17,C1386,P1098,M102,3,890.39,0.0,555.12
O11517,2024-06-17,C1386,P1061,M102,4,884.95,0.2,668.76
O11518,2025-09-09,C1283,P1045,M100,4,438.85,0.0,237.95
O11519,2024-09-05,C1157,P1066,M106,2,187.79,0.1,129.97
O11520,2025-03-08,C1291,P1046,M100,5,781.54,0.0,401.46
O11520,2025-03-08,C1291,P1064,M100,2,860.72,0.05,649.24
O11521,2025-11-13,C1337,P1046,M107,3,994.81,0.05,758.85
O11522,2025-03-02,C1437,P1096,M105,3,489.89,0.15,382.5
O11522,2025-03-02,C1437,P1025,M105,5,421.24,0.1,248.83
O11522,2025-03-02,C1437,P1089,M105,1,98.13,0.0,71.67
O11523,2024-03-13,C1359,P1067,M106,2,842.9,0.05,633.27
O11524,2025-08-01,C1265,P1072,M101,4,540.58,0.2,273.63
O11525,2024-06-15,C1394,P1096,M102,2,387.34,0.2,297.0
O11526,2024-01-05,C1223,P1077,M106,4,682.52,0.2,523.23
O11526,2024-01-05,C1223,P1030,M106,5,332.21,0.0,193.68
O11526,2024-01-05,C1223,P1109,M106,5,128.64,0.15,90.06
O11527,2024-09-28,C1290,P1020,M107,5,322.1,0.15,178.88
O11527,2024-09-28,C1290,P1060,M107,2,320.68,0.15,221.79
O11528,2024-03-27,C1090,P1111,M105,5,770.73,0.05,472.16
O11529,2025-03-14,C1312,P1104,M106,2,950.94,0.2,726.87
O11529,2025-03-14,C1312,P1015,M106,2,644.22,0.2,364.33
O11530,2025-10-28,C1122,P1041,M100,1,377.4,0.15,242.57
O11530,2025-10-28,C1122,P1064,M100,5,38.81,0.1,27.38
O11530,2025-10-28,C1122,P1100,M100,4,489.41,0.15,368.28
O11531,2025-03-26,C1139,P1063,M103,1,986.77,0.15,651.95
O11532,2024-09-07,C1350,P1105,M104,2,543.09,0.1,304.56
O11532,2024-09-07,C1350,P1033,M104,4,652.23,0.05,423.66
O11532,2024-09-07,C1350,P1097,M104,4,217.09,0.2,160.11
O11533,2024-01-26,C1274,P1003,M103,2,881.57,0.2,489.86
O11533,2024-01-26,C1274,P1004,M103,2,781.91,0.0,595.62
O11533,2024-01-26,C1274,P1110,M103,2,51.53,0.05,36.84
O11533,2024-01-26,C1274,P1090,M103,2,791.49,0.1,407.29
O11534,2024-05-15,C1228,P1084,M105,4,954.69,0.05,751.69
O11535,2025-05-27,C1084,P1105,M101,3,398.22,0.15,277.66
O11535,2025-05-27,C1084,P1049,M101,5,309.48,0.2,181.11
O11536,2025-02-15,C1034,P1081,M105,2,922.64,0.05,619.89
O11536,2025-02-15,C1034,P1094,M105,1,577.93,0.2,404.88
O11536,2025-02-15,C1034,P1109,M105,1,548.26,0.0,339.78
O11536,2025-02-15,C1034,P1050,M105,4,65.47,0.1,33.77
O11537,2024-09-23,C1041,P1080,M102,3,537.5,0.05,354.79
O11537,2024-09-23,C1041,P1085,M102,5,933.3,0.1,519.85
O11537,2024-09-23,C1041,P1008,M102,5,617.36,0.05,377.6
O11538,2025-05-20,C1434,P1091,M102,1,916.36,0.2,650.22
O11539,2025-11-12,C1113,P1114,M103,1,525.14,0.05,346.84
O11539,2025-11-12,C1113,P1005,M103,2,969.64,0.2,531.52
O11539,2025-11-12,C1113,P1058,M103,2,159.52,0.2,82.73
O11539,2025-11-12,C1113,P1001,M103,2,111.82,0.05,85.8
O11540,2025-12-09,C1390,P1064,M103,5,659.36,0.05,414.23
O11540,2025-12-09,C1390,P1064,M103,4,856.68,0.2,660.16
O11541,2025-09-26,C1082,P1073,M105,3,114.53,0.1,71.35
O11541,2025-09-26,C1082,P1062,M105,1,873.89,0.1,552.25
O11541,2025-09-26,C1082,P1043,M105,5,613.6,0.0,398.41
O11542,2024-11-15,C1173,P1056,M102,5,574.94,0.0,294.1
O11542,2024-11-15,C1173,P1069,M102,3,411.13,0.2,326.17
O11543,2024-06-07,C1239,P1037,M101,3,464.14,0.2,299.54
O11543,2024-06-07,C1239,P1084,M101,4,860.83,0.0,552.33
O11543,2024-06-07,C1239,P1007,M101,4,837.45,0.0,485.34
O11543,2024-06-07,C1239,P1023,M101,1,484.9,0.15,382.07
O11544,2025-07-23,C1304,P1007,M100,3,956.66,0.0,588.74
O11544,2025-07-23,C1304,P1068,M100,3,391.69,0.15,282.78
O11544,2025-07-23,C1304,P1115,M100,2,528.42,0.1,411.02
O11545,2025-01-27,C1098,P1025,M105,3,459.96,0.15,316.85
O11546,2025-12-23,C1312,P1045,M100,3,545.45,0.2,320.17
O11546,2025-12-23,C1312,P1064,M100,2,733.25,0.0,408.25
O11546,2025-12-23,C1312,P1030,M100,3,940.94,0.15,490.56
O11546,2025-12-23,C1312,P1089,M100,5,47.52,0.2,25.63
O11547,2024-07-30,C1357,P1110,M101,4,107.04,0.1,69.62
O11548,2025-01-24,C1417,P1075,M104,2,996.12,0.2,630.53
O11548,2025-01-24,C1417,P1010,M104,4,300.65,0.05,151.85
O11548,2025-01-24,C1417,P1039,M104,4,503.34,0.0,251.87
O11549,2025-08-09,C1386,P1043,M102,5,285.84,0.15,161.05
O11550,2025-11-19,C1308,P1117,M105,2,512.61,0.05,393.25
O11550,2025-11-19,C1308,P1073,M105,1,805.72,0.0,511.82
O11550,2025-11-19,C1308,P1106,M105,5,812.3,0.15,577.12
O11551,2025-12-16,C1356,P1021,M106,3,931.4,0.1,514.55
O11551,2025-12-16,C1356,P1036,M106,3,231.93,0.0,161.0
O11551,2025-12-16,C1356,P1074,M106,5,800.19,0.2,487.6
O11551,2025-12-16,C1356,P1052,M106,5,223.33,0.1,138.42
O11552,2024-06-05,C1417,P1009,M105,3,717.4,0.05,435.1
O11552,2024-06-05,C1417,P1096,M105,3,863.21,0.0,485.88
O11553,2025-03-02,C1384,P1015,M101,1,863.79,0.0,505.64
O11553,2025-03-02,C1384,P1115,M101,5,132.0,0.2,77.47
O11553,2025-03-02,C1384,P1075,M101,3,52.41,0.05,37.86
O11553,2025-03-02,C1384,P1074,M101,3,765.71,0.0,478.31
O11554,2024-05-20,C1327,P1013,M105,1,123.18,0.0,68.96
O11554,2024-05-20,C1327,P1094,M105,5,32.46,0.05,22.91
O11554,2024-05-20,C1327,P1088,M105,1,820.64,0.0,479.63
O11555,2024-09-23,C1256,P1053,M100,4,471.97,0.05,361.96
O11556,2024-01-12,C1350,P1017,M106,4,869.99,0.15,682.06
O11556,2024-01-12,C1350,P1067,M106,1,568.93,0.15,366.69
O11556,2024-01-12,C1350,P1041,M106,3,196.29,0.15,129.79
O11556,2024-01-12,C1350,P1095,M106,2,590.36,0.15,319.48
O11557,2024-08-25,C1276,P1070,M106,5,354.47,0.0,199.04
O11557,2024-08-25,C1276,P1106,M106,2,299.01,0.0,194.94
O11557,2024-08-25,C1276,P1102,M106,5,78.62,0.15,61.55
O11558,2025-11-25,C1311,P1112,M105,2,608.95,0.05,447.31
O11559,2024-05-29,C1424,P1006,M101,1,782.97,0.15,564.38
O11560,2024-05-03,C1434,P1013,M101,5,677.08,0.2,351.88
O11560,2024-05-03,C1434,P1075,M101,4,273.02,0.05,174.02
O11561,2025-09-21,C1009,P1028,M105,4,438.38,0.2,285.28
O11561,2025-09-21,C1009,P1010,M105,2,927.31,0.1,726.13
O11561,2025-09-21,C1009,P1082,M105,4,840.49,0.1,510.04
O11561,2025-09-21,C1009,P1085,M105,4,490.52,0.0,386.32
O11562,2024-05-01,C1444,P1001,M107,4,998.29,0.0,652.35
O11562,2024-05-01,C1444,P1083,M107,5,457.57,0.2,286.23
O11562,2024-05-01,C1444,P1012,M107,1,439.48,0.2,263.57
O11563,2025-07-16,C1126,P1028,M104,5,873.69,0.2,471.62
O11563,2025-07-16,C1126,P1011,M104,4,394.51,0.15,260.75
O11563,2025-07-16,C1126,P1062,M104,3,112.74,0.0,61.73
O11563,2025-07-16,C1126,P1052,M104,3,338.91,0.1,255.11
O11564,2024-02-23,C1257,P1032,M103,4,999.81,0.0,562.44
O11565,2024-10-27,C1207,P1078,M107,2,888.78,0.05,589.59
O11566,2025-05-23,C1297,P1021,M105,5,367.36,0.0,265.36
O11566,2025-05-23,C1297,P1023,M105,5,538.07,0.1,357.18
O11566,2025-05-23,C1297,P1051,M105,4,178.4,0.1,130.36
O11566,2025-05-23,C1297,P1067,M105,1,587.56,0.1,396.01
O11567,2025-12-17,C1117,P1036,M107,3,206.1,0.0,149.94
O11568,2024-05-18,C1121,P1047,M107,3,570.39,0.05,293.96
O11568,2024-05-18,C1121,P1092,M107,2,258.57,0.15,196.19
O11569,2024-10-25,C1199,P1103,M102,5,921.56,0.1,666.14
O11570,2024-04-10,C1252,P1089,M104,3,264.06,0.0,207.91
O11570,2024-04-10,C1252,P1117,M104,1,76.88,0.1,61.29
O11570,2024-04-10,C1252,P1110,M104,4,71.72,0.0,51.15
O11571,2024-11-18,C1431,P1051,M102,1,709.62,0.0,501.36
O11571,2024-11-18,C1431,P1099,M102,5,189.45,0.05,138.67
O11572,2025-05-24,C1429,P1020,M101,4,882.38,0.05,614.42
O11572,2025-05-24,C1429,P1087,M101,2,372.64,0.0,231.71
O11572,2025-05-24,C1429,P1013,M101,3,50.86,0.15,35.85
O11573,2024-07-11,C1331,P1042,M102,1,809.24,0.0,519.17
O11573,2024-07-11,C1331,P1071,M102,1,879.07,0.1,580.54
O11573,2024-07-11,C1331,P1110,M102,3,696.58,0.05,482.39
O11574,2025-12-04,C1066,P1095,M104,3,586.77,0.05,371.79
O11574,2025-12-04,C1066,P1074,M104,4,768.3,0.15,562.98
O11574,2025-12-04,C1066,P1056,M104,5,61.78,0.1,39.63
O11574,2025-12-04,C1066,P1118,M104,2,41.49,0.1,31.52
O11575,2025-03-03,C1303,P1071,M100,2,444.0,0.0,236.65
O11575,2025-03-03,C1303,P1105,M100,5,247.35,0.05,183.18
O11575,2025-03-03,C1303,P1069,M100,5,698.9,0.0,378.95
O11575,2025-03-03,C1303,P1106,M100,1,381.83,0.15,216.75
O11576,2025-03-10,C1114,P1109,M102,4,37.73,0.05,24.78
O11577,2025-03-20,C1080,P1055,M106,4,188.49,0.05,98.59
O11577,2025-03-20,C1080,P1020,M106,5,884.1,0.0,566.68
O11577,2025-03-20,C1080,P1083,M106,4,127.97,0.15,72.1
O11578,2024-06-04,C1257,P1105,M101,4,809.42,0.1,549.28
O11578,2024-06-04,C1257,P1093,M101,2,233.72,0.1,122.21
O11578,2024-06-04,C1257,P1026,M101,2,406.14,0.2,219.75
O11579,2024-11-18,C1268,P1098,M104,3,310.45,0.2,217.58
O11579,2024-11-18,C1268,P1003,M104,3,993.49,0.2,552.3
O11579,2024-11-18,C1268,P1079,M104,2,813.98,0.05,622.57
O11580,2024-08-22,C1004,P1001,M107,2,136.74,0.15,91.27
O11580,2024-08-22,C1004,P1007,M107,3,767.78,0.05,495.59
O11580,2024-08-22,C1004,P1026,M107,4,18.4,0.2,13.77
O11581,2025-07-21,C1331,P1045,M103,5,865.47,0.05,447.58
O11581,2025-07-21,C1331,P1098,M103,5,573.36,0.1,375.01
O11581,2025-07-21,C1331,P1089,M103,1,645.76,0.05,413.6
O11581,2025-07-21,C1331,P1113,M103,1,348.96,0.0,277.58
O11582,2025-12-25,C1415,P1084,M106,2,38.7,0.05,26.91
O11582,2025-12-25,C1415,P1004,M106,5,409.6,0.1,237.9
O11583,2024-04-02,C1254,P1002,M105,3,792.08,0.2,629.29
O11583,2024-04-02,C1254,P1098,M105,1,923.32,0.1,652.35
O11583,2024-04-02,C1254,P1034,M105,1,713.04,0.05,436.42
O11583,2024-04-02,C1254,P1071,M105,5,707.74,0.05,556.51
O11584,2024-10-28,C1174,P1051,M107,2,745.45,0.0,524.92
O11584,2024-10-28,C1174,P1026,M107,1,412.92,0.2,326.36
O11585,2024-05-13,C1137,P1105,M102,5,447.1,0.2,267.85
O11585,2024-05-13,C1137,P1047,M102,5,305.6,0.2,221.65
O11585,2024-05-13,C1137,P1089,M102,3,204.02,0.05,125.69
O11586,2024-04-01,C1356,P1113,M104,3,177.56,0.15,114.48
O11586,2024-04-01,C1356,P1002,M104,2,717.17,0.1,420.88
O11586,2024-04-01,C1356,P1046,M104,4,564.02,0.0,311.77
O11587,2025-06-29,C1259,P1047,M106,3,526.12,0.05,264.73
O11587,2025-06-29,C1259,P1093,M106,2,96.88,0.2,70.79
O11588,2025-10-02,C1196,P1077,M106,1,556.26,0.2,290.39
O11588,2025-10-02,C1196,P1028,M106,3,250.57,0.2,184.29
O11588,2025-10-02,C1196,P1021,M106,3,819.93,0.2,459.71
O11589,2024-01-28,C1280,P1116,M107,4,26.92,0.1,15.01
O11590,2024-11-14,C1121,P1024,M101,3,165.76,0.0,122.44
O11590,2024-11-14,C1121,P1011,M101,5,185.98,0.0,97.93
O11591,2025-01-29,C1386,P1027,M107,5,934.89,0.15,708.03
O11591,2025-01-29,C1386,P1103,M107,5,290.25,0.05,153.62
O11591,2025-01-29,C1386,P1068,M107,4,271.62,0.15,206.36
O11592,2024-07-15,C1442,P1067,M106,1,992.8,0.05,498.17
O11592,2024-07-15,C1442,P1061,M106,4,204.62,0.2,135.78
O11593,2024-12-27,C1161,P1095,M104,3,529.84,0.2,326.76
O11593,2024-12-27,C1161,P1033,M104,4,976.74,0.1,598.49
O11593,2024-12-27,C1161,P1096,M104,1,795.08,0.2,610.39
O11594,2024-04-15,C1430,P1093,M107,3,548.1,0.1,424.02
O11595,2025-08-13,C1162,P1095,M102,5,809.93,0.05,636.46
O11595,2025-08-13,C1162,P1005,M102,3,278.82,0.1,182.66
O11596,2024-02-09,C1186,P1110,M103,5,760.27,0.2,600.66
O11596,2024-02-09,C1186,P1103,M103,2,785.16,0.1,612.99
O11597,2025-04-02,C1447,P1036,M101,2,645.32,0.2,483.78
O11597,2025-04-02,C1447,P1086,M101,4,839.87,0.0,495.01
O11598,2024-12-01,C1294,P1097,M104,3,241.51,0.1,150.42
O11598,2024-12-01,C1294,P1119,M104,4,612.24,0.1,444.3
O11599,2024-11-07,C1345,P1055,M100,1,783.0,0.0,487.12
O11600,2025-01-20,C1194,P1086,M102,4,362.58,0.05,213.4
O11600,2025-01-20,C1194,P1041,M102,2,849.55,0.1,525.21
O11600,2025-01-20,C1194,P1111,M102,1,541.07,0.2,390.46
O11601,2025-01-30,C1031,P1016,M105,5,891.77,0.0,712.85
O11601,2025-01-30,C1031,P1095,M105,1,651.74,0.15,500.72
O11601,2025-01-30,C1031,P1008,M105,2,332.58,0.15,235.31
O11602,2024-03-07,C1328,P1094,M103,4,226.36,0.2,136.88
O11603,2024-10-09,C1491,P1051,M101,3,989.65,0.15,562.61
O11604,2025-05-26,C1409,P1034,M101,1,877.98,0.15,459.03
O11604,2025-05-26,C1409,P1079,M101,5,355.05,0.05,268.1
O11605,2024-10-11,C1124,P1027,M106,2,342.6,0.0,243.12
O11605,2024-10-11,C1124,P1013,M106,3,286.18,0.15,215.05
O11606,2024-10-09,C1392,P1060,M105,3,39.3,0.1,26.56
O11606,2024-10-09,C1392,P1002,M105,1,748.69,0.0,422.22
O11606,2024-10-09,C1392,P1021,M105,3,234.76,0.15,162.76
O11607,2024-04-30,C1488,P1011,M105,1,348.29,0.05,225.15
O11607,2024-04-30,C1488,P1035,M105,2,642.49,0.2,434.25
O11608,2024-06-26,C1118,P1029,M107,1,471.45,0.05,353.79
O11608,2024-06-26,C1118,P1046,M107,3,26.18,0.2,13.69
O11609,2025-11-10,C1210,P1060,M101,2,399.73,0.15,200.27
O11609,2025-11-10,C1210,P1078,M101,5,835.47,0.05,474.8
O11610,2025-05-13,C1339,P1041,M107,2,456.16,0.05,294.95
O11611,2025-01-13,C1490,P1087,M100,5,146.42,0.0,82.61
O11611,2025-01-13,C1490,P1011,M100,2,517.8,0.15,333.17
O11611,2025-01-13,C1490,P1035,M100,4,145.02,0.0,109.19
O11612,2025-02-15,C1270,P1014,M107,1,863.04,0.2,432.56
O11612,2025-02-15,C1270,P1048,M107,1,156.08,0.1,107.28
O11612,2025-02-15,C1270,P1105,M107,5,50.11,0.0,31.03
O11613,2024-05-07,C1331,P1087,M101,3,723.12,0.1,408.81
O11613,2024-05-07,C1331,P1104,M101,3,890.0,0.15,691.29
O11614,2024-04-12,C1392,P1048,M102,1,942.4,0.1,705.61
O11614,2024-04-12,C1392,P1020,M102,5,259.23,0.2,178.76
O11615,2025-03-24,C1459,P1001,M107,1,827.71,0.2,449.72
O11615,2025-03-24,C1459,P1021,M107,2,921.07,0.2,524.92
O11615,2025-03-24,C1459,P1067,M107,2,804.2,0.2,519.8
O11616,2024-01-17,C1198,P1090,M103,3,626.6,0.0,407.1
O11616,2024-01-17,C1198,P1003,M103,2,656.29,0.15,377.48
O11616,2024-01-17,C1198,P1114,M103,2,185.88,0.1,112.8
O11616,2024-01-17,C1198,P1096,M103,1,59.4,0.1,35.89
O11617,2024-07-22,C1252,P1085,M103,4,406.44,0.05,246.59
O11618,2024-10-21,C1041,P1117,M102,2,793.25,0.0,448.0
O11618,2024-10-21,C1041,P1018,M102,5,100.91,0.15,67.57
O11618,2024-10-21,C1041,P1037,M102,4,85.82,0.15,65.17
O11619,2024-08-09,C1030,P1112,M105,1,50.59,0.2,36.29
O11619,2024-08-09,C1030,P1107,M105,1,397.9,0.1,203.13
O11620,2024-10-28,C1271,P1033,M104,1,475.63,0.15,336.76
O11620,2024-10-28,C1271,P1091,M104,5,462.97,0.0,276.73
O11620,2024-10-28,C1271,P1088,M104,3,318.3,0.05,160.22
O11621,2025-02-26,C1248,P1116,M101,3,570.54,0.05,369.62
O11621,2025-02-26,C1248,P1022,M101,2,505.86,0.05,384.42
O11621,2025-02-26,C1248,P1037,M101,1,235.84,0.2,156.69
O11622,2025-09-30,C1138,P1001,M106,4,770.91,0.15,453.4
O11622,2025-09-30,C1138,P1082,M106,5,642.14,0.05,438.77
O11622,2025-09-30,C1138,P1018,M106,5,64.19,0.05,33.56
O11623,2024-08-08,C1015,P1092,M100,4,78.81,0.0,41.35
O11623,2024-08-08,C1015,P1115,M100,4,349.82,0.15,274.98
O11623,2024-08-08,C1015,P1068,M100,1,493.91,0.0,304.36
O11623,2024-08-08,C1015,P1111,M100,1,198.84,0.05,110.24
O11624,2025-12-10,C1378,P1062,M101,4,86.5,0.1,57.27
O11624,2025-12-10,C1378,P1109,M101,5,198.77,0.0,144.21
O11625,2024-07-31,C1341,P1032,M106,5,811.66,0.2,412.27
O11625,2024-07-31,C1341,P1104,M106,5,431.8,0.0,246.32
O11625,2024-07-31,C1341,P1002,M106,3,593.46,0.05,361.67
O11626,2024-10-10,C1492,P1015,M107,2,239.1,0.1,132.9
O11626,2024-10-10,C1492,P1112,M107,1,362.81,0.0,185.18
O11626,2024-10-10,C1492,P1100,M107,1,95.64,0.05,58.56
O11627,2025-06-12,C1349,P1074,M102,4,297.15,0.1,149.15
O11627,2025-06-12,C1349,P1036,M102,4,710.9,0.2,536.32
O11627,2025-06-12,C1349,P1092,M102,3,792.15,0.2,585.61
O11628,2025-06-05,C1340,P1017,M105,3,984.57,0.15,725.27
O11628,2025-06-05,C1340,P1059,M105,4,102.31,0.05,57.54
O11628,2025-06-05,C1340,P1101,M105,4,551.18,0.05,344.34
O11629,2024-04-24,C1232,P1014,M100,5,601.13,0.15,434.79
O11629,2024-04-24,C1232,P1113,M100,3,377.65,0.0,261.75
O11629,2024-04-24,C1232,P1116,M100,2,250.0,0.05,161.84
O11630,2024-04-10,C1424,P1024,M107,5,769.01,0.0,483.09
O11631,2025-06-22,C1204,P1016,M101,4,806.69,0.2,474.79
O11631,2025-06-22,C1204,P1105,M101,5,920.8,0.15,516.43
O11631,2025-06-22,C1204,P1022,M101,4,227.22,0.2,126.32
O11632,2024-05-18,C1186,P1022,M102,1,274.54,0.05,179.68
O11632,2024-05-18,C1186,P1010,M102,1,954.81,0.2,687.77
O11632,2024-05-18,C1186,P1022,M102,5,449.3,0.2,247.16
O11632,2024-05-18,C1186,P1114,M102,1,109.01,0.1,76.09
O11633,2025-07-22,C1094,P1020,M106,4,753.79,0.05,582.92
O11633,2025-07-22,C1094,P1048,M106,1,214.32,0.0,162.47
O11633,2025-07-22,C1094,P1036,M106,4,508.78,0.05,314.92
O11634,2024-06-19,C1249,P1051,M104,1,22.61,0.15,15.76
O11634,2024-06-19,C1249,P1110,M104,3,386.58,0.2,264.64
O11634,2024-06-19,C1249,P1056,M104,3,298.17,0.15,175.6
O11634,2024-06-19,C1249,P1055,M104,2,749.43,0.05,478.66
O11635,2025-06-17,C1056,P1047,M102,3,966.95,0.05,508.0
O11636,2024-01-14,C1146,P1038,M104,2,217.95,0.05,153.82
O11636,2024-01-14,C1146,P1094,M104,1,482.18,0.15,322.61
O11637,2024-10-28,C1452,P1053,M103,1,277.3,0.0,221.62
O11637,2024-10-28,C1452,P1089,M103,2,315.78,0.1,201.01
O11637,2024-10-28,C1452,P1030,M103,2,434.06,0.0,272.78
O11638,2025-08-28,C1163,P1046,M107,4,927.52,0.1,667.19
O11638,2025-08-28,C1163,P1083,M107,5,480.55,0.2,328.03
O11638,2025-08-28,C1163,P1024,M107,5,628.56,0.2,395.05
O11639,2025-12-21,C1110,P1085,M100,1,121.58,0.1,85.52
O11640,2024-03-29,C1198,P1082,M105,4,260.93,0.15,137.99
O11641,2025-02-05,C1227,P1104,M100,2,410.86,0.15,258.33
O11641,2025-02-05,C1227,P1045,M100,1,212.47,0.2,140.69
O11642,2024-12-10,C1460,P1042,M103,3,811.15,0.05,561.35
O11642,2024-12-10,C1460,P1052,M103,5,151.86,0.1,77.63
O11643,2025-09-30,C1005,P1092,M103,1,776.45,0.1,558.06
O11643,2025-09-30,C1005,P1050,M103,3,51.62,0.15,38.31
O11643,2025-09-30,C1005,P1003,M103,1,382.61,0.2,224.82
O11644,2025-09-15,C1304,P1001,M107,2,452.89,0.15,337.53
O11645,2025-01-14,C1378,P1000,M104,2,626.07,0.1,488.77
O11645,2025-01-14,C1378,P1108,M104,4,688.18,0.0,452.89
O11645,2025-01-14,C1378,P1011,M104,5,814.96,0.1,481.36
O11645,2025-01-14,C1378,P1022,M104,2,865.78,0.1,586.25
O11646,2024-05-18,C1004,P1103,M101,3,762.11,0.2,593.69
O11646,2024-05-18,C1004,P1099,M101,1,618.48,0.0,454.77
O11646,2024-05-18,C1004,P1053,M101,2,535.16,0.05,313.38
O11646,2024-05-18,C1004,P1102,M101,3,608.98,0.05,433.75
O11647,2024-11-07,C1418,P1035,M106,1,506.2,0.1,271.21
O11648,2024-01-10,C1477,P1053,M100,1,939.32,0.05,591.53
O11648,2024-01-10,C1477,P1093,M100,1,950.4,0.1,606.78
O11649,2024-07-04,C1203,P1023,M100,5,240.38,0.2,177.38
O11649,2024-07-04,C1203,P1049,M100,4,10.31,0.15,5.22
O11649,2024-07-04,C1203,P1025,M100,2,179.91,0.05,129.8
O11649,2024-07-04,C1203,P1092,M100,2,709.96,0.1,518.45
O11650,2025-04-05,C1156,P1069,M103,1,542.36,0.1,279.47
O11651,2025-09-25,C1387,P1050,M102,4,725.8,0.15,528.18
O11651,2025-09-25,C1387,P1102,M102,2,365.58,0.1,234.88
O11652,2024-09-29,C1091,P1067,M101,2,369.5,0.2,268.0
O11652,2024-09-29,C1091,P1010,M101,2,433.87,0.05,287.22
O11652,2024-09-29,C1091,P1103,M101,5,154.77,0.0,80.2
O11652,2024-09-29,C1091,P1091,M101,2,229.25,0.0,146.04
O11653,2024-01-10,C1251,P1042,M102,4,621.79,0.1,490.48
O11654,2024-10-22,C1029,P1091,M101,1,838.53,0.0,583.95
O11655,2024-11-30,C1082,P1080,M102,3,125.87,0.0,73.98
O11656,2024-08-20,C1032,P1067,M104,1,73.36,0.1,51.14
O11656,2024-08-20,C1032,P1095,M104,5,555.26,0.15,291.53
O11656,2024-08-20,C1032,P1080,M104,2,105.72,0.0,75.63
O11656,2024-08-20,C1032,P1021,M104,1,111.04,0.15,76.93
O11657,2024-03-06,C1320,P1067,M106,5,107.96,0.05,62.17
O11657,2024-03-06,C1320,P1054,M106,1,399.35,0.15,238.59
O11658,2024-03-30,C1028,P1038,M105,3,341.1,0.05,196.76
O11658,2024-03-30,C1028,P1037,M105,2,463.96,0.15,362.13
O11659,2024-06-25,C1278,P1035,M100,1,165.61,0.1,113.34
O11659,2024-06-25,C1278,P1111,M100,2,881.54,0.1,505.5
O11659,2024-06-25,C1278,P1057,M100,4,499.04,0.05,372.41
O11659,2024-06-25,C1278,P1101,M100,3,440.61,0.15,347.26
O11660,2025-06-15,C1206,P1030,M104,1,318.19,0.15,229.01
O11661,2025-12-25,C1075,P1028,M104,5,612.21,0.15,471.27
O11662,2024-09-02,C1183,P1070,M107,1,682.88,0.05,419.69
O11663,2025-11-27,C1027,P1115,M101,1,74.22,0.1,41.68
O11663,2025-11-27,C1027,P1048,M101,1,869.31,0.15,584.52
O11663,2025-11-27,C1027,P1080,M101,5,815.66,0.15,480.68
O11664,2025-11-16,C1265,P1025,M102,4,763.04,0.2,420.34
O11664,2025-11-16,C1265,P1010,M102,4,306.09,0.0,175.63
O11664,2025-11-16,C1265,P1054,M102,5,892.96,0.1,539.53
O11665,2025-03-29,C1037,P1029,M101,5,754.75,0.1,507.9
O11666,2024-03-29,C1363,P1071,M101,5,467.96,0.15,285.31
O11666,2024-03-29,C1363,P1053,M101,1,593.31,0.1,434.34
O11666,2024-03-29,C1363,P1098,M101,1,535.2,0.2,296.0
O11666,2024-03-29,C1363,P1095,M101,2,415.78,0.0,320.67
O11667,2024-08-20,C1073,P1033,M101,4,147.37,0.05,111.3
O11668,2024-02-01,C1007,P1003,M104,5,33.76,0.1,26.36
O11668,2024-02-01,C1007,P1072,M104,3,985.49,0.0,659.41
O11668,2024-02-01,C1007,P1043,M104,4,801.89,0.2,611.31
O11668,2024-02-01,C1007,P1082,M104,3,332.51,0.15,182.54
O11669,2024-10-24,C1127,P1048,M101,2,331.35,0.05,182.36
O11670,2024-07-24,C1170,P1101,M103,2,359.86,0.2,204.04
O11670,2024-07-24,C1170,P1012,M103,1,799.4,0.15,468.75
O11671,2025-07-28,C1304,P1041,M107,4,752.58,0.0,487.71
O11672,2024-03-03,C1093,P1081,M100,2,355.77,0.0,277.56
O11672,2024-03-03,C1093,P1108,M100,3,505.26,0.2,364.61
O11672,2024-03-03,C1093,P1074,M100,5,403.7,0.05,216.92
O11672,2024-03-03,C1093,P1081,M100,4,50.66,0.0,27.43
O11673,2024-04-09,C1377,P1079,M101,2,240.45,0.15,165.37
O11674,2024-11-20,C1420,P1025,M107,4,203.87,0.2,159.06
O11674,2024-11-20,C1420,P1110,M107,2,254.55,0.15,146.08
O11675,2025-11-25,C1121,P1026,M101,4,467.16,0.2,344.25
O11675,2025-11-25,C1121,P1110,M101,1,588.65,0.15,366.41
O11675,2025-11-25,C1121,P1011,M101,5,449.87,0.2,308.5
O11676,2024-01-16,C1436,P1046,M107,5,928.85,0.15,579.7
O11676,2024-01-16,C1436,P1074,M107,5,24.48,0.2,14.35
O11677,2025-04-08,C1112,P1072,M105,1,862.86,0.0,526.72
O11677,2025-04-08,C1112,P1092,M105,3,333.61,0.05,181.15
O11677,2025-04-08,C1112,P1090,M105,1,412.26,0.0,326.53
O11678,2024-12-01,C1451,P1109,M105,5,180.91,0.0,128.68
O11679,2025-10-27,C1010,P1032,M106,4,441.69,0.2,298.94
O11679,2025-10-27,C1010,P1059,M106,2,288.9,0.05,191.79
O11679,2025-10-27,C1010,P1002,M106,2,34.25,0.15,26.59
O11680,2024-11-10,C1429,P1019,M101,5,948.76,0.15,569.64
O11680,2024-11-10,C1429,P1071,M101,1,212.03,0.1,157.56
O11681,2024-03-21,C1393,P1029,M105,2,89.92,0.15,46.57
O11681,2024-03-21,C1393,P1075,M105,2,719.47,0.05,483.59
O11681,2024-03-21,C1393,P1106,M105,5,670.87,0.2,490.05
O11681,2024-03-21,C1393,P1050,M105,1,492.69,0.1,335.02
O11682,2024-04-10,C1459,P1002,M102,2,588.38,0.05,458.99
O11682,2024-04-10,C1459,P1035,M102,5,408.67,0.05,309.24
O11682,2024-04-10,C1459,P1026,M102,5,836.62,0.0,583.33
O11682,2024-04-10,C1459,P1033,M102,5,247.84,0.2,171.78
O11683,2025-01-21,C1369,P1011,M107,5,571.49,0.2,413.33
O11684,2025-09-01,C1075,P1116,M103,3,82.97,0.2,65.5
O11685,2024-04-13,C1246,P1029,M104,4,938.41,0.1,629.21
O11685,2024-04-13,C1246,P1038,M104,1,747.63,0.1,590.31
O11685,2024-04-13,C1246,P1117,M104,3,10.33,0.05,5.26
O11685,2024-04-13,C1246,P1087,M104,5,202.92,0.1,133.24
O11686,2025-02-12,C1008,P1073,M100,4,858.4,0.1,515.5
O11686,2025-02-12,C1008,P1092,M100,2,298.76,0.0,198.21
O11686,2025-02-12,C1008,P1105,M100,5,834.19,0.2,426.46
O11687,2025-04-25,C1477,P1031,M107,2,699.41,0.05,469.57
O11687,2025-04-25,C1477,P1072,M107,1,656.38,0.05,466.56
O11687,2025-04-25,C1477,P1095,M107,3,260.93,0.2,149.83
O11687,2025-04-25,C1477,P1106,M107,2,218.08,0.15,158.13
O11688,2025-06-17,C1305,P1044,M104,1,824.22,0.15,612.36
O11688,2025-06-17,C1305,P1008,M104,2,396.66,0.05,216.18
O11688,2025-06-17,C1305,P1073,M104,5,45.11,0.2,27.43
O11689,2024-10-30,C1347,P1049,M107,3,698.5,0.1,468.05
O11689,2024-10-30,C1347,P1053,M107,4,995.91,0.05,655.0
O11689,2024-10-30,C1347,P1034,M107,2,759.95,0.0,545.27
O11690,2024-02-15,C1485,P1034,M104,5,360.46,0.0,287.03
O11690,2024-02-15,C1485,P1105,M104,2,34.22,0.0,20.97
O11691,2024-07-08,C1440,P1059,M105,2,965.79,0.05,498.36
O11691,2024-07-08,C1440,P1020,M105,1,632.35,0.05,354.74
O11691,2024-07-08,C1440,P1055,M105,4,72.54,0.15,40.99
O11692,2025-09-23,C1397,P1118,M107,4,965.04,0.05,737.89
O11692,2025-09-23,C1397,P1104,M107,5,184.31,0.1,127.66
O11693,2025-11-20,C1103,P1102,M102,1,780.68,0.05,475.3
O11693,2025-11-20,C1103,P1025,M102,4,255.4,0.2,203.61
O11693,2025-11-20,C1103,P1108,M102,5,152.17,0.05,115.85
O11693,2025-11-20,C1103,P1067,M102,5,616.28,0.15,360.16
O11694,2024-09-20,C1092,P1041,M105,3,334.0,0.1,265.18
O11694,2024-09-20,C1092,P1029,M105,5,294.88,0.15,194.14
O11695,2024-02-01,C1239,P1106,M103,4,573.1,0.0,315.51
O11695,2024-02-01,C1239,P1011,M103,5,335.03,0.05,172.18
O11696,2024-07-06,C1092,P1068,M100,3,403.98,0.1,242.94
O11696,2024-07-06,C1092,P1037,M100,4,827.16,0.2,507.63
O11697,2024-07-26,C1095,P1019,M101,5,347.53,0.0,198.17
O11697,2024-07-26,C1095,P1073,M101,4,812.05,0.1,497.87
O11698,2024-01-17,C1339,P1057,M100,4,557.54,0.0,342.42
O11698,2024-01-17,C1339,P1050,M100,5,215.11,0.05,149.62
O11698,2024-01-17,C1339,P1017,M100,1,908.5,0.2,577.31
O11698,2024-01-17,C1339,P1065,M100,3,482.14,0.05,285.35
O11699,2024-08-10,C1015,P1095,M104,2,945.26,0.1,600.77
O11699,2024-08-10,C1015,P1096,M104,1,353.86,0.1,279.33
O11699,2024-08-10,C1015,P1029,M104,2,787.44,0.0,431.03
O11700,2025-05-19,C1482,P1078,M102,3,888.53,0.0,486.0
O11701,2025-06-08,C1276,P1027,M100,2,927.55,0.15,626.42
O11701,2025-06-08,C1276,P1057,M100,3,399.56,0.2,207.83
O11701,2025-06-08,C1276,P1024,M100,2,205.88,0.15,140.1
O11701,2025-06-08,C1276,P1036,M100,4,394.3,0.05,294.3
O11702,2025-05-28,C1064,P1096,M102,3,481.47,0.1,301.17
O11702,2025-05-28,C1064,P1116,M102,2,653.09,0.2,385.35
O11703,2025-07-23,C1481,P1052,M106,1,225.44,0.2,180.17
O11703,2025-07-23,C1481,P1058,M106,4,986.99,0.0,540.12
O11703,2025-07-23,C1481,P1034,M106,3,910.47,0.15,671.49
O11703,2025-07-23,C1481,P1010,M106,4,149.43,0.2,86.73
O11704,2024-07-24,C1153,P1094,M107,2,910.44,0.0,631.58
O11705,2024-02-08,C1263,P1015,M103,3,43.91,0.2,35.0
O11706,2024-05-08,C1486,P1028,M101,4,901.85,0.0,643.05
O11706,2024-05-08,C1486,P1087,M101,4,157.2,0.1,106.13
O11707,2025-03-27,C1296,P1092,M104,2,234.02,0.15,186.88
O11707,2025-03-27,C1296,P1118,M104,2,614.26,0.05,360.47
O11708,2025-03-08,C1243,P1025,M101,4,405.19,0.0,320.23
O11708,2025-03-08,C1243,P1092,M101,1,252.29,0.1,158.54
O11708,2025-03-08,C1243,P1014,M101,4,49.07,0.15,26.35
O11709,2024-07-30,C1059,P1086,M101,1,806.51,0.2,552.65
O11709,2024-07-30,C1059,P1015,M101,1,331.64,0.2,259.88
O11709,2024-07-30,C1059,P1034,M101,2,249.9,0.05,131.22
O11710,2025-05-16,C1252,P1025,M104,2,791.29,0.15,566.44
O11711,2025-08-21,C1192,P1107,M100,4,717.35,0.15,394.13
O11711,2025-08-21,C1192,P1113,M100,2,642.57,0.15,462.87
O11711,2025-08-21,C1192,P1069,M100,2,858.63,0.0,507.31
O11712,2025-11-24,C1325,P1070,M106,5,786.89,0.15,433.55
O11712,2025-11-24,C1325,P1074,M106,3,693.6,0.05,417.29
O11712,2025-11-24,C1325,P1117,M106,5,105.92,0.2,64.45
O11713,2024-02-01,C1398,P1010,M107,4,996.28,0.0,595.17
O11713,2024-02-01,C1398,P1037,M107,3,751.35,0.1,474.67
O11713,2024-02-01,C1398,P1055,M107,4,661.84,0.05,486.23
O11714,2025-02-14,C1258,P1083,M103,5,73.07,0.2,43.93
O11714,2025-02-14,C1258,P1052,M103,2,737.31,0.0,574.86
O11715,2024-06-04,C1421,P1112,M105,2,91.9,0.2,60.62
O11715,2024-06-04,C1421,P1015,M105,5,620.09,0.15,443.12
O11716,2025-06-08,C1246,P1027,M107,5,590.52,0.2,437.64
O11716,2025-06-08,C1246,P1051,M107,2,626.36,0.15,446.13
O11716,2025-06-08,C1246,P1091,M107,2,203.83,0.2,149.03
O11716,2025-06-08,C1246,P1064,M107,4,266.03,0.0,140.78
O11717,2025-03-01,C1321,P1047,M104,1,909.3,0.1,638.43
O11717,2025-03-01,C1321,P1070,M104,3,704.5,0.2,433.8
O11717,2025-03-01,C1321,P1017,M104,1,638.14,0.1,361.7
O11717,2025-03-01,C1321,P1075,M104,2,157.85,0.05,98.59
O11718,2025-02-16,C1291,P1095,M105,4,847.53,0.1,485.72
O11718,2025-02-16,C1291,P1089,M105,5,328.76,0.05,236.28
O11718,2025-02-16,C1291,P1043,M105,2,22.69,0.15,17.36
O11718,2025-02-16,C1291,P1107,M105,1,200.09,0.15,146.46
O11719,2024-08-26,C1480,P1018,M107,2,379.81,0.1,190.64
O11720,2025-08-12,C1046,P1002,M104,5,938.09,0.05,551.89
O11721,2024-05-07,C1433,P1069,M100,2,749.0,0.15,397.43
O11721,2024-05-07,C1433,P1090,M100,4,351.23,0.2,214.57
O11722,2024-12-06,C1459,P1100,M105,3,734.45,0.15,436.58
O11722,2024-12-06,C1459,P1018,M105,2,527.07,0.05,382.1
O11722,2024-12-06,C1459,P1046,M105,4,566.82,0.0,297.02
O11723,2024-01-16,C1391,P1084,M103,5,891.56,0.15,583.59
O11723,2024-01-16,C1391,P1115,M103,4,916.89,0.05,618.95
O11723,2024-01-16,C1391,P1000,M103,2,106.68,0.15,61.68
O11724,2024-11-30,C1217,P1090,M100,4,365.06,0.05,184.37
O11724,2024-11-30,C1217,P1047,M100,2,384.04,0.1,221.33
O11724,2024-11-30,C1217,P1005,M100,3,66.15,0.2,39.63
O11724,2024-11-30,C1217,P1055,M100,3,419.18,0.2,220.69
O11725,2025-10-05,C1363,P1006,M104,1,765.9,0.0,504.56
O11725,2025-10-05,C1363,P1027,M104,5,434.71,0.05,295.59
O11725,2025-10-05,C1363,P1057,M104,5,521.07,0.05,375.37
O11726,2025-03-04,C1174,P1066,M104,4,50.37,0.15,30.53
O11727,2024-04-01,C1060,P1109,M104,2,27.41,0.05,16.25
O11727,2024-04-01,C1060,P1003,M104,5,480.44,0.2,299.75
O11727,2024-04-01,C1060,P1062,M104,4,288.72,0.15,179.92
O11728,2025-08-24,C1009,P1053,M102,4,19.78,0.15,12.58
O11729,2024-12-06,C1359,P1092,M102,3,869.42,0.1,496.97
O11729,2024-12-06,C1359,P1052,M102,2,273.42,0.0,210.56
O11729,2024-12-06,C1359,P1048,M102,5,300.68,0.05,220.58
O11729,2024-12-06,C1359,P1103,M102,1,510.73,0.0,401.88
O11730,2025-01-15,C1371,P1011,M106,4,731.28,0.0,529.8
O11730,2025-01-15,C1371,P1083,M106,1,252.65,0.05,132.24
O11731,2025-08-01,C1126,P1090,M103,4,686.44,0.1,356.39
O11731,2025-08-01,C1126,P1009,M103,5,449.49,0.15,279.58
O11732,2024-12-23,C1127,P1044,M106,5,718.3,0.0,457.07
O11732,2024-12-23,C1127,P1034,M106,5,307.61,0.1,240.48
O11733,2025-06-11,C1443,P1116,M101,4,685.87,0.2,424.18
O11734,2025-02-21,C1378,P1044,M103,4,504.91,0.05,357.36
O11734,2025-02-21,C1378,P1021,M103,4,938.41,0.15,595.19
O11734,2025-02-21,C1378,P1100,M103,4,907.6,0.1,684.34
O11735,2025-01-20,C1153,P1019,M100,2,613.77,0.15,439.19
O11735,2025-01-20,C1153,P1119,M100,3,988.64,0.05,685.22
O11735,2025-01-20,C1153,P1030,M100,2,253.35,0.1,138.05
O11736,2025-06-23,C1419,P1072,M104,5,839.45,0.2,515.61
O11737,2024-06-12,C1101,P1053,M102,4,232.24,0.1,177.07
O11737,2024-06-12,C1101,P1009,M102,4,529.3,0.15,328.22
O11737,2024-06-12,C1101,P1064,M102,2,384.21,0.05,193.99
O11738,2025-03-05,C1058,P1051,M101,3,582.47,0.1,365.39
O11738,2025-03-05,C1058,P1022,M101,2,927.22,0.15,683.34
O11739,2024-03-03,C1444,P1097,M103,3,307.98,0.15,189.31
O11739,2024-03-03,C1444,P1004,M103,3,966.61,0.15,629.69
O11740,2025-02-24,C1147,P1079,M101,4,309.23,0.2,211.9
O11740,2025-02-24,C1147,P1023,M101,2,401.17,0.0,212.27
O11740,2025-02-24,C1147,P1055,M101,5,653.98,0.2,351.05
O11740,2025-02-24,C1147,P1112,M101,2,887.57,0.05,569.19
O11741,2024-01-31,C1116,P1025,M102,4,466.09,0.2,266.47
O11742,2025-01-16,C1430,P1028,M103,4,549.37,0.1,332.49
O11743,2024-11-01,C1204,P1114,M104,4,78.94,0.15,60.3
O11743,2024-11-01,C1204,P1007,M104,4,628.96,0.1,432.01
O11744,2024-03-25,C1240,P1021,M107,1,120.43,0.2,71.8
O11744,2024-03-25,C1240,P1054,M107,4,549.74,0.15,433.52
O11745,2025-01-18,C1145,P1000,M106,4,557.64,0.1,432.92
O11745,2025-01-18,C1145,P1042,M106,2,752.65,0.2,519.55
O11746,2024-05-30,C1235,P1068,M100,3,169.35,0.0,114.04
O11747,2024-05-18,C1270,P1017,M103,4,973.98,0.05,666.19
O11747,2024-05-18,C1270,P1100,M103,4,36.02,0.05,26.21
O11747,2024-05-18,C1270,P1016,M103,4,654.96,0.2,494.16
O11747,2024-05-18,C1270,P1055,M103,5,331.21,0.0,178.52
O11748,2025-10-25,C1479,P1078,M101,2,964.05,0.2,691.9
O11748,2025-10-25,C1479,P1043,M101,2,643.35,0.0,322.17
O11748,2025-10-25,C1479,P1039,M101,4,631.17,0.1,479.97
O11748,2025-10-25,C1479,P1051,M101,4,749.38,0.1,476.11
O11749,2025-07-10,C1161,P1023,M101,1,909.36,0.1,620.54
O11750,2025-04-30,C1154,P1011,M100,3,401.63,0.2,239.93
O11750,2025-04-30,C1154,P1103,M100,1,896.91,0.0,476.88
O11750,2025-04-30,C1154,P1092,M100,2,309.35,0.2,233.61
O11750,2025-04-30,C1154,P1016,M100,1,528.99,0.05,299.9
O11751,2025-07-14,C1499,P1062,M103,1,380.59,0.1,243.54
O11751,2025-07-14,C1499,P1071,M103,3,278.18,0.0,192.48
O11752,2024-05-18,C1235,P1044,M107,4,807.22,0.2,561.84
O11752,2024-05-18,C1235,P1009,M107,4,655.59,0.15,403.01
O11752,2024-05-18,C1235,P1023,M107,5,630.68,0.0,370.4
O11752,2024-05-18,C1235,P1053,M107,1,408.97,0.1,255.41
O11753,2024-06-09,C1024,P1101,M104,2,556.16,0.0,313.33
O11753,2024-06-09,C1024,P1099,,4,209.17,0.0,130.55
O11754,2025-08-18,C1070,P1060,M106,4,57.14,0.05,34.33
O11754,2025-08-18,C1070,P1064,M106,5,576.09,0.05,404.48
O11755,2024-06-24,C1171,P1080,M101,1,585.34,0.2,337.62
O11755,2024-06-24,C1171,P1090,M101,3,904.28,0.0,585.56
O11756,2025-05-16,C1209,P1098,M106,1,864.44,0.15,502.65
O11756,2025-05-16,C1209,P1103,M106,1,236.03,0.05,124.81
O11757,2025-12-17,C1052,P1018,M103,4,519.63,0.0,282.05
O11757,2025-12-17,C1052,P1076,M103,4,355.01,0.1,246.56
O11758,2024-07-07,C1477,P1049,M102,4,846.88,0.05,580.99
O11758,2024-07-07,C1477,P1038,M102,3,976.82,0.15,551.62
O11758,2024-07-07,C1477,P1033,M102,5,260.84,0.0,132.81
O11758,2024-07-07,C1477,P1007,M102,5,506.36,0.2,385.55
O11759,2025-10-28,C1294,P1013,M106,2,178.6,0.0,89.62
O11759,2025-10-28,C1294,P1034,M106,1,522.21,0.1,380.88
O11760,2025-05-30,C1152,P1041,M105,2,870.36,0.1,571.66
O11761,2024-02-21,C1148,P1058,M100,2,631.35,0.05,465.66
O11762,2025-10-05,C1003,P1090,M104,4,591.51,0.0,420.38
O11762,2025-10-05,C1003,P1014,M104,1,751.35,0.1,558.94
O11763,2025-08-04,C1326,P1091,M101,2,348.2,0.05,191.98
O11764,2025-12-31,C1483,P1081,M105,1,556.07,0.15,397.95
O11764,2025-12-31,C1483,P1026,M105,4,276.19,0.2,162.71
O11764,2025-12-31,C1483,P1000,M105,4,732.05,0.0,523.61
O11764,2025-12-31,C1483,P1081,M105,4,784.24,0.1,576.25
O11765,2024-05-10,C1342,P1109,M100,1,67.62,0.0,39.7
O11765,2024-05-10,C1342,P1111,M100,1,64.99,0.0,42.52
O11765,2024-05-10,C1342,P1065,M100,1,742.02,0.0,531.95
O11765,2024-05-10,C1342,P1021,M100,4,589.6,0.2,423.92
O11766,2025-01-17,C1405,P1039,M106,3,498.33,0.15,297.59
O11766,2025-01-17,C1405,P1032,M106,1,927.8,0.15,528.61
O11766,2025-01-17,C1405,P1056,M106,1,695.15,0.1,413.09
O11766,2025-01-17,C1405,P1088,M106,2,240.3,0.05,175.12
O11767,2024-10-11,C1400,P1002,M101,5,816.28,0.0,603.93
O11767,2024-10-11,C1400,P1014,M101,4,537.75,0.15,381.28
O11767,2024-10-11,C1400,P1061,M101,4,262.76,0.1,167.7
O11767,2024-10-11,C1400,P1010,M101,1,917.81,0.2,673.09
O11768,2025-08-14,C1336,P1006,M107,2,834.72,0.05,524.84
O11768,2025-08-14,C1336,P1042,M107,3,205.37,0.15,158.69
O11768,2025-08-14,C1336,P1015,M107,1,529.13,0.05,282.21
O11769,2024-03-18,C1428,P1106,M106,1,878.15,0.2,651.97
O11770,2024-03-18,C1448,P1002,M102,3,379.03,0.1,243.34
O11771,2024-02-15,C1086,P1016,M102,5,637.51,0.2,504.77
O11771,2024-02-15,C1086,P1024,M102,5,728.82,0.2,479.93
O11772,2025-06-29,C1100,P1085,M105,1,223.3,0.15,164.42
O11772,2025-06-29,C1100,P1092,M105,2,762.1,0.05,465.37
O11772,2025-06-29,C1100,P1098,M105,3,895.61,0.1,472.35
O11772,2025-06-29,C1100,P1060,M105,4,553.73,0.1,384.53
O11773,2024-08-29,C1027,P1005,M107,2,418.59,0.15,259.56
O11773,2024-08-29,C1027,P1064,M107,3,441.04,0.05,286.47
O11773,2024-08-29,C1027,P1063,M107,4,298.39,0.2,204.08
O11774,2025-12-06,C1189,P1028,M106,3,858.97,0.15,579.88
O11775,2024-07-07,C1216,P1038,M101,4,84.5,0.05,44.66
O11775,2024-07-07,C1216,P1068,M101,5,288.24,0.15,170.95
O11775,2024-07-07,C1216,P1111,M101,2,588.81,0.0,440.68
O11775,2024-07-07,C1216,P1105,M101,4,493.99,0.0,390.34
O11776,2025-12-28,C1304,P1001,M101,4,348.8,0.1,250.09
O11776,2025-12-28,C1304,P1105,M101,2,945.57,0.15,667.59
O11777,2024-01-08,C1454,P1116,M107,5,379.2,0.0,263.27
O11777,2024-01-08,C1454,P1096,M107,3,338.75,0.15,222.41
O11778,2024-07-18,C1011,P1015,M100,1,214.38,0.2,157.92
O11778,2024-07-18,C1011,P1092,M100,2,515.89,0.2,270.05
O11778,2024-07-18,C1011,P1032,M100,4,41.02,0.15,21.34
O11779,2025-10-04,C1269,P1117,M102,2,595.49,0.15,458.33
O11779,2025-10-04,C1269,P1068,M102,3,840.12,0.15,474.01
O11780,2024-09-18,C1244,P1079,M102,3,596.55,0.2,334.48
O11780,2024-09-18,C1244,P1102,M102,1,856.79,0.05,434.75
O11780,2024-09-18,C1244,P1111,M102,5,80.1,0.2,59.43
O11781,2024-03-07,C1275,P1021,M100,1,382.2,0.1,224.39
O11781,2024-03-07,C1275,P1040,M100,2,701.83,0.0,526.07
O11781,2024-03-07,C1275,P1038,M100,1,993.97,0.0,532.17
O11781,2024-03-07,C1275,P1023,M100,1,828.74,0.05,439.56
O11782,2024-09-25,C1334,P1038,M107,1,318.97,0.05,197.07
O11782,2024-09-25,C1334,P1006,M107,1,514.56,0.05,303.14
O11782,2024-09-25,C1334,P1046,M107,5,670.23,0.15,338.32
O11783,2025-03-05,C1428,P1051,M100,3,565.28,0.1,388.0
O11783,2025-03-05,C1428,P1074,M100,1,438.29,0.0,252.57
O11784,2025-08-12,C1144,P1102,M101,4,987.84,0.1,714.34
O11785,2025-11-17,C1488,P1044,M103,3,759.04,0.2,444.1
O11785,2025-11-17,C1488,P1007,M103,2,261.43,0.15,157.49
O11786,2025-08-15,C1041,P1096,M106,4,853.02,0.0,606.7
O11786,2025-08-15,C1041,P1109,M106,3,588.6,0.05,358.23
O11787,2025-10-03,C1333,P1052,M105,5,863.96,0.2,527.18
O11788,2025-03-09,C1314,P1002,M104,3,454.6,0.05,360.7
O11789,2025-10-09,C1180,P1036,M106,1,966.77,0.2,737.85
O11789,2025-10-09,C1180,P1085,M106,5,898.64,0.2,706.18
O11790,2024-06-09,C1287,P1012,M105,3,48.8,0.05,31.55
O11790,2024-06-09,C1287,P1111,M105,2,888.33,0.2,699.38
O11790,2024-06-09,C1287,P1069,M105,3,664.97,0.05,509.95
O11791,2024-08-05,C1383,P1036,M105,2,729.74,0.05,476.05
O11791,2024-08-05,C1383,P1115,M105,3,979.24,0.1,508.19
O11791,2024-08-05,C1383,P1110,M105,3,348.6,0.1,207.24
O11792,2025-12-25,C1256,P1040,M100,4,745.56,0.05,456.66
O11792,2025-12-25,C1256,P1082,M100,1,254.71,0.1,161.54
O11793,2025-01-05,C1165,P1119,M107,2,519.99,0.15,329.15
O11793,2025-01-05,C1165,P1033,M107,4,143.31,0.0,76.82
O11793,2025-01-05,C1165,P1109,M107,1,963.21,0.05,505.64
O11794,2024-08-19,C1177,P1019,M106,5,717.44,0.15,569.27
O11794,2024-08-19,C1177,P1075,M106,1,855.95,0.1,479.87
O11794,2024-08-19,C1177,P1016,M106,3,502.38,0.15,366.66
O11794,2024-08-19,C1177,P1110,M106,3,665.2,0.05,469.38
O11795,2024-09-20,C1470,P1022,M101,4,244.59,0.1,193.5
O11796,2024-09-16,C1344,P1062,M105,3,803.93,0.05,628.03
O11796,2024-09-16,C1344,P1058,M105,3,49.53,0.0,28.39
O11797,2024-08-05,C1074,P1029,M102,3,325.67,0.05,182.06
O11798,2025-03-19,C1289,P1103,M107,4,954.6,0.0,656.29
O11798,2025-03-19,C1289,P1032,M107,5,17.47,0.05,9.64
O11799,2024-03-13,C1068,P1091,M106,5,891.06,0.0,511.3
O11800,2025-02-22,C1338,P1050,M102,1,476.58,0.05,242.92
O11800,2025-02-22,C1338,P1106,M102,1,383.72,0.15,266.83
O11800,2025-02-22,C1338,P1093,M102,2,664.58,0.15,374.69
O11801,2024-03-28,C1070,P1014,M105,3,681.76,0.0,432.78
O11802,2024-08-20,C1024,P1092,M107,4,867.12,0.05,532.71
O11802,2024-08-20,C1024,P1112,M107,1,307.41,0.1,239.31
O11803,2025-06-03,C1006,P1093,M106,3,105.73,0.15,69.1
O11803,2025-06-03,C1006,P1011,M106,2,674.09,0.15,488.22
O11803,2025-06-03,C1006,P1089,M106,4,393.32,0.0,286.0
O11803,2025-06-03,C1006,P1055,M106,4,339.27,0.0,201.91
O11804,2025-08-31,C1469,P1008,M102,5,802.93,0.2,560.78
O11804,2025-08-31,C1469,P1102,M102,2,550.9,0.15,325.48
O11804,2025-08-31,C1469,P1004,M102,4,849.65,0.0,637.08
O11805,2025-01-19,C1303,P1052,M100,2,547.51,0.1,418.38
O11806,2024-08-31,C1096,P1117,M105,1,514.67,0.1,374.69
O11806,2024-08-31,C1096,P1035,M105,4,698.48,0.2,468.84
O11807,2024-03-30,C1414,P1111,M107,1,292.08,0.05,196.23
O11807,2024-03-30,C1414,P1096,M107,4,40.8,0.0,21.43
O11807,2024-03-30,C1414,P1106,M107,1,32.22,0.05,23.07
O11808,2024-12-10,C1172,P1103,M105,5,231.97,0.0,146.4
O11809,2025-08-29,C1217,P1031,M100,4,42.59,0.1,21.43
O11809,2025-08-29,C1217,P1107,M100,4,550.63,0.2,314.56
O11809,2025-08-29,C1217,P1088,M100,4,10.42,0.1,6.94
O11810,2025-05-16,C1301,P1113,M107,1,824.43,0.1,553.25
O11810,2025-05-16,C1301,P1022,M107,4,359.22,0.15,219.91
O11810,2025-05-16,C1301,P1044,M107,4,311.27,0.0,198.38
O11811,2024-02-21,C1121,P1074,M101,1,945.46,0.05,729.27
O11811,2024-02-21,C1121,P1106,M101,4,782.53,0.0,395.32
O11811,2024-02-21,C1121,P1113,M101,1,533.88,0.2,274.07
O11812,2024-06-22,C1454,P1012,M104,5,686.22,0.15,402.79
O11812,2024-06-22,C1454,P1066,M104,2,862.83,0.05,598.4
O11812,2024-06-22,C1454,P1019,M104,3,340.66,0.05,184.44
O11813,2024-05-21,C1203,P1018,M101,1,851.12,0.15,515.57
O11813,2024-05-21,C1203,P1052,M101,4,619.02,0.1,316.72
O11813,2024-05-21,C1203,P1115,M101,4,733.23,0.05,530.7
O11814,2025-12-07,C1305,P1110,M101,3,499.05,0.05,384.59
O11814,2025-12-07,C1305,P1025,M101,1,723.62,0.2,379.93
O11814,2025-12-07,C1305,P1091,M101,2,548.29,0.1,293.89
O11814,2025-12-07,C1305,P1097,M101,5,230.58,0.15,170.66
O11815,2024-02-21,C1414,P1113,M107,2,707.99,0.1,424.24
O11816,2024-06-14,C1157,P1015,M103,4,810.13,0.2,459.26
O11816,2024-06-14,C1157,P1099,M103,1,215.24,0.2,169.1
O11816,2024-06-14,C1157,P1013,M103,1,300.06,0.2,214.93
O11816,2024-06-14,C1157,P1038,M103,3,907.23,0.15,626.8
O11817,2025-02-20,C1427,P1069,M104,4,673.19,0.2,398.05
O11818,2024-08-21,C1438,P1081,M103,5,377.55,0.1,240.39
O11818,2024-08-21,C1438,P1040,M103,3,615.1,0.1,369.19
O11818,2024-08-21,C1438,P1013,M103,3,618.93,0.0,411.34
O11819,2025-11-03,C1417,P1111,M100,4,49.18,0.05,38.09
O11820,2025-07-09,C1471,P1036,M105,1,161.17,0.05,108.14
O11820,2025-07-09,C1471,P1068,M105,3,834.15,0.1,525.51
O11820,2025-07-09,C1471,P1052,M105,3,14.16,0.2,9.91
O11821,2024-11-26,C1252,P1089,M100,2,431.28,0.2,306.03
O11821,2024-11-26,C1252,P1006,M100,1,834.16,0.05,466.39
O11821,2024-11-26,C1252,P1004,M100,4,229.24,0.15,129.26
O11822,2025-03-05,C1466,P1033,M103,1,991.87,0.0,594.26
O11822,2025-03-05,C1466,P1019,M103,5,62.15,0.15,39.6
O11822,2025-03-05,C1466,P1038,M103,2,126.47,0.05,64.22
O11823,2024-11-14,C1348,P1001,M100,1,792.6,0.05,446.04
O11823,2024-11-14,C1348,P1017,M100,2,424.33,0.15,292.46
O11823,2024-11-14,C1348,P1058,M100,1,519.36,0.2,396.51
O11823,2024-11-14,C1348,P1065,M100,2,131.12,0.0,90.03
O11824,2025-11-03,C1038,P1095,M106,3,246.04,0.05,132.8
O11825,2025-11-23,C1211,P1076,M105,4,449.35,0.1,272.49
O11826,2024-08-01,C1485,P1068,M105,4,248.13,0.05,136.74
O11826,2024-08-01,C1485,P1083,M105,5,145.09,0.1,98.81
O11827,2025-07-22,C1386,P1023,M105,2,100.16,0.2,71.98
O11827,2025-07-22,C1386,P1078,M105,1,773.06,0.1,425.62
O11827,2025-07-22,C1386,P1070,M105,4,778.37,0.05,512.0
O11828,2025-12-20,C1230,P1062,M105,5,163.06,0.05,117.74
O11828,2025-12-20,C1230,P1048,M105,3,701.63,0.15,523.39
O11828,2025-12-20,C1230,P1090,M105,2,240.59,0.05,163.21
O11829,2024-08-14,C1108,P1008,M104,2,735.41,0.2,372.79
O11829,2024-08-14,C1108,P1030,M104,2,811.78,0.05,523.3
O11829,2024-08-14,C1108,P1111,M104,4,504.09,0.05,310.54
O11830,2025-09-17,C1124,P1077,M106,5,185.45,0.0,111.76
O11831,2025-05-28,C1199,P1104,M101,3,429.99,0.1,323.73
O11831,2025-05-28,C1199,P1074,M101,1,368.84,0.1,204.57
O11831,2025-05-28,C1199,P1095,M101,5,717.88,0.0,440.7
O11832,2025-05-18,C1295,P1012,M104,1,397.83,0.15,237.6
O11832,2025-05-18,C1295,P1004,M104,3,439.07,0.05,300.58
O11832,2025-05-18,C1295,P1119,M104,2,251.06,0.15,167.79
O11832,2025-05-18,C1295,P1047,M104,5,876.31,0.05,596.3
O11833,2024-01-19,C1007,P1047,M100,5,374.36,0.2,248.65
O11833,2024-01-19,C1007,P1006,M100,2,98.96,0.05,58.25
O11833,2024-01-19,C1007,P1082,M100,3,177.71,0.05,88.92
O11833,2024-01-19,C1007,P1063,M100,1,401.11,0.2,272.21
O11834,2025-06-26,C1148,P1083,M107,4,654.64,0.05,427.36
O11835,2025-04-22,C1457,P1067,M103,1,588.97,0.1,417.91
O11836,2024-10-11,C1239,P1053,M102,5,391.27,0.1,268.97
O11836,2024-10-11,C1239,P1095,M102,5,39.47,0.0,22.93
O11836,2024-10-11,C1239,P1071,M102,3,277.02,0.05,154.33
O11837,2024-10-05,C1278,P1103,M105,5,906.08,0.15,524.82
O11837,2024-10-05,C1278,P1053,M105,5,270.85,0.05,136.85
O11837,2024-10-05,C1278,P1116,M105,1,621.72,0.2,350.84
O11838,2024-01-14,C1381,P1008,M106,2,449.89,0.0,284.3
O11838,2024-01-14,C1381,P1017,M106,1,572.24,0.05,420.2
O11839,2024-01-20,C1093,P1080,M106,4,545.3,0.15,298.02
O11839,2024-01-20,C1093,P1085,M106,1,474.69,0.05,353.92
O11839,2024-01-20,C1093,P1072,M106,3,641.85,0.05,364.43
O11840,2025-06-06,C1005,P1091,M100,5,199.27,0.1,104.13
O11840,2025-06-06,C1005,P1024,M100,5,729.82,0.0,371.51
O11840,2025-06-06,C1005,P1080,M100,5,225.29,0.15,137.57
O11841,2025-08-23,C1358,P1093,M101,3,17.06,0.05,12.7
O11841,2025-08-23,C1358,P1079,M101,5,126.63,0.2,100.0
O11841,2025-08-23,C1358,P1001,M101,4,724.04,0.0,470.84
O11842,2024-05-18,C1312,P1065,M104,5,774.19,0.15,572.43
O11843,2024-01-10,C1004,P1111,M101,1,242.8,0.0,163.87
O11843,2024-01-10,C1004,P1053,M101,2,879.84,0.15,479.17
O11843,2024-01-10,C1004,P1094,M101,1,385.8,0.1,205.7
O11844,2024-02-03,C1113,P1089,M105,4,980.64,0.0,777.65
O11844,2024-02-03,C1113,P1067,M105,2,75.12,0.1,55.02
O11844,2024-02-03,C1113,P1092,M105,1,298.99,0.1,228.7
O11844,2024-02-03,C1113,P1034,M105,4,476.87,0.15,314.0
O11845,2025-09-17,C1151,P1114,M100,3,170.97,0.1,113.98
O11846,2025-08-22,C1222,P1104,M107,4,920.7,0.2,569.93
O11847,2024-03-13,C1090,P1033,M106,5,357.94,0.15,277.96
O11848,2025-10-12,C1084,P1110,M101,2,74.83,0.15,59.32
O11848,2025-10-12,C1084,P1110,M101,1,324.32,0.05,164.72
O11848,2025-10-12,C1084,P1044,M101,4,79.63,0.1,61.88
O11848,2025-10-12,C1084,P1032,M101,2,286.06,0.05,145.88
O11849,2024-03-14,C1336,P1024,M107,3,261.81,0.1,189.59
O11849,2024-03-14,C1336,P1075,M107,3,934.74,0.0,661.91
O11849,2024-03-14,C1336,P1010,M107,2,484.74,0.05,355.92
O11849,2024-03-14,C1336,P1075,M107,4,456.63,0.0,238.26
O11850,2024-03-10,C1107,P1072,M104,5,533.61,0.05,317.79
O11850,2024-03-10,C1107,P1103,M104,2,937.34,0.0,578.68
O11851,2024-01-02,C1191,P1009,M105,5,304.94,0.05,165.8
O11851,2024-01-02,C1191,P1071,M105,1,365.98,0.0,190.39
O11852,2025-08-31,C1016,P1070,M102,4,714.39,0.1,563.22
O11853,2024-05-08,C1167,P1065,M104,3,983.69,0.2,522.19
O11854,2025-05-10,C1069,P1110,M106,5,526.63,0.1,266.77
O11854,2025-05-10,C1069,P1096,M106,3,318.15,0.15,190.8
O11855,2025-03-17,C1123,P1018,M107,3,893.31,0.15,580.91
O11855,2025-03-17,C1123,P1072,M107,2,869.15,0.1,527.3
O11856,2025-02-11,C1348,P1027,M102,1,852.0,0.15,447.91
O11856,2025-02-11,C1348,P1093,M102,4,63.84,0.1,39.2
O11857,2025-11-22,C1049,P1015,M103,1,608.66,0.1,399.14
O11857,2025-11-22,C1049,P1010,M103,5,248.14,0.05,187.33
O11858,2024-11-26,C1345,P1055,M103,1,613.47,0.05,399.78
O11858,2024-11-26,C1345,P1001,M103,4,486.0,0.0,257.9
O11859,2024-10-31,C1193,P1053,M103,5,84.51,0.2,49.34
O11859,2024-10-31,C1193,P1035,M103,5,941.81,0.2,595.6
O11860,2024-10-06,C1281,P1092,M104,3,933.29,0.05,576.78
O11860,2024-10-06,C1281,P1017,M104,2,57.55,0.15,43.25
O11861,2024-10-08,C1494,P1100,M101,4,559.29,0.0,402.38
O11862,2024-05-23,C1255,P1087,M107,3,885.08,0.05,652.14
O11862,2024-05-23,C1255,P1024,M107,1,400.3,0.0,276.28
O11862,2024-05-23,C1255,P1074,M107,4,896.46,0.0,704.29
O11862,2024-05-23,C1255,P1105,M107,1,253.9,0.15,186.29
O11863,2024-10-02,C1241,P1056,M100,3,97.96,0.05,67.21
O11863,2024-10-02,C1241,P1056,M100,5,499.16,0.0,299.8
O11863,2024-10-02,C1241,P1022,M100,5,417.53,0.05,275.03
O11864,2024-12-05,C1270,P1006,M102,2,736.6,0.05,371.17
O11864,2024-12-05,C1270,P1118,M102,3,361.68,0.05,270.82
O11864,2024-12-05,C1270,P1082,M102,3,532.54,0.0,403.59
O11865,2024-11-19,C1465,P1036,M101,3,732.21,0.15,563.54
O11865,2024-11-19,C1465,P1001,M101,1,783.11,0.1,602.4
O11865,2024-11-19,C1465,P1010,M101,1,585.47,0.15,314.63
O11866,2025-03-19,C1212,P1038,M106,2,789.73,0.05,408.34
O11866,2025-03-19,C1212,P1072,M106,1,733.73,0.05,448.07
O11866,2025-03-19,C1212,P1114,M106,1,854.57,0.2,495.31
O11867,2025-05-19,C1002,P1102,M102,4,171.66,0.1,134.61
O11867,2025-05-19,C1002,P1016,M102,5,258.16,0.15,146.84
O11867,2025-05-19,C1002,P1080,M102,1,598.98,0.0,426.69
O11868,2024-12-13,C1089,P1095,M100,2,369.31,0.2,277.54
O11869,2025-05-15,C1260,P1056,M102,2,333.98,0.0,237.72
O11870,2025-05-02,C1190,P1028,M100,5,511.98,0.05,293.64
O11870,2025-05-02,C1190,P1084,M100,1,84.09,0.15,56.67
O11870,2025-05-02,C1190,P1073,M100,3,54.88,0.1,39.89
O11871,2025-11-24,C1235,P1092,M105,5,27.89,0.1,20.89
O11871,2025-11-24,C1235,P1114,M105,3,951.18,0.05,484.98
O11872,2025-12-23,C1165,P1002,M102,2,932.94,0.2,743.48
O11872,2025-12-23,C1165,P1092,M102,3,473.4,0.15,371.87
O11873,2024-04-09,C1104,P1020,M105,4,450.45,0.2,292.37
O11873,2024-04-09,C1104,P1072,M105,1,643.21,0.05,408.86
O11873,2024-04-09,C1104,P1114,M105,2,182.32,0.15,138.05
O11874,2025-07-22,C1203,P1038,M107,3,285.94,0.1,155.75
O11874,2025-07-22,C1203,P1085,M107,5,367.73,0.05,278.15
O11874,2025-07-22,C1203,P1030,M107,3,878.39,0.1,530.79
O11875,2024-09-17,C1179,P1053,M101,3,309.37,0.0,207.39
O11875,2024-09-17,C1179,P1071,M101,2,244.91,0.05,195.09
O11876,2024-02-21,C1089,P1117,M105,4,90.26,0.05,50.52
O11876,2024-02-21,C1089,P1088,M105,3,453.61,0.0,361.58
O11876,2024-02-21,C1089,P1033,M105,1,135.85,0.15,103.72
O11876,2024-02-21,C1089,P1113,M105,3,519.3,0.15,365.7
O11877,2025-06-17,C1136,P1089,M100,2,714.12,0.2,381.8
O11878,2024-04-09,C1260,P1060,M104,4,594.02,0.1,312.23
O11879,2025-01-07,C1387,P1061,M102,3,287.94,0.05,184.88
O11880,2025-02-25,C1238,P1046,M104,5,708.59,0.05,557.28
O11881,2025-06-02,C1076,P1063,M100,4,165.2,0.0,117.42
O11882,2024-03-15,C1113,P1100,M103,4,131.99,0.0,66.7
O11883,2025-04-20,C1476,P1119,M105,4,572.14,0.1,398.51
O11883,2025-04-20,C1476,P1041,M105,4,520.44,0.15,319.72
O11884,2024-05-08,C1314,P1002,M100,5,423.17,0.1,304.99
O11885,2024-09-14,C1433,P1071,M107,5,881.19,0.05,477.74
O11885,2024-09-14,C1433,P1057,M107,1,839.81,0.05,492.73
O11885,2024-09-14,C1433,P1052,M107,4,302.01,0.2,180.6
O11885,2024-09-14,C1433,P1044,M107,3,268.52,0.05,206.79
O11886,2025-08-23,C1201,P1049,M101,1,794.88,0.05,597.41
O11886,2025-08-23,C1201,P1004,M101,5,931.53,0.15,703.88
O11886,2025-08-23,C1201,P1036,M101,1,546.02,0.2,299.01
O11887,2025-05-21,C1392,P1057,M102,5,602.98,0.1,438.17
O11887,2025-05-21,C1392,P1004,M102,1,661.51,0.15,465.59
O11888,2025-04-25,C1420,P1079,M104,4,804.38,0.15,501.35
O11888,2025-04-25,C1420,P1094,M104,4,699.81,0.1,424.36
O11888,2025-04-25,C1420,P1072,M104,4,946.2,0.15,678.67
O11888,2025-04-25,C1420,P1018,M104,4,376.05,0.15,299.96
O11889,2025-05-22,C1429,P1003,M107,5,578.96,0.2,346.85
O11889,2025-05-22,C1429,P1034,M107,1,377.44,0.2,202.28
O11889,2025-05-22,C1429,P1062,M107,4,644.33,0.2,482.67
O11890,2024-01-31,C1316,P1053,M103,4,599.36,0.15,439.94
O11890,2024-01-31,C1316,P1060,M103,4,770.59,0.1,445.06
O11890,2024-01-31,C1316,P1018,M103,5,830.46,0.1,568.43
O11891,2024-09-27,C1206,P1112,M107,4,972.19,0.0,655.35
O11891,2024-09-27,C1206,P1018,M107,5,745.39,0.1,499.56
O11891,2024-09-27,C1206,P1044,M107,2,994.54,0.1,567.68
O11891,2024-09-27,C1206,P1117,M107,4,120.74,0.1,69.15
O11892,2024-12-03,C1402,P1018,M104,5,492.54,0.2,389.76
O11893,2025-11-08,C1079,P1097,M104,3,34.79,0.15,23.51
O11893,2025-11-08,C1079,P1087,M104,3,325.38,0.05,257.52
O11893,2025-11-08,C1079,P1001,M104,2,634.83,0.05,499.77
O11893,2025-11-08,C1079,P1054,M104,2,216.21,0.05,118.57
O11894,2025-06-04,C1349,P1118,M100,2,274.57,0.15,212.08
O11894,2025-06-04,C1349,P1012,M100,1,73.75,0.2,45.91
O11894,2025-06-04,C1349,P1011,M100,5,476.88,0.15,331.63
O11894,2025-06-04,C1349,P1051,M100,1,237.57,0.0,155.39
O11895,2025-10-20,C1156,P1110,M101,4,680.0,0.05,395.9
O11895,2025-10-20,C1156,P1080,M101,1,717.12,0.15,396.56
O11895,2025-10-20,C1156,P1073,M101,2,371.92,0.1,236.87
O11896,2024-02-02,C1212,P1016,M104,5,476.93,0.1,271.93
O11896,2024-02-02,C1212,P1028,M104,1,434.96,0.2,288.69
O11897,2025-10-25,C1437,P1024,M100,5,19.49,0.05,15.57
O11898,2025-02-28,C1251,P1011,M101,3,990.49,0.1,635.36
O11898,2025-02-28,C1251,P1020,M101,4,629.99,0.0,474.18
O11898,2025-02-28,C1251,P1089,M101,1,235.44,0.05,161.05
O11899,2024-07-21,C1372,P1079,M105,2,923.6,0.0,574.5
O11899,2024-07-21,C1372,P1092,M105,4,942.31,0.05,553.81
O11899,2024-07-21,C1372,P1032,M105,5,190.84,0.1,98.97
O11899,2024-07-21,C1372,P1075,M105,5,305.51,0.1,190.12
O11900,2025-11-27,C1223,P1066,M100,4,54.37,0.0,34.96
O11901,2024-08-11,C1273,P1076,M100,2,286.56,0.1,193.02
O11902,2025-07-13,C1471,P1033,M107,2,462.04,0.15,299.1
O11902,2025-07-13,C1471,P1009,M107,5,783.63,0.0,419.81
O11903,2025-12-15,C1267,P1015,M105,2,538.17,0.15,394.29
O11903,2025-12-15,C1267,P1016,M105,1,360.68,0.1,208.13
O11903,2025-12-15,C1267,P1015,M105,2,156.93,0.05,121.96
O11903,2025-12-15,C1267,P1083,M105,5,873.39,0.15,670.91
O11904,2025-08-14,C1195,P1113,M102,3,66.44,0.15,47.5
O11904,2025-08-14,C1195,P1093,M102,3,97.3,0.2,75.83
O11904,2025-08-14,C1195,P1037,M102,1,433.89,0.2,232.61
O11905,2025-07-18,C1267,P1073,M104,5,176.92,0.2,120.83
O11905,2025-07-18,C1267,P1070,M104,5,115.3,0.15,81.64
O11906,2025-02-02,C1044,P1109,M107,2,810.65,0.15,628.41
O11906,2025-02-02,C1044,P1015,M107,1,853.41,0.0,595.37
O11906,2025-02-02,C1044,P1058,M107,3,330.99,0.0,182.03
O11906,2025-02-02,C1044,P1017,M107,1,855.16,0.05,637.88
O11907,2024-11-28,C1202,P1119,M105,5,576.42,0.1,293.28
O11907,2024-11-28,C1202,P1107,M105,3,789.09,0.0,576.06
O11907,2024-11-28,C1202,P1027,M105,4,964.81,0.2,512.69
O11907,2024-11-28,C1202,P1070,M105,1,378.08,0.2,200.16
O11908,2025-04-06,C1451,P1057,M100,4,400.3,0.0,296.89
O11908,2025-04-06,C1451,P1011,M100,5,433.85,0.05,342.54
O11909,2025-05-08,C1103,P1116,M100,5,536.15,0.05,372.65
O11910,2024-08-19,C1493,P1119,M107,4,886.06,0.0,528.16
O11910,2024-08-19,C1493,P1060,M107,4,938.8,0.05,558.97
O11910,2024-08-19,C1493,P1082,M107,2,253.25,0.15,159.58
O11910,2024-08-19,C1493,P1101,M107,1,496.86,0.15,367.2
O11911,2024-12-25,C1256,P1109,M106,1,269.23,0.15,169.33
O11911,2024-12-25,C1256,P1088,M106,5,311.97,0.1,216.0
O11911,2024-12-25,C1256,P1075,M106,1,736.49,0.2,468.13
O11912,2024-02-17,C1143,P1100,M103,1,191.17,0.0,105.97
O11913,2025-04-03,C1154,P1087,M103,2,157.21,0.2,87.41
O11913,2025-04-03,C1154,P1089,M103,3,484.56,0.1,242.91
O11913,2025-04-03,C1154,P1066,M103,5,711.52,0.1,439.85
O11914,2024-05-25,C1282,P1090,M103,1,872.21,0.1,620.6
O11914,2024-05-25,C1282,P1017,M103,2,730.55,0.0,417.28
O11914,2024-05-25,C1282,P1040,M103,5,695.11,0.05,471.61
O11914,2024-05-25,C1282,P1084,M103,5,14.31,0.1,10.23
O11915,2025-12-23,C1266,P1061,M101,1,279.5,0.2,169.66
O11915,2025-12-23,C1266,P1085,M101,1,582.73,0.1,464.57
O11915,2025-12-23,C1266,P1102,M101,3,541.35,0.15,311.86
O11916,2025-03-14,C1122,P1060,M105,5,530.53,0.0,312.31
O11916,2025-03-14,C1122,P1110,M105,3,71.43,0.1,37.77
O11916,2025-03-14,C1122,P1050,M105,3,718.08,0.2,569.78
O11916,2025-03-14,C1122,P1091,M105,3,932.36,0.2,682.01
O11917,2025-03-19,C1050,P1096,M102,3,713.77,0.15,499.55
O11917,2025-03-19,C1050,P1068,M102,1,414.04,0.1,307.58
O11917,2025-03-19,C1050,P1033,M102,4,497.44,0.05,278.85
O11917,2025-03-19,C1050,P1117,M102,2,365.29,0.1,189.34
O11918,2024-02-08,C1163,P1094,M107,2,677.24,0.15,366.77
O11918,2024-02-08,C1163,P1015,M107,4,806.49,0.2,541.77
O11919,2025-08-14,C1179,P1116,M106,4,670.72,0.1,420.98
O11919,2025-08-14,C1179,P1030,M106,5,687.56,0.2,360.75
O11919,2025-08-14,C1179,P1042,M106,1,201.18,0.05,160.82
O11919,2025-08-14,C1179,P1069,M106,4,753.68,0.2,527.77
O11920,2025-07-15,C1399,P1104,M100,3,769.51,0.0,576.55
O11920,2025-07-15,C1399,P1076,M100,4,870.15,0.0,451.71
O11920,2025-07-15,C1399,P1020,M100,2,272.64,0.1,167.44
O11921,2024-10-08,C1390,P1107,M107,3,489.3,0.0,292.83
O11922,2024-09-09,C1448,P1115,M105,4,503.76,0.0,389.67
O11922,2024-09-09,C1448,P1064,M105,4,425.63,0.1,257.39
O11922,2024-09-09,C1448,P1022,M105,3,378.7,0.2,299.68
O11923,2025-05-07,C1379,P1030,M100,4,359.28,0.0,237.08
O11923,2025-05-07,C1379,P1016,M100,5,490.9,0.0,291.7
O11924,2025-12-28,C1475,P1101,M107,5,85.68,0.1,61.12
O11924,2025-12-28,C1475,P1072,M107,4,51.31,0.15,38.13
O11924,2025-12-28,C1475,P1087,M107,5,120.72,0.0,75.49
O11925,2025-08-30,C1022,P1055,M102,2,41.28,0.1,21.7
O11925,2025-08-30,C1022,P1010,M102,3,890.52,0.05,568.34
O11925,2025-08-30,C1022,P1108,M102,3,429.67,0.1,308.18
O11926,2024-02-02,C1405,P1043,M107,1,87.73,0.2,63.95
O11926,2024-02-02,C1405,P1030,M107,2,980.12,0.15,642.18
O11927,2025-06-16,C1426,P1115,M102,2,614.81,0.2,440.88
O11927,2025-06-16,C1426,P1091,M102,1,437.61,0.0,276.02
O11927,2025-06-16,C1426,P1100,M102,1,875.53,0.15,685.32
O11928,2025-12-21,C1283,P1094,M100,3,348.14,0.15,261.2
O11929,2025-04-07,C1450,P1043,M101,5,62.44,0.2,41.33
O11929,2025-04-07,C1450,P1060,M101,4,633.26,0.1,319.98
O11929,2025-04-07,C1450,P1006,M101,5,908.76,0.2,572.2
O11929,2025-04-07,C1450,P1042,M101,1,22.99,0.05,16.33
O11930,2025-04-16,C1219,P1065,M100,5,734.42,0.2,516.2
O11930,2025-04-16,C1219,P1092,M100,4,445.26,0.15,351.75
O11930,2025-04-16,C1219,P1021,M100,5,210.74,0.15,149.22
O11931,2025-05-01,C1200,P1112,M106,1,438.45,0.15,339.62
O11931,2025-05-01,C1200,P1085,M106,4,796.48,0.1,477.07
O11931,2025-05-01,C1200,P1066,M106,2,920.23,0.1,470.6
O11932,2025-03-23,C1220,P1034,M103,1,988.47,0.1,527.72
O11932,2025-03-23,C1220,P1027,M103,1,185.67,0.15,101.99
O11932,2025-03-23,C1220,P1089,M103,5,374.32,0.05,212.47
O11932,2025-03-23,C1220,P1032,M103,3,565.04,0.0,355.58
O11933,2025-05-11,C1487,P1059,M102,3,673.98,0.1,363.19
O11934,2025-04-18,C1477,P1004,M102,4,626.35,0.05,436.98
O11934,2025-04-18,C1477,P1004,M102,3,53.87,0.1,40.17
O11935,2024-10-20,C1361,P1038,M106,5,724.25,0.15,441.45
O11935,2024-10-20,C1361,P1031,M106,4,289.83,0.05,203.02
O11935,2024-10-20,C1361,P1099,M106,2,577.58,0.0,317.72
O11935,2024-10-20,C1361,P1015,M106,1,235.81,0.15,142.34
O11936,2024-02-04,C1022,P1103,M103,3,374.39,0.15,230.29
O11937,2024-03-10,C1470,P1080,M106,4,854.1,0.1,551.65
O11937,2024-03-10,C1470,P1064,M106,2,370.79,0.0,272.68
O11937,2024-03-10,C1470,P1002,M106,5,232.13,0.15,167.67
O11937,2024-03-10,C1470,P1095,M106,1,113.66,0.2,67.05
O11938,2024-12-27,C1007,P1088,M106,1,882.2,0.05,524.44
O11938,2024-12-27,C1007,P1076,M106,5,364.82,0.2,193.02
O11938,2024-12-27,C1007,P1060,M106,1,817.46,0.05,432.89
O11938,2024-12-27,C1007,P1080,M106,4,128.69,0.1,70.99
O11939,2025-04-01,C1145,P1118,M106,4,725.63,0.1,463.69
O11939,2025-04-01,C1145,P1006,M106,2,863.81,0.05,511.32
O11940,2024-10-14,C1355,P1039,M100,1,722.21,0.05,449.59
O11941,2024-02-09,C1292,P1097,M106,1,430.85,0.2,276.42
O11941,2024-02-09,C1292,P1028,M106,5,789.95,0.15,620.11
O11942,2024-10-17,C1458,P1102,M106,2,646.31,0.2,356.58
O11942,2024-10-17,C1458,P1008,M106,5,775.15,0.1,546.88
O11942,2024-10-17,C1458,P1010,M106,3,157.55,0.1,90.32
O11942,2024-10-17,C1458,P1017,M106,2,722.28,0.05,390.84
O11943,2024-04-18,C1045,P1051,M101,5,66.27,0.05,50.17
O11943,2024-04-18,C1045,P1084,M101,3,409.97,0.1,324.81
O11943,2024-04-18,C1045,P1057,M101,3,140.28,0.0,93.43
O11944,2024-09-22,C1081,P1075,M106,1,378.18,0.2,291.62
O11944,2024-09-22,C1081,P1021,M106,2,68.66,0.15,34.62
O11944,2024-09-22,C1081,P1044,M106,3,556.02,0.05,309.29
O11945,2024-05-07,C1285,P1047,M101,3,359.09,0.05,224.76
O11945,2024-05-07,C1285,P1106,M101,1,539.27,0.05,387.31
O11946,2025-09-05,C1119,P1115,M100,4,294.51,0.05,223.16
O11946,2025-09-05,C1119,P1086,M100,5,118.17,0.15,92.22
O11946,2025-09-05,C1119,P1024,M100,1,65.11,0.0,47.37
O11947,2025-11-22,C1401,P1047,M100,3,168.66,0.1,119.37
O11947,2025-11-22,C1401,P1051,M100,4,230.22,0.2,132.86
O11947,2025-11-22,C1401,P1046,M100,3,888.63,0.15,467.04
O11947,2025-11-22,C1401,P1063,M100,4,682.08,0.2,416.45
O11948,2024-10-17,C1288,P1084,M103,3,370.19,0.0,228.23
O11948,2024-10-17,C1288,P1019,M103,3,770.41,0.05,474.0
O11948,2024-10-17,C1288,P1027,M103,5,616.86,0.0,450.48
O11949,2024-04-08,C1320,P1031,M106,3,128.29,0.2,93.05
O11949,2024-04-08,C1320,P1025,M106,1,799.35,0.1,504.28
O11949,2024-04-08,C1320,P1090,M106,2,68.68,0.2,43.82
O11950,2025-05-31,C1201,P1000,M107,3,631.48,0.1,495.21
O11951,2024-02-26,C1252,P1069,M107,5,164.19,0.2,105.82
O11951,2024-02-26,C1252,P1037,M107,5,500.5,0.0,266.04
O11951,2024-02-26,C1252,P1094,M107,1,177.25,0.1,105.64
O11952,2025-04-11,C1122,P1067,M103,2,161.96,0.0,115.49
O11952,2025-04-11,C1122,P1057,M103,2,143.95,0.15,80.91
O11953,2024-10-24,C1296,P1112,M107,4,832.65,0.05,599.49
O11953,2024-10-24,C1296,P1013,M107,3,652.34,0.15,427.35
O11953,2024-10-24,C1296,P1064,M107,3,539.02,0.2,271.2
O11954,2024-04-28,C1488,P1102,M106,4,23.03,0.2,14.96
O11955,2024-02-03,C1108,P1061,M106,2,922.31,0.2,523.11
O11955,2024-02-03,C1108,P1025,M106,4,49.93,0.0,29.6
O11955,2024-02-03,C1108,P1056,M106,4,828.71,0.15,556.42
O11955,2024-02-03,C1108,P1087,M106,1,593.55,0.1,397.19
O11956,2024-01-27,C1029,P1010,M107,3,314.17,0.1,189.69
O11956,2024-01-27,C1029,P1015,M107,4,596.52,0.1,468.26
O11956,2024-01-27,C1029,P1079,M107,4,449.67,0.0,347.53
O11956,2024-01-27,C1029,P1021,M107,5,832.7,0.0,559.06
O11957,2024-12-14,C1175,P1071,M100,5,601.42,0.15,340.46
O11957,2024-12-14,C1175,P1000,M100,3,602.52,0.05,318.32
O11958,2024-12-17,C1152,P1104,M105,1,141.76,0.05,104.69
O11959,2024-03-06,C1238,P1031,M107,3,11.23,0.0,7.33
O11960,2025-01-02,C1322,P1021,M102,1,610.68,0.15,459.76
O11961,2025-03-16,C1061,P1116,M102,1,976.65,0.15,756.57
O11961,2025-03-16,C1061,P1088,M102,4,151.72,0.1,98.86
O11961,2025-03-16,C1061,P1006,M102,5,200.31,0.2,102.08
O11962,2025-03-14,C1485,P1045,M107,4,603.83,0.2,335.45
O11962,2025-03-14,C1485,P1010,M107,3,949.62,0.05,617.08
O11962,2025-03-14,C1485,P1025,M107,4,861.34,0.15,590.12
O11963,2024-10-05,C1418,P1049,M104,3,380.26,0.1,295.12
O11964,2025-06-02,C1279,P1109,M103,1,117.56,0.0,63.59
O11964,2025-06-02,C1279,P1081,M103,1,522.29,0.1,355.27
O11965,2024-04-30,C1057,P1076,M100,1,439.01,0.05,239.67
O11965,2024-04-30,C1057,P1023,M100,1,570.53,0.1,389.28
O11965,2024-04-30,C1057,P1088,M100,1,473.5,0.1,378.04
O11965,2024-04-30,C1057,P1032,M100,2,752.09,0.1,382.28
O11966,2025-07-17,C1093,P1065,M105,-5,193.05,0.2,103.86
O11966,2025-07-17,C1093,P1049,M105,4,883.45,0.05,576.45
O11967,2025-06-19,C1407,P1105,M100,2,890.33,0.05,551.83
O11967,2025-06-19,C1407,P1116,M100,4,138.66,0.1,103.33
O11968,2024-09-25,C1161,P1068,M105,5,411.42,0.0,232.21
O11968,2024-09-25,C1161,P1026,M105,1,552.73,0.2,387.7
O11968,2024-09-25,C1161,P1102,M105,4,550.32,0.0,407.32
O11968,2024-09-25,C1161,P1017,M105,2,907.47,0.15,569.8
O11969,2025-03-13,C1118,P1086,M100,2,720.13,0.15,446.88
O11970,2025-10-19,C1101,P1099,M105,1,849.46,0.15,576.23
O11971,2025-05-29,C1452,P1003,M101,1,320.28,0.1,223.34
O11971,2025-05-29,C1452,P1053,M101,5,199.06,0.1,139.69
O11971,2025-05-29,C1452,P1051,M101,1,980.01,0.0,623.98
O11972,2025-05-17,C1250,P1065,M100,3,934.47,0.15,696.63
O11972,2025-05-17,C1250,P1057,M100,3,299.98,0.05,220.18
O11972,2025-05-17,C1250,P1062,M100,1,503.52,0.15,358.61
O11972,2025-05-17,C1250,P1111,M100,4,681.4,0.2,350.96
O11973,2025-07-31,C1446,P1023,M105,3,853.55,0.1,449.55
O11973,2025-07-31,C1446,P1100,M105,3,912.27,0.1,486.56
O11974,2025-08-12,C1429,P1026,M104,2,957.49,0.1,747.13
O11974,2025-08-12,C1429,P1115,M104,5,728.51,0.1,389.78
O11974,2025-08-12,C1429,P1063,M104,5,511.5,0.1,384.06
O11974,2025-08-12,C1429,P1077,M104,4,759.96,0.05,495.58
O11975,2025-04-15,C1283,P1026,M107,1,868.27,0.15,588.75
O11975,2025-04-15,C1283,P1118,M107,4,705.09,0.0,476.78
O11975,2025-04-15,C1283,P1029,M107,5,143.88,0.0,100.27
O11975,2025-04-15,C1283,P1065,M107,3,703.38,0.15,526.64
O11976,2024-05-15,C1338,P1067,M101,3,194.44,0.15,119.44
O11977,2025-09-03,C1456,P1013,M102,4,750.64,0.2,410.81
O11977,2025-09-03,C1456,P1114,M102,4,305.95,0.2,225.82
O11977,2025-09-03,C1456,P1080,M102,3,331.97,0.0,187.48
O11977,2025-09-03,C1456,P1005,M102,2,702.15,0.2,381.47
O11978,2025-11-23,C1310,P1097,M106,2,551.33,0.15,339.73
O11978,2025-11-23,C1310,P1117,M106,5,460.37,0.0,303.48
O11978,2025-11-23,C1310,P1018,M106,3,752.27,0.2,467.28
O11978,2025-11-23,C1310,P1005,M106,5,735.64,0.15,569.31
O11979,2025-03-26,C1387,P1114,M102,2,547.72,0.05,373.78
O11980,2024-08-21,C1395,P1076,M105,5,54.28,0.1,35.06
O11980,2024-08-21,C1395,P1044,M105,1,170.36,0.0,90.83
O11980,2024-08-21,C1395,P1085,M105,2,915.89,0.0,546.78
O11980,2024-08-21,C1395,P1020,M105,2,316.93,0.1,229.54
O11981,2024-03-19,C1297,P1109,M106,5,828.91,0.05,625.98
O11981,2024-03-19,C1297,P1022,M106,1,75.35,0.1,46.3
O11981,2024-03-19,C1297,P1051,M106,4,914.09,0.05,524.61
O11982,2025-01-22,C1387,P1115,M107,3,231.54,0.0,174.53
O11982,2025-01-22,C1387,P1044,M107,5,956.94,0.2,529.3
O11983,2024-08-06,C1291,P1065,,5,627.48,0.15,318.65
O11983,2024-08-06,C1291,P1001,M101,5,602.79,0.1,471.99
O11984,2025-02-13,C1181,P1056,M103,4,45.62,0.0,24.49
O11985,2024-07-20,C1126,P1026,M105,1,615.09,0.0,337.74
O11985,2024-07-20,C1126,P1040,M105,2,966.73,0.2,741.26
O11985,2024-07-20,C1126,P1117,M105,4,664.13,0.0,484.04
O11985,2024-07-20,C1126,P1099,M105,3,966.35,0.1,681.39
O11986,2025-05-10,C1403,P1021,M106,5,741.54,0.0,531.31
O11986,2025-05-10,C1403,P1054,M106,3,290.5,0.2,212.11
O11986,2025-05-10,C1403,P1046,M106,5,727.11,0.2,423.33
O11987,2025-02-07,C1186,P1082,M107,3,709.41,0.15,409.24
O11987,2025-02-07,C1186,P1085,M107,1,346.87,0.15,207.86
O11987,2025-02-07,C1186,P1045,M107,3,745.88,0.0,472.82
O11987,2025-02-07,C1186,P1088,M107,4,704.93,0.05,423.51
O11988,2024-06-06,C1313,P1008,M105,3,349.8,0.0,268.46
O11988,2024-06-06,C1313,P1099,M105,3,826.59,0.05,427.22
O11989,2024-01-27,C1120,P1083,M102,5,813.0,0.0,580.47
O11990,2024-06-06,C1033,P1003,M106,5,157.15,0.05,94.47
O11990,2024-06-06,C1033,P1059,M106,5,926.8,0.2,687.65
O11990,2024-06-06,C1033,P1119,M106,3,835.18,0.2,458.13
O11991,2024-06-13,C1345,P1097,M101,5,226.65,0.0,170.95
O11992,2024-07-10,C1166,P1089,M105,4,626.71,0.05,487.86
O11992,2024-07-10,C1166,P1088,M105,4,890.15,0.1,463.4
O11993,2024-10-12,C1449,P1080,M100,5,394.06,0.05,286.28
O11993,2024-10-12,C1449,P1012,M100,4,666.21,0.15,394.94
O11993,2024-10-12,C1449,P1082,M100,1,900.85,0.1,571.8
O11994,2025-09-20,C1225,P1072,M107,2,176.92,0.0,94.9
O11994,2025-09-20,C1225,P1100,M107,4,557.95,0.1,381.51
O11994,2025-09-20,C1225,P1017,M107,4,774.1,0.15,438.99
O11994,2025-09-20,C1225,P1102,M107,5,590.9,0.2,338.33
O11995,2025-05-15,C1167,P1110,M106,1,322.15,0.1,246.53
O11995,2025-05-15,C1167,P1031,M106,5,193.49,0.2,99.23
O11996,2024-12-29,C1152,P1055,M107,1,845.2,0.2,664.14
O11997,2025-06-18,C1254,P1009,M106,3,319.06,0.2,238.96
O11998,2025-03-13,C1057,P1011,M100,3,781.69,0.15,583.64
O11998,2025-03-13,C1057,P1050,M100,5,200.56,0.0,102.02
O11998,2025-03-13,C1057,P1060,M100,3,887.4,0.1,482.08
O11998,2025-03-13,C1057,P1104,M100,1,242.94,0.05,153.06
O11999,2024-01-15,C1122,P1103,M102,2,884.44,0.0,586.27
O12000,2025-08-13,C1461,P1096,M105,2,475.51,0.05,336.46
O12000,2025-08-13,C1461,P1100,M105,2,198.94,0.15,157.84
O12000,2025-08-13,C1461,P1060,M105,3,832.45,0.05,521.69
O12000,2025-08-13,C1461,P1100,M105,2,632.32,0.1,364.79
O12001,2025-02-28,C1121,P1103,M102,3,817.39,0.05,528.49
O12001,2025-02-28,C1121,P1064,M102,5,259.72,0.15,198.59
O12001,2025-02-28,C1121,P1030,M102,1,429.34,0.2,243.54
O12002,2024-09-14,C1155,P1032,M104,2,149.63,0.0,87.32
O12002,2024-09-14,C1155,P1079,M104,4,899.63,0.2,573.92
O12003,2025-12-17,C1328,P1032,M100,1,830.53,0.05,575.38
O12003,2025-12-17,C1328,P1089,M100,4,319.78,0.1,229.3
O12004,2024-11-14,C1369,P1001,M105,5,546.06,0.0,315.41
O12004,2024-11-14,C1369,P1034,M105,5,403.54,0.05,231.99
O12004,2024-11-14,C1369,P1017,M105,3,954.36,0.2,531.02
O12004,2024-11-14,C1369,P1085,M105,3,650.47,0.05,473.96
O12005,2025-03-22,C1147,P1014,M105,5,633.79,0.2,322.8
O12005,2025-03-22,C1147,P1066,M105,3,678.4,0.05,431.08
O12005,2025-03-22,C1147,P1078,M105,1,795.82,0.2,569.24
O12006,2025-03-16,C1195,P1086,M106,4,321.92,0.15,212.94
O12006,2025-03-16,C1195,P1103,M106,5,583.57,0.05,317.99
O12006,2025-03-16,C1195,P1099,M106,2,243.16,0.1,128.39
O12006,2025-03-16,C1195,P1066,M106,3,556.26,0.05,309.84
O12007,2025-03-19,C1454,P1111,M107,4,494.1,0.2,381.87
O12007,2025-03-19,C1454,P1104,M107,3,615.05,0.05,362.42
O12008,2025-07-04,C1347,P1039,M105,2,228.08,0.2,136.77
O12008,2025-07-04,C1347,P1040,M105,2,774.43,0.05,446.17
O12008,2025-07-04,C1347,P1063,M105,1,275.2,0.05,142.9
O12009,2024-06-23,C1083,P1037,M106,1,518.54,0.0,306.04
O12009,2024-06-23,C1083,P1008,M106,4,673.14,0.05,453.26
O12009,2024-06-23,C1083,P1029,M106,4,496.42,0.05,385.5
O12009,2024-06-23,C1083,P1021,M106,5,120.39,0.05,76.04
O12010,2024-07-12,C1428,P1050,M107,4,817.77,0.2,514.57
O12010,2024-07-12,C1428,P1072,M107,1,999.87,0.2,662.84
O12010,2024-07-12,C1428,P1024,M107,3,360.94,0.2,227.68
O12010,2024-07-12,C1428,P1104,M107,3,314.78,0.05,163.81
O12011,2025-08-05,C1251,P1115,M101,3,745.28,0.2,451.73
O12011,2025-08-05,C1251,P1029,M101,2,757.83,0.05,385.43
O12011,2025-08-05,C1251,P1091,M101,1,559.84,0.2,363.82
O12011,2025-08-05,C1251,P1032,M101,4,303.48,0.0,221.02
O12012,2025-09-20,C1319,P1067,M101,2,848.3,0.1,538.03
O12012,2025-09-20,C1319,P1042,M101,1,461.82,0.0,361.44
O12013,2025-10-23,C1105,P1032,M104,4,925.0,0.0,478.27
O12013,2025-10-23,C1105,P1081,M104,4,647.94,0.05,512.69
O12013,2025-10-23,C1105,P1119,M104,5,589.14,0.15,340.35
O12013,2025-10-23,C1105,P1047,M104,4,143.12,0.05,88.26
O12014,2024-12-24,C1230,P1065,M103,5,640.26,0.1,454.9
O12014,2024-12-24,C1230,P1103,M103,5,199.43,0.2,101.03
O12015,2025-05-19,C1153,P1019,M103,3,919.57,0.15,592.63
O12015,2025-05-19,C1153,P1094,M103,3,763.83,0.15,538.92
O12016,2025-01-29,C1026,P1076,M103,3,278.13,0.1,180.78
O12016,2025-01-29,C1026,P1073,M103,2,288.14,0.1,215.16
O12016,2025-01-29,C1026,P1115,M103,2,380.36,0.15,236.85
O12017,2024-12-17,C1045,P1041,M103,5,861.75,0.05,680.47
O12018,2024-11-02,C1237,P1048,M103,1,94.18,0.2,61.98
O12019,2025-03-01,C1242,P1113,M101,5,697.21,0.2,516.53
O12019,2025-03-01,C1242,P1023,M101,5,392.82,0.1,242.46
O12019,2025-03-01,C1242,P1073,M101,1,212.61,0.1,111.71
O12020,2025-12-12,C1109,P1010,M103,3,762.45,0.15,578.98
O12020,2025-12-12,C1109,P1101,M103,4,685.46,0.1,498.06
O12020,2025-12-12,C1109,P1108,M103,1,384.25,0.2,305.75
O12020,2025-12-12,C1109,P1034,M103,2,611.79,0.2,382.89
O12021,2024-03-17,C1251,P1052,M105,2,171.92,0.2,133.22
O12021,2024-03-17,C1251,P1011,M105,4,202.04,0.15,101.93
O12021,2024-03-17,C1251,P1085,M105,4,622.16,0.1,360.2
O12022,2025-04-15,C1378,P1001,M101,2,945.49,0.1,685.32
O12023,2025-03-23,C1160,P1003,M102,5,406.65,0.15,293.81
O12023,2025-03-23,C1160,P1047,M102,5,926.1,0.2,726.51
O12023,2025-03-23,C1160,P1002,M102,5,337.02,0.1,194.42
O12024,2025-08-12,C1038,P1002,M102,4,510.01,0.2,405.18
O12025,2025-11-10,C1397,P1000,M105,4,414.08,0.2,246.49
O12025,2025-11-10,C1397,P1103,M105,5,14.33,0.1,10.2
O12025,2025-11-10,C1397,P1098,M105,2,48.97,0.0,34.38
O12026,2024-11-28,C1039,P1101,M105,1,260.83,0.1,135.14
O12026,2024-11-28,C1039,P1095,M105,5,453.46,0.15,252.34
O12026,2024-11-28,C1039,P1007,M105,3,520.31,0.15,324.24
O12027,2025-09-04,C1118,P1069,M105,3,370.53,0.05,261.14
O12027,2025-09-04,C1118,P1034,M105,3,910.17,0.1,631.06
O12027,2025-09-04,C1118,P1069,M105,2,116.79,0.2,83.66
O12028,2025-01-13,C1405,P1092,M104,3,173.49,0.1,97.96
O12028,2025-01-13,C1405,P1056,M104,2,400.83,0.2,276.83
O12029,2024-11-20,C1352,P1065,M107,5,708.03,0.15,404.04
O12029,2024-11-20,C1352,P1000,M107,1,46.36,0.1,35.66
O12029,2024-11-20,C1352,P1080,M107,1,230.16,0.2,134.81
O12030,2024-12-04,C1082,P1083,M101,4,664.73,0.15,522.63
O12030,2024-12-04,C1082,P1091,M101,4,659.45,0.15,482.28
O12030,2024-12-04,C1082,P1045,M101,4,601.09,0.15,391.29
O12031,2024-12-20,C1275,P1081,M104,4,971.86,0.2,494.36
O12032,2025-10-26,C1295,P1037,M103,4,185.92,0.15,120.89
O12032,2025-10-26,C1295,P1008,M103,5,414.57,0.1,254.56
O12033,2024-04-16,C1433,P1069,M100,2,324.22,0.05,188.95
O12033,2024-04-16,C1433,P1086,M100,5,561.04,0.15,306.24
O12033,2024-04-16,C1433,P1006,M100,2,681.51,0.05,510.2
O12034,2024-05-17,C1218,P1059,M103,5,897.97,0.15,568.94
O12034,2024-05-17,C1218,P1044,M103,3,469.47,0.1,268.58
O12034,2024-05-17,C1218,P1109,M103,5,418.36,0.15,247.46
O12035,2025-09-19,C1205,P1117,M102,3,527.29,0.2,271.71
O12036,2025-06-28,C1111,P1115,M107,1,389.53,0.05,304.84
O12036,2025-06-28,C1111,P1096,M107,3,685.89,0.15,368.86
O12036,2025-06-28,C1111,P1065,M107,1,498.05,0.2,274.87
O12037,2025-11-20,C1412,P1063,M104,5,527.56,0.05,281.23
O12037,2025-11-20,C1412,P1099,M104,1,675.76,0.05,391.84
O12037,2025-11-20,C1412,P1060,M104,3,205.62,0.1,109.11
O12037,2025-11-20,C1412,P1085,M104,1,460.81,0.0,260.82
O12038,2024-10-21,C1202,P1088,M107,3,804.1,0.1,462.04
O12038,2024-10-21,C1202,P1110,M107,4,389.68,0.0,305.87
O12039,2024-05-01,C1114,P1061,M100,1,739.9,0.05,525.12
O12039,2024-05-01,C1114,P1014,M100,4,731.88,0.1,447.45
O12039,2024-05-01,C1114,P1015,M100,3,691.75,0.2,494.23
O12040,2024-09-13,C1228,P1099,M103,3,896.18,0.0,690.95
O12040,2024-09-13,C1228,P1090,M103,2,612.32,0.1,455.39
O12041,2024-08-10,C1487,P1082,M102,5,198.25,0.1,141.52
O12041,2024-08-10,C1487,P1037,M102,3,734.4,0.2,509.58
O12041,2024-08-10,C1487,P1090,M102,5,979.58,0.1,585.59
O12042,2024-08-18,C1239,P1049,M100,2,178.51,0.15,107.3
O12042,2024-08-18,C1239,P1054,M100,4,856.46,0.15,624.07
O12042,2024-08-18,C1239,P1005,M100,5,531.25,0.1,332.88
O12043,2025-07-02,C1188,P1119,M100,3,45.06,0.2,28.61
O12043,2025-07-02,C1188,P1097,M100,2,512.25,0.15,307.78
O12043,2025-07-02,C1188,P1008,M100,1,167.19,0.1,85.59
O12043,2025-07-02,C1188,P1075,M100,5,755.56,0.0,444.84
O12044,2025-09-28,C1359,P1060,M107,5,418.93,0.0,271.63
O12045,2025-12-04,C1365,P1014,M100,2,602.14,0.05,430.01
O12046,2025-08-04,C1208,P1095,M106,4,338.66,0.2,243.14
O12047,2024-05-23,C1227,P1096,M104,4,147.56,0.1,108.89
O12047,2024-05-23,C1227,P1003,M104,1,27.46,0.05,13.94
O12048,2025-02-19,C1162,P1039,M107,1,951.53,0.15,720.58
O12048,2025-02-19,C1162,P1006,M107,4,728.47,0.2,498.13
O12049,2024-06-09,C1252,P1004,M105,1,721.78,0.0,391.22
O12050,2024-08-25,C1106,P1042,M102,5,155.41,0.0,92.25
O12051,2024-02-23,C1350,P1102,M102,1,159.37,0.0,98.96
O12051,2024-02-23,C1350,P1039,M102,-1,686.5,0.15,352.3
O12051,2024-02-23,C1350,P1085,M102,1,41.92,0.05,22.21
O12051,2024-02-23,C1350,P1061,M102,5,770.06,0.1,609.84
O12052,2024-02-29,C1215,P1026,M103,3,242.03,0.2,153.22
O12053,2024-01-03,C1316,P1028,M107,1,54.66,0.15,34.16
O12054,2024-03-31,C1271,P1117,M100,3,603.21,0.15,363.79
O12054,2024-03-31,C1271,P1108,M100,4,808.48,0.1,595.98
O12055,2024-03-26,C1048,P1094,M103,5,980.17,0.05,539.8
O12055,2024-03-26,C1048,P1104,M103,3,951.89,0.2,499.72
O12055,2024-03-26,C1048,P1110,M103,1,584.76,0.05,338.3
O12055,2024-03-26,C1048,P1093,M103,5,405.91,0.0,324.38
O12056,2024-09-16,C1490,P1106,M102,1,367.39,0.15,201.39
O12056,2024-09-16,C1490,P1117,M102,3,171.5,0.2,108.31
O12056,2024-09-16,C1490,P1088,M102,1,227.78,0.1,167.42
O12057,2025-08-29,C1369,P1086,M104,3,973.21,0.05,727.63
O12057,2025-08-29,C1369,P1042,M104,2,980.66,0.05,740.5
O12057,2025-08-29,C1369,P1043,M104,2,137.27,0.1,69.72
O12057,2025-08-29,C1369,P1023,M104,2,641.63,0.2,323.46
O12058,2025-06-19,C1031,P1036,M104,1,84.85,0.2,44.04
O12059,2025-09-29,C1205,P1031,M100,1,860.93,0.15,663.46
O12059,2025-09-29,C1205,P1036,M100,1,971.32,0.2,596.36
O12059,2025-09-29,C1205,P1079,M100,2,580.55,0.0,394.88
O12059,2025-09-29,C1205,P1110,M100,3,648.08,0.2,450.45
O12060,2024-11-10,C1092,P1115,M100,2,538.88,0.1,378.96
O12060,2024-11-10,C1092,P1002,M100,5,40.24,0.15,30.2
O12060,2024-11-10,C1092,P1117,M100,1,404.38,0.0,230.08
O12061,2025-07-06,C1464,P1016,M103,1,897.91,0.2,472.7
O12061,2025-07-06,C1464,P1105,M103,5,878.12,0.15,528.54
O12062,2024-08-26,C1256,P1105,M105,4,279.03,0.0,205.52
O12063,2024-04-25,C1356,P1062,M107,5,229.02,0.1,165.53
O12063,2024-04-25,C1356,P1058,M107,4,469.31,0.1,334.29
O12064,2024-08-26,C1277,P1090,M105,4,391.0,0.0,263.66
O12064,2024-08-26,C1277,P1038,M105,1,158.86,0.15,115.13
O12065,2024-04-19,C1150,P1053,M107,4,950.6,0.05,620.07
O12065,2024-04-19,C1150,P1094,M107,2,326.65,0.15,251.04
O12065,2024-04-19,C1150,P1076,M107,1,892.66,0.05,665.67
O12066,2025-07-20,C1476,P1108,M105,1,599.6,0.15,438.14
O12066,2025-07-20,C1476,P1082,M105,2,407.15,0.2,264.65
O12066,2025-07-20,C1476,P1023,M105,5,250.4,0.0,183.61
O12067,2025-01-25,C1454,P1107,M105,1,877.45,0.1,572.33
O12067,2025-01-25,C1454,P1082,M105,4,572.68,0.2,289.44
O12068,2025-01-02,C1016,P1055,M103,5,156.0,0.15,97.77
O12068,2025-01-02,C1016,P1035,M103,3,912.32,0.0,506.73
O12068,2025-01-02,C1016,P1069,M103,1,925.4,0.05,499.02
O12069,2024-09-13,C1183,P1116,M103,4,133.6,0.05,98.25
O12069,2024-09-13,C1183,P1083,M103,1,448.82,0.05,287.16
O12070,2025-04-20,C1160,P1015,M104,3,938.95,0.2,736.84
O12070,2025-04-20,C1160,P1009,M104,3,266.01,0.0,168.39
O12070,2025-04-20,C1160,P1077,M104,5,713.0,0.2,431.23
O12070,2025-04-20,C1160,P1104,M104,4,585.3,0.05,331.39
O12071,2025-01-13,C1470,P1010,M105,4,436.43,0.15,286.53
O12071,2025-01-13,C1470,P1023,M105,3,498.14,0.05,306.46
O12072,2024-08-02,C1430,P1094,M104,2,445.63,0.05,298.31
O12072,2024-08-02,C1430,P1040,M104,4,577.94,0.0,293.2
O12072,2024-08-02,C1430,P1033,M104,4,69.14,0.05,41.55
O12073,2025-07-19,C1378,P1104,M102,2,685.26,0.15,517.98
O12074,2025-09-21,C1009,P1082,M102,1,886.2,0.2,517.97
O12074,2025-09-21,C1009,P1053,M102,5,411.3,0.0,326.02
O12074,2025-09-21,C1009,P1075,M102,3,41.97,0.0,27.83
O12074,2025-09-21,C1009,P1098,M102,1,160.74,0.0,94.47
O12075,2025-05-24,C1253,P1074,M105,3,305.64,0.0,164.16
O12076,2024-05-19,C1426,P1017,M100,2,998.04,0.15,568.58
O12076,2024-05-19,C1426,P1119,M100,2,163.96,0.2,90.77
O12077,2024-12-25,C1261,P1055,M104,4,659.45,0.05,523.9
O12077,2024-12-25,C1261,P1042,M104,1,321.64,0.2,180.95
O12077,2024-12-25,C1261,P1068,M104,5,891.85,0.05,558.0
O12078,2024-12-13,C1370,P1036,M102,3,999.25,0.1,630.01
O12079,2025-10-28,C1308,P1020,M104,2,338.43,0.05,257.7
O12079,2025-10-28,C1308,P1110,M104,2,806.25,0.05,577.1
O12080,2024-12-17,C1092,P1067,M104,1,999.31,0.05,703.86
O12080,2024-12-17,C1092,P1038,M104,4,618.3,0.0,350.0
O12080,2024-12-17,C1092,P1061,M104,5,415.48,0.0,293.16
O12080,2024-12-17,C1092,P1083,M104,4,695.15,0.2,358.82
O12081,2024-10-28,C1284,P1071,M105,4,610.99,0.1,475.07
O12081,2024-10-28,C1284,P1112,M105,3,792.59,0.15,478.1
O12082,2024-01-25,C1232,P1015,M106,5,648.4,0.1,342.97
O12082,2024-01-25,C1232,P1064,M106,1,753.72,0.1,473.46
O12082,2024-01-25,C1232,P1003,M106,2,926.87,0.1,463.53
O12082,2024-01-25,C1232,P1116,M106,3,998.84,0.2,515.4
O12083,2024-04-08,C1190,P1006,M104,2,239.48,0.05,171.1
O12084,2025-10-24,C1108,P1062,M105,3,20.63,0.2,15.61
O12085,2025-03-31,C1405,P1049,M100,5,446.25,0.1,322.88
O12085,2025-03-31,C1405,P1024,M100,2,357.85,0.05,274.56
O12085,2025-03-31,C1405,P1037,M100,5,484.63,0.1,372.0
O12086,2024-11-22,C1161,P1077,M102,4,493.1,0.05,390.01
O12086,2024-11-22,C1161,P1085,M102,5,487.07,0.2,348.71
O12087,2024-05-18,C1495,P1047,M101,2,460.28,0.15,322.08
O12087,2024-05-18,C1495,P1003,M101,3,566.71,0.05,301.03
O12088,2025-05-02,C1050,P1003,M104,1,233.6,0.2,123.02
O12089,2024-07-16,C1469,P1077,M101,1,888.78,0.1,495.53
O12089,2024-07-16,C1469,P1084,M101,4,325.88,0.2,236.46
O12089,2024-07-16,C1469,P1074,M101,3,172.58,0.1,102.85
O12089,2024-07-16,C1469,P1067,M101,5,836.74,0.0,526.56
O12090,2025-12-10,C1059,P1069,M103,2,214.24,0.1,120.26
O12090,2025-12-10,C1059,P1021,M103,4,550.55,0.2,334.5
O12091,2025-05-09,C1348,P1050,M102,5,982.42,0.15,694.4
O12091,2025-05-09,C1348,P1012,M102,3,112.31,0.1,58.8
O12091,2025-05-09,C1348,P1083,M102,2,947.34,0.0,610.42
O12092,2024-09-08,C1297,P1018,M101,2,295.94,0.05,167.79
O12092,2024-09-08,C1297,P1020,M101,4,777.66,0.1,508.4
O12093,2024-06-15,C1438,P1044,M104,4,296.86,0.2,208.47
O12093,2024-06-15,C1438,P1096,M104,5,655.98,0.0,524.4
O12094,2025-04-06,C1007,P1118,M106,3,512.65,0.2,311.71
O12095,2025-11-30,C1050,P1100,M106,5,200.86,0.05,124.87
O12095,2025-11-30,C1050,P1031,M106,2,312.18,0.2,238.23
O12096,2024-01-10,C1372,P1041,M103,3,576.89,0.1,307.86
O12097,2024-02-23,C1469,P1017,M100,2,808.8,0.05,439.87
O12097,2024-02-23,C1469,P1109,M100,3,990.8,0.2,654.39
O12097,2024-02-23,C1469,P1039,M100,3,864.4,0.2,528.71
O12098,2024-01-24,C1157,P1095,M107,4,370.23,0.2,185.49
O12098,2024-01-24,C1157,P1035,M107,5,494.57,0.0,334.84
O12098,2024-01-24,C1157,P1004,M107,1,133.63,0.05,101.61
O12098,2024-01-24,C1157,P1027,M107,2,657.65,0.2,446.74
O12099,2025-08-13,C1383,P1087,M105,1,13.26,0.05,6.7
O12099,2025-08-13,C1383,P1102,M105,1,125.74,0.0,94.39
O12099,2025-08-13,C1383,P1088,M105,1,489.28,0.05,248.98
O12100,2025-08-06,C1488,P1043,M103,4,416.1,0.1,330.59
O12100,2025-08-06,C1488,P1035,M103,4,178.24,0.2,111.0
O12101,2025-09-26,C1161,P1110,M103,1,650.0,0.2,453.85
O12101,2025-09-26,C1161,P1056,M103,2,688.02,0.1,407.24
O12101,2025-09-26,C1161,P1117,M103,4,544.58,0.15,342.02
O12101,2025-09-26,C1161,P1097,M103,4,604.0,0.2,361.56
O12102,2025-04-16,C1125,P1011,M101,3,394.36,0.15,197.58
O12102,2025-04-16,C1125,P1013,M101,4,752.17,0.15,381.57
O12102,2025-04-16,C1125,P1012,M101,2,215.6,0.05,152.18
O12103,2024-05-06,C1473,P1003,M106,4,498.64,0.1,378.58
O12103,2024-05-06,C1473,P1093,M106,5,703.39,0.0,388.1
O12104,2025-11-04,C1409,P1040,M103,4,799.43,0.0,441.56
O12105,2024-05-31,C1223,P1004,M103,1,442.65,0.2,260.52
O12105,2024-05-31,C1223,P1084,M103,5,533.23,0.15,361.68
O12105,2024-05-31,C1223,P1094,M103,1,383.85,0.2,237.82
O12105,2024-05-31,C1223,P1022,M103,4,458.82,0.15,244.93
O12106,2025-03-14,C1463,P1012,M103,2,712.05,0.0,373.26
O12106,2025-03-14,C1463,P1081,M103,5,963.91,0.0,577.02
O12107,2024-04-15,C1051,P1034,M106,5,983.66,0.0,554.4
O12108,2025-09-17,C1417,P1021,M102,4,374.9,0.2,235.38
O12109,2025-01-08,C1169,P1019,M104,2,975.36,0.2,574.23
O12110,2024-01-13,C1330,P1074,M101,2,333.46,0.05,242.96
O12111,2024-10-09,C1364,P1057,M107,2,34.19,0.2,18.81
O12111,2024-10-09,C1364,P1001,M107,2,249.22,0.05,163.38
O12111,2024-10-09,C1364,P1042,M107,5,905.96,0.1,478.25
O12112,2024-12-21,C1334,P1054,M101,3,557.18,0.15,371.74
O12112,2024-12-21,C1334,P1115,M101,4,899.6,0.1,614.81
O12112,2024-12-21,C1334,P1080,M101,4,175.86,0.15,114.16
O12113,2025-02-02,C1202,P1082,M105,2,610.79,0.1,442.03
O12113,2025-02-02,C1202,P1007,M105,5,210.94,0.1,117.38
O12114,2024-01-07,C1299,P1095,M101,5,947.04,0.0,685.75
O12114,2024-01-07,C1299,P1047,M101,1,601.15,0.0,400.89
O12114,2024-01-07,C1299,P1073,M101,2,630.63,0.0,320.95
O12114,2024-01-07,C1299,P1062,M101,5,83.56,0.2,64.27
O12115,2024-02-01,C1126,P1112,M100,5,545.66,0.1,293.44
O12115,2024-02-01,C1126,P1013,M100,2,365.24,0.2,237.23
O12116,2024-06-30,C1151,P1095,M103,4,895.31,0.2,573.2
O12116,2024-06-30,C1151,P1064,M103,4,663.82,0.05,396.59
O12117,2024-12-05,C1379,P1058,M104,4,681.74,0.1,396.32
O12117,2024-12-05,C1379,P1037,M104,4,803.07,0.1,478.32
O12117,2024-12-05,C1379,P1058,M104,3,58.23,0.1,36.09
O12117,2024-12-05,C1379,P1025,M104,3,356.31,0.2,260.96
O12118,2024-01-28,C1069,P1054,M106,4,233.08,0.2,157.74
O12118,2024-01-28,C1069,P1081,M106,1,80.28,0.1,48.74
O12118,2024-01-28,C1069,P1032,M106,5,398.43,0.2,206.94
O12118,2024-01-28,C1069,P1096,M106,3,280.59,0.0,168.02
O12119,2024-11-12,C1268,P1069,M100,5,844.1,0.15,603.4
O12119,2024-11-12,C1268,P1043,M100,4,604.22,0.15,340.01
O12120,2025-12-18,C1207,P1026,M105,5,912.86,0.1,655.41
O12120,2025-12-18,C1207,P1027,M105,2,123.8,0.1,86.19
O12120,2025-12-18,C1207,P1022,M105,2,707.93,0.2,429.5
O12120,2025-12-18,C1207,P1068,M105,3,268.02,0.05,191.15
O12121,2025-10-14,C1238,P1033,M101,2,950.46,0.0,504.64
O12121,2025-10-14,C1238,P1075,M101,2,733.54,0.0,570.3
O12121,2025-10-14,C1238,P1081,M101,3,534.43,0.0,317.28
O12122,2024-07-26,C1310,P1002,M104,2,580.0,0.1,316.99
O12122,2024-07-26,C1310,P1050,M104,3,693.33,0.2,519.18
O12123,2025-03-25,C1396,P1039,M105,4,747.23,0.15,401.52
O12124,2024-05-01,C1483,P1024,M107,5,278.92,0.1,157.63
O12124,2024-05-01,C1483,P1048,M107,3,153.4,0.0,113.69
O12124,2024-05-01,C1483,P1081,M107,2,401.58,0.2,223.95
O12124,2024-05-01,C1483,P1030,M107,3,982.0,0.2,700.1
O12125,2025-10-29,C1095,P1013,M106,3,95.12,0.0,50.2
O12125,2025-10-29,C1095,P1054,M106,4,226.07,0.1,124.84
O12126,2025-12-25,C1255,P1042,M102,4,345.58,0.0,212.92
O12127,2024-07-26,C1079,P1015,M104,3,736.11,0.1,457.48
O12127,2024-07-26,C1079,P1110,M104,4,886.56,0.2,695.99
O12127,2024-07-26,C1079,P1071,M104,3,182.33,0.0,97.72
O12127,2024-07-26,C1079,P1034,M104,3,799.45,0.1,615.74
O12128,2024-09-08,C1462,P1043,M104,2,813.98,0.05,546.82
O12128,2024-09-08,C1462,P1003,M104,3,579.63,0.1,348.18
O12128,2024-09-08,C1462,P1027,M104,3,119.03,0.0,69.5
O12129,2024-04-26,C1403,P1078,M101,4,239.1,0.2,152.8
O12129,2024-04-26,C1403,P1000,M101,3,705.35,0.0,480.86
O12130,2024-12-05,C1337,P1117,M102,1,800.96,0.0,586.19
O12131,2024-07-04,C1414,P1100,M105,5,420.16,0.2,232.93
O12132,2025-09-05,C1250,P1015,M101,2,89.85,0.15,49.34
O12132,2025-09-05,C1250,P1116,M101,3,556.67,0.2,300.48
O12133,2025-12-26,C1434,P1052,M101,4,698.8,0.1,413.7
O12134,2025-02-15,C1425,P1002,M101,3,554.49,0.2,404.22
O12134,2025-02-15,C1425,P1017,M101,3,928.95,0.05,532.34
O12134,2025-02-15,C1425,P1009,M101,4,275.93,0.0,211.64
O12135,2024-07-22,C1193,P1083,M103,4,752.48,0.15,547.35
O12135,2024-07-22,C1193,P1044,M103,5,896.61,0.15,703.37
O12136,2024-09-04,C1129,P1118,M106,5,949.31,0.0,704.64
O12136,2024-09-04,C1129,P1073,M106,1,98.62,0.0,75.97
O12136,2024-09-04,C1129,P1054,M106,1,56.35,0.1,37.03
O12137,2024-10-20,C1242,P1030,M100,4,732.7,0.15,550.55
O12137,2024-10-20,C1242,P1018,M100,3,487.27,0.1,356.51
O12137,2024-10-20,C1242,P1083,M100,3,634.75,0.2,360.61
O12138,2024-01-06,C1317,P1074,M105,2,42.53,0.1,25.35
O12138,2024-01-06,C1317,P1001,M105,1,896.97,0.1,710.09
O12139,2025-01-11,C1050,P1104,M105,2,36.46,0.0,21.81
O12139,2025-01-11,C1050,P1011,M105,2,333.23,0.05,200.65
O12139,2025-01-11,C1050,P1035,M105,4,36.55,0.05,20.67
O12139,2025-01-11,C1050,P1077,M105,3,668.99,0.05,447.84
O12140,2024-07-18,C1384,P1092,M101,1,82.64,0.05,58.97
O12141,2024-11-10,C1161,P1013,M106,3,610.33,0.15,342.12
O12141,2024-11-10,C1161,P1059,M106,5,999.49,0.0,754.42
O12141,2024-11-10,C1161,P1090,M106,1,320.56,0.0,209.91
O12142,2025-06-29,C1376,P1049,M103,4,654.98,0.15,482.45
O12143,2024-07-08,C1443,P1099,M106,3,431.19,0.15,300.58
O12143,2024-07-08,C1443,P1046,M106,2,236.91,0.0,187.62
O12144,2024-01-07,C1369,P1096,M106,5,712.71,0.05,424.34
O12144,2024-01-07,C1369,P1045,M106,4,920.7,0.2,657.35
O12145,2025-11-27,C1041,P1022,M103,5,421.57,0.2,281.78
O12146,2025-04-05,C1265,P1084,M102,3,161.47,0.1,95.06
O12146,2025-04-05,C1265,P1042,M102,3,498.39,0.15,366.76
O12146,2025-04-05,C1265,P1057,M102,3,293.1,0.0,231.43
O12146,2025-04-05,C1265,P1099,M102,2,216.8,0.2,141.11
O12147,2025-12-24,C1109,P1103,M106,4,944.63,0.05,678.56
O12147,2025-12-24,C1109,P1051,M106,4,618.5,0.1,387.47
O12147,2025-12-24,C1109,P1068,M106,1,946.94,0.0,528.27
O12148,2025-04-30,C1201,P1097,M102,2,784.31,0.05,508.71
O12148,2025-04-30,C1201,P1117,M102,1,630.1,0.05,482.24
O12149,2025-02-22,C1303,P1022,M103,1,830.27,0.0,620.53
O12149,2025-02-22,C1303,P1102,M103,3,307.18,0.1,221.0
O12150,2024-10-17,C1091,P1087,M104,4,592.06,0.1,433.96
O12150,2024-10-17,C1091,P1049,M104,3,504.0,0.0,396.13
O12151,2025-07-21,C1021,P1087,M106,4,142.05,0.2,96.88
O12151,2025-07-21,C1021,P1080,M106,5,563.81,0.1,386.09
O12151,2025-07-21,C1021,P1066,M106,4,951.62,0.1,490.04
O12151,2025-07-21,C1021,P1031,M106,2,340.18,0.0,262.5
O12152,2024-06-17,C1063,P1000,M101,4,186.24,0.2,138.08
O12152,2024-06-17,C1063,P1038,M101,1,851.22,0.05,601.31
O12153,2025-01-17,C1224,P1023,M100,4,91.83,0.05,71.39
O12154,2025-03-04,C1379,P1032,M102,2,498.78,0.05,345.1
O12154,2025-03-04,C1379,P1112,M102,3,240.97,0.1,139.27
O12155,2025-11-05,C1249,P1118,M100,3,980.0,0.2,694.45
O12156,2025-12-18,C1258,P1031,M106,2,912.57,0.1,632.47
O12156,2025-12-18,C1258,P1045,M106,5,373.14,0.15,248.66
O12157,2024-03-17,C1190,P1117,M101,5,809.06,0.1,455.1
O12157,2024-03-17,C1190,P1064,M101,2,988.88,0.2,507.91
O12158,2024-08-05,C1026,P1043,M100,2,390.53,0.1,199.52
O12158,2024-08-05,C1026,P1116,M100,3,549.07,0.15,342.98
O12159,2024-09-01,C1315,P1020,M103,4,972.61,0.05,737.0
O12159,2024-09-01,C1315,P1069,M103,3,201.79,0.2,143.79
O12160,2025-08-31,C1273,P1074,M103,5,738.62,0.0,375.05
O12160,2025-08-31,C1273,P1047,M103,5,378.16,0.1,286.24
O12160,2025-08-31,C1273,P1111,M103,2,249.53,0.1,196.11
O12160,2025-08-31,C1273,P1101,M103,3,533.39,0.1,344.71
O12161,2025-10-07,C1296,P1027,M107,3,639.78,0.1,463.68
O12161,2025-10-07,C1296,P1011,M107,3,879.59,0.1,490.5
O12161,2025-10-07,C1296,P1095,M107,3,99.04,0.05,56.67
O12162,2025-02-14,C1451,P1018,M106,2,834.81,0.1,606.39
O12162,2025-02-14,C1451,P1075,M106,2,618.86,0.2,353.96
O12163,2024-01-28,C1233,P1055,M101,5,918.47,0.15,576.05
O12164,2024-03-09,C1350,P1011,M101,4,193.76,0.1,107.35
O12164,2024-03-09,C1350,P1038,M101,4,740.66,0.0,554.13
O12165,2024-02-26,C1052,P1067,M107,3,314.3,0.1,239.98
O12166,2024-12-31,C1080,P1000,M101,5,928.13,0.15,543.47
O12166,2024-12-31,C1080,P1095,M101,2,187.85,0.05,128.05
O12166,2024-12-31,C1080,P1057,M101,5,299.3,0.2,170.62
O12167,2025-03-08,C1059,P1040,M107,5,393.09,0.0,232.5
O12167,2025-03-08,C1059,P1070,M107,4,339.98,0.15,234.48
O12168,2024-09-12,C1355,P1109,M105,5,79.58,0.1,51.98
O12168,2024-09-12,C1355,P1094,M105,5,512.74,0.05,389.54
O12168,2024-09-12,C1355,P1113,M105,1,921.04,0.05,622.7
O12169,2024-07-04,C1247,P1057,M101,1,536.97,0.2,321.34
O12169,2024-07-04,C1247,P1006,M101,4,768.57,0.2,614.24
O12169,2024-07-04,C1247,P1040,M101,2,150.57,0.2,80.22
O12170,2025-01-17,C1431,P1114,M100,5,844.83,0.2,651.77
O12170,2025-01-17,C1431,P1093,M100,1,808.33,0.0,457.31
O12171,2025-06-26,C1337,P1029,M100,4,894.82,0.0,474.01
O12171,2025-06-26,C1337,P1027,M100,4,836.25,0.15,589.05
O12171,2025-06-26,C1337,P1045,M100,3,523.21,0.15,296.78
O12172,2024-05-01,C1162,P1031,M105,1,165.11,0.1,109.27
O12172,2024-05-01,C1162,P1083,M105,4,278.03,0.1,209.39
O12172,2024-05-01,C1162,P1023,M105,5,988.35,0.15,506.07
O12173,2025-05-04,C1035,P1036,M103,3,720.1,0.05,456.65
O12174,2024-07-30,C1095,P1013,M106,1,834.86,0.05,500.33
O12174,2024-07-30,C1095,P1071,M106,4,949.64,0.1,576.46
O12174,2024-07-30,C1095,P1065,M106,1,702.28,0.0,558.64
O12174,2024-07-30,C1095,P1042,M106,1,505.77,0.05,389.24
O12175,2024-11-14,C1477,P1027,M105,3,199.06,0.1,106.84
O12176,2024-12-24,C1259,P1090,M107,1,297.83,0.0,203.33
O12176,2024-12-24,C1259,P1037,M107,3,654.66,0.05,397.62
O12177,2024-09-07,C1480,P1040,M104,3,11.81,0.2,8.59
O12177,2024-09-07,C1480,P1066,M104,3,394.29,0.0,311.83
O12177,2024-09-07,C1480,P1004,M104,2,916.7,0.15,579.74
O12177,2024-09-07,C1480,P1074,M104,2,391.25,0.0,212.73
O12178,2024-08-24,C1270,P1094,M102,3,534.92,0.05,400.54
O12179,2025-02-10,C1435,P1073,M103,5,277.99,0.2,216.55
O12179,2025-02-10,C1435,P1043,M103,2,875.43,0.1,595.68
O12179,2025-02-10,C1435,P1061,M103,5,198.89,0.1,155.56
O12179,2025-02-10,C1435,P1018,M103,1,989.8,0.15,747.13
O12180,2025-01-10,C1279,P1116,M102,2,936.45,0.15,503.71
O12181,2025-08-28,C1311,P1062,M107,3,422.03,0.05,266.56
O12181,2025-08-28,C1311,P1047,M107,2,458.64,0.2,309.36
O12182,2024-02-15,C1404,P1062,M100,4,71.17,0.05,53.13
O12183,2025-09-29,C1063,P1087,M103,2,948.49,0.1,558.22
O12183,2025-09-29,C1063,P1030,M103,4,51.08,0.05,28.28
O12183,2025-09-29,C1063,P1069,M103,4,848.5,0.1,436.06
O12184,2024-08-26,C1301,P1002,M103,3,32.58,0.15,18.53
O12184,2024-08-26,C1301,P1047,M103,4,441.79,0.15,250.58
O12184,2024-08-26,C1301,P1049,M103,3,626.84,0.2,456.33
O12185,2024-12-07,C1312,P1002,M104,2,944.95,0.05,630.79
O12185,2024-12-07,C1312,P1107,M104,1,709.32,0.1,424.91
O12186,2024-10-23,C1476,P1004,M104,1,726.32,0.2,520.31
O12186,2024-10-23,C1476,P1019,M104,3,216.2,0.2,136.19
O12187,2025-09-04,C1083,P1111,M102,2,599.17,0.05,437.75
O12187,2025-09-04,C1083,P1059,M102,3,540.66,0.1,373.09
O12187,2025-09-04,C1083,P1009,M102,2,17.35,0.0,9.16
O12188,2025-01-22,C1475,P1114,M102,5,473.88,0.1,323.55
O12188,2025-01-22,C1475,P1072,M102,2,485.12,0.15,363.92
O12188,2025-01-22,C1475,P1060,M102,2,622.13,0.2,371.41
O12188,2025-01-22,C1475,P1018,M102,2,673.81,0.15,380.12
O12189,2024-09-20,C1068,P1070,M107,1,100.22,0.15,65.41
O12189,2024-09-20,C1068,P1079,M107,1,860.97,0.15,440.0
O12189,2024-09-20,C1068,P1114,M107,2,679.06,0.0,466.41
O12189,2024-09-20,C1068,P1006,M107,1,462.97,0.2,285.11
O12190,2024-03-16,C1183,P1031,M103,1,302.55,0.05,183.9
O12190,2024-03-16,C1183,P1091,M103,5,904.42,0.1,522.35
O12190,2024-03-16,C1183,P1011,M103,2,487.88,0.0,246.92
O12190,2024-03-16,C1183,P1017,M103,1,208.21,0.15,131.48
O12191,2025-02-20,C1445,P1017,M105,1,590.11,0.1,345.62
O12191,2025-02-20,C1445,P1041,M105,3,350.45,0.2,258.01
O12191,2025-02-20,C1445,P1055,M105,4,859.35,0.15,489.87
O12191,2025-02-20,C1445,P1008,M105,4,345.45,0.15,253.57
O12192,2024-09-15,C1140,P1066,M107,4,237.35,0.15,177.79
O12192,2024-09-15,C1140,P1085,M107,5,792.22,0.0,624.48
O12193,2024-01-03,C1003,P1109,M102,5,665.39,0.0,453.04
O12193,2024-01-03,C1003,P1085,M102,4,698.45,0.0,451.58
O12193,2024-01-03,C1003,P1101,M102,2,491.12,0.05,340.69
O12193,2024-01-03,C1003,P1062,M102,2,881.26,0.15,506.99
O12194,2025-11-20,C1227,P1075,M104,5,526.07,0.2,419.98
O12195,2025-11-20,C1145,P1027,M101,2,875.16,0.0,519.65
O12195,2025-11-20,C1145,P1031,M101,4,695.49,0.1,451.4
O12196,2025-10-10,C1148,P1071,M107,4,179.65,0.0,131.09
O12196,2025-10-10,C1148,P1029,M107,3,669.44,0.0,441.57
O12196,2025-10-10,C1148,P1020,M107,4,501.07,0.2,295.02
O12196,2025-10-10,C1148,P1005,M107,2,712.86,0.15,447.04
O12197,2025-01-09,C1228,P1083,M101,3,80.2,0.15,55.22
O12197,2025-01-09,C1228,P1077,M101,5,644.28,0.2,424.31
O12197,2025-01-09,C1228,P1115,M101,1,32.4,0.05,24.13
O12198,2025-04-11,C1364,P1052,M107,3,43.94,0.1,31.56
O12198,2025-04-11,C1364,P1096,M107,1,487.26,0.05,382.99
O12199,2025-01-13,C1181,P1065,M105,2,415.29,0.15,257.96
O12199,2025-01-13,C1181,P1052,M105,4,359.66,0.05,194.18
O12199,2025-01-13,C1181,P1078,M105,2,157.69,0.05,92.8
O12199,2025-01-13,C1181,P1005,M105,4,579.21,0.1,340.46
O12200,2025-10-07,C1216,P1101,M100,5,368.33,0.15,246.22
O12201,2025-09-06,C1229,P1015,M101,1,610.82,0.1,414.66
O12201,2025-09-06,C1229,P1108,M101,5,613.31,0.15,391.24
O12201,2025-09-06,C1229,P1032,M101,1,465.18,0.2,252.03
O12202,2024-07-10,C1200,P1011,M101,3,342.77,0.1,262.4
O12202,2024-07-10,C1200,P1092,M101,2,765.95,0.2,580.67
O12202,2024-07-10,C1200,P1028,M101,5,744.65,0.05,544.54
O12203,2025-02-05,C1324,P1051,M107,2,684.74,0.2,438.7
O12203,2025-02-05,C1324,P1077,M107,3,918.23,0.15,697.99
O12204,2024-04-12,C1443,P1049,M101,1,322.44,0.05,227.9
O12205,2025-12-03,C1096,P1055,M101,3,203.72,0.2,110.79
O12205,2025-12-03,C1096,P1010,M101,5,370.55,0.05,289.34
O12206,2025-01-14,C1395,P1116,M102,3,635.26,0.0,373.75
O12207,2024-10-29,C1298,P1117,M100,1,300.81,0.2,173.59
O12207,2024-10-29,C1298,P1005,M100,2,102.66,0.05,69.93
O12207,2024-10-29,C1298,P1062,M100,4,800.37,0.2,407.17
O12208,2024-03-23,C1012,P1057,M101,4,949.64,0.1,573.0
O12208,2024-03-23,C1012,P1104,M101,5,109.66,0.1,82.61
O12208,2024-03-23,C1012,P1017,M101,3,760.09,0.2,469.25
O12209,2024-10-08,C1103,P1043,M103,4,309.94,0.15,235.66
O12209,2024-10-08,C1103,P1022,M103,4,832.63,0.05,503.98
O12209,2024-10-08,C1103,P1018,M103,5,104.16,0.05,76.0
O12209,2024-10-08,C1103,P1076,M103,5,50.0,0.1,32.83
O12210,2025-02-12,C1253,P1082,M102,5,380.64,0.15,280.08
O12210,2025-02-12,C1253,P1085,M102,3,813.01,0.2,525.24
O12210,2025-02-12,C1253,P1011,M102,1,755.64,0.0,420.93
O12210,2025-02-12,C1253,P1082,M102,2,147.4,0.0,116.45
O12211,2024-02-26,C1462,P1079,M106,5,975.46,0.0,622.35
O12211,2024-02-26,C1462,P1035,M106,5,383.0,0.15,285.18
O12212,2025-12-08,C1300,P1007,M102,1,179.48,0.1,135.4
O12213,2024-06-23,C1025,P1010,M103,4,74.2,0.0,39.88
O12213,2024-06-23,C1025,P1108,M103,2,252.44,0.0,169.61
O12214,2024-06-15,C1213,P1072,M104,1,483.38,0.05,380.38
O12214,2024-06-15,C1213,P1079,M104,5,527.81,0.2,398.11
O12214,2024-06-15,C1213,P1089,M104,1,173.91,0.15,104.29
O12215,2025-09-18,C1395,P1016,M107,4,741.0,0.15,588.93
O12215,2025-09-18,C1395,P1017,M107,3,900.55,0.15,603.25
O12215,2025-09-18,C1395,P1111,M107,5,294.37,0.0,217.15
O12216,2024-07-05,C1021,P1040,M106,5,907.21,0.2,572.14
O12216,2024-07-05,C1021,P1050,M106,3,43.68,0.1,29.07
O12216,2024-07-05,C1021,P1117,M106,5,304.54,0.2,239.37
O12216,2024-07-05,C1021,P1067,M106,3,410.87,0.15,263.07
O12217,2025-08-05,C1174,P1112,M101,5,348.46,0.1,240.17
O12218,2024-04-30,C1319,P1068,M103,5,47.88,0.15,30.36
O12218,2024-04-30,C1319,P1070,M103,2,548.47,0.05,356.88
O12218,2024-04-30,C1319,P1044,M103,5,559.91,0.15,359.22
O12219,2024-12-14,C1423,P1040,M106,4,728.68,0.0,478.57
O12220,2025-05-05,C1170,P1060,M106,2,220.99,0.2,150.2
O12220,2025-05-05,C1170,P1117,M106,3,647.6,0.0,384.37
O12220,2025-05-05,C1170,P1101,M106,5,20.89,0.0,13.4
O12220,2025-05-05,C1170,P1074,M106,1,564.34,0.0,435.67
O12221,2025-01-08,C1388,P1075,M100,5,510.77,0.15,306.11
O12221,2025-01-08,C1388,P1112,M100,1,51.47,0.15,34.8
O12221,2025-01-08,C1388,P1044,M100,4,358.59,0.05,260.2
O12221,2025-01-08,C1388,P1006,M100,3,129.47,0.2,100.91
O12222,2024-10-01,C1346,P1085,M103,1,545.51,0.15,295.14
O12222,2024-10-01,C1346,P1101,M103,5,112.19,0.15,59.98
O12223,2024-05-24,C1169,P1038,M100,5,993.04,0.0,499.06
O12223,2024-05-24,C1169,P1033,M100,5,591.32,0.15,454.27
O12223,2024-05-24,C1169,P1060,M100,2,757.05,0.0,559.08
O12224,2024-08-21,C1099,P1037,M100,1,507.04,0.15,371.17
O12224,2024-08-21,C1099,P1034,M100,5,271.87,0.2,186.16
O12224,2024-08-21,C1099,P1058,M100,3,723.72,0.15,468.27
O12225,2025-01-29,C1329,P1089,M107,3,374.1,0.1,248.33
O12225,2025-01-29,C1329,P1027,M107,3,710.44,0.2,382.04
O12225,2025-01-29,C1329,P1043,M107,1,908.79,0.0,549.79
O12226,2025-10-06,C1471,P1118,M102,1,816.55,0.0,545.13
O12226,2025-10-06,C1471,P1004,M102,4,298.27,0.05,210.85
O12226,2025-10-06,C1471,P1027,M102,2,93.63,0.2,65.79
O12226,2025-10-06,C1471,P1098,M102,2,25.31,0.15,19.23
O12227,2024-07-07,C1348,P1095,M101,3,818.46,0.05,483.53
O12228,2024-11-07,C1037,P1083,M107,2,791.26,0.1,535.42
O12229,2025-08-26,C1465,P1065,M105,3,125.56,0.05,82.98
O12229,2025-08-26,C1465,P1119,M105,3,348.33,0.05,195.97
O12229,2025-08-26,C1465,P1075,M105,3,851.6,0.2,508.83
O12230,2024-03-11,C1187,P1096,M107,2,588.42,0.05,330.03
O12230,2024-03-11,C1187,P1039,M107,5,303.83,0.05,238.89
O12231,2024-09-09,C1321,P1011,M107,4,908.19,0.0,514.2
O12231,2024-09-09,C1321,P1078,M107,1,957.31,0.15,654.12
O12232,2025-07-02,C1301,P1052,M104,3,969.76,0.2,775.22
O12232,2025-07-02,C1301,P1013,M104,4,520.27,0.0,327.37
O12232,2025-07-02,C1301,P1112,M104,4,691.72,0.05,503.68
O12233,2024-05-20,C1197,P1012,M103,4,434.68,0.0,305.7
O12233,2024-05-20,C1197,P1081,M103,4,98.68,0.0,56.47
O12234,2024-05-08,C1190,P1067,M106,1,515.87,0.2,345.12
O12235,2024-10-16,C1389,P1017,M102,4,599.88,0.05,464.31
O12235,2024-10-16,C1389,P1105,M102,5,932.97,0.2,550.36
O12235,2024-10-16,C1389,P1027,M102,5,257.63,0.0,146.54
O12235,2024-10-16,C1389,P1032,M102,1,883.29,0.05,696.65
O12236,2024-03-24,C1196,P1080,M100,4,204.34,0.1,126.74
O12236,2024-03-24,C1196,P1004,M100,4,24.83,0.15,19.25
O12237,2024-10-20,C1160,P1105,M102,1,342.49,0.15,242.37
O12237,2024-10-20,C1160,P1066,M102,2,229.82,0.2,152.77
O12237,2024-10-20,C1160,P1109,M102,5,552.19,0.0,431.08
O12238,2024-10-23,C1425,P1114,M101,1,621.95,0.15,331.89
O12239,2025-10-19,C1401,P1095,M106,3,992.81,0.2,501.38
O12239,2025-10-19,C1401,P1024,M106,1,618.5,0.0,442.8
O12239,2025-10-19,C1401,P1089,M106,3,958.13,0.2,749.89
O12240,2024-08-31,C1072,P1084,M102,4,651.57,0.1,390.75
O12240,2024-08-31,C1072,P1000,M102,4,411.09,0.15,211.53
O12240,2024-08-31,C1072,P1050,M102,5,914.86,0.05,596.55
O12240,2024-08-31,C1072,P1004,M102,1,28.84,0.1,15.79
O12241,2024-09-20,C1342,P1082,M103,3,84.57,0.2,66.63
O12241,2024-09-20,C1342,P1000,M103,5,755.1,0.2,552.1
O12241,2024-09-20,C1342,P1013,M103,2,993.08,0.2,642.66
O12242,2024-02-20,C1109,P1110,M102,3,975.58,0.0,508.69
O12242,2024-02-20,C1109,P1001,M102,2,632.77,0.05,500.64
O12242,2024-02-20,C1109,P1085,M102,1,153.18,0.2,91.14
O12242,2024-02-20,C1109,P1114,M102,4,289.27,0.2,157.64
O12243,2024-09-24,C1110,P1000,M107,2,401.11,0.0,312.03
O12243,2024-09-24,C1110,P1054,M107,2,910.47,0.15,481.14
O12243,2024-09-24,C1110,P1097,M107,3,695.18,0.15,550.37
O12243,2024-09-24,C1110,P1109,M107,4,149.96,0.1,100.31
O12244,2025-09-13,C1183,P1028,M104,5,423.74,0.0,314.27
O12244,2025-09-13,C1183,P1097,M104,4,321.87,0.0,249.1
O12244,2025-09-13,C1183,P1090,M104,4,551.95,0.05,315.55
O12244,2025-09-13,C1183,P1092,M104,2,700.83,0.0,460.28
O12245,2024-07-31,C1095,P1066,M104,4,43.01,0.2,23.45
O12245,2024-07-31,C1095,P1062,M104,1,351.88,0.2,266.33
O12246,2024-05-01,C1388,P1015,M105,2,486.33,0.15,274.06
O12246,2024-05-01,C1388,P1019,M105,5,199.68,0.1,156.57
O12247,2025-05-09,C1234,P1115,M106,5,164.99,0.1,95.15
O12247,2025-05-09,C1234,P1059,M106,1,827.3,0.0,532.65
O12248,2025-09-14,C1223,P1004,M107,3,630.46,0.15,338.72
O12248,2025-09-14,C1223,P1087,M107,1,719.41,0.15,513.62
O12248,2025-09-14,C1223,P1119,M107,1,46.85,0.15,36.04
O12248,2025-09-14,C1223,P1087,M107,5,402.11,0.2,301.83
O12249,2024-01-21,C1457,P1036,M100,1,692.95,0.2,521.95
O12249,2024-01-21,C1457,P1087,M100,5,799.17,0.15,463.96
O12249,2024-01-21,C1457,P1077,M100,4,664.73,0.0,372.99
O12249,2024-01-21,C1457,P1085,M100,1,248.96,0.0,167.68
O12250,2024-09-29,C1108,P1009,M101,1,976.22,0.1,742.76
O12250,2024-09-29,C1108,P1024,M101,2,153.61,0.0,77.88
O12250,2024-09-29,C1108,P1086,M101,3,919.16,0.05,699.41
O12251,2024-07-29,C1459,P1093,M101,4,439.67,0.15,331.45
O12251,2024-07-29,C1459,P1068,M101,1,475.71,0.2,338.66
O12252,2024-05-07,C1492,P1078,M105,2,602.53,0.2,374.32
O12252,2024-05-07,C1492,P1056,M105,5,284.61,0.1,194.53
O12252,2024-05-07,C1492,P1042,M105,5,21.93,0.2,11.44
O12253,2024-12-08,C1299,P1041,M102,4,777.79,0.2,446.16
O12253,2024-12-08,C1299,P1087,M102,5,975.43,0.2,615.52
O12253,2024-12-08,C1299,P1069,M102,3,799.21,0.1,544.42
O12253,2024-12-08,C1299,P1090,M102,1,336.35,0.1,184.64
O12254,2025-07-01,C1397,P1020,M100,1,871.32,0.2,453.86
O12254,2025-07-01,C1397,P1085,M100,2,202.54,0.2,103.18
O12255,2024-12-26,C1148,P1076,M106,3,912.46,0.1,663.08
O12255,2024-12-26,C1148,P1103,M106,4,66.95,0.15,48.32
O12256,2025-07-12,C1252,P1048,M100,2,689.89,0.05,465.78
O12256,2025-07-12,C1252,P1047,M100,2,962.13,0.2,672.62
O12256,2025-07-12,C1252,P1094,M100,4,588.57,0.05,388.79
O12257,2024-09-26,C1463,P1097,M104,1,221.42,0.05,115.6
O12257,2024-09-26,C1463,P1099,M104,1,585.77,0.2,367.2
O12258,2024-05-10,C1034,P1118,M104,3,621.61,0.0,406.7
O12258,2024-05-10,C1034,P1090,M104,3,491.41,0.1,295.62
O12258,2024-05-10,C1034,P1053,M104,3,220.06,0.1,172.64
O12259,2024-02-04,C1131,P1108,M102,3,445.96,0.1,267.03
O12259,2024-02-04,C1131,P1078,M102,5,845.07,0.05,578.52
O12259,2024-02-04,C1131,P1113,M102,3,30.32,0.1,16.85
O12259,2024-02-04,C1131,P1043,M102,2,149.64,0.0,83.38
O12260,2025-08-31,C1217,P1017,M101,3,455.44,0.15,234.68
O12261,2025-07-02,C1216,P1082,M100,3,278.38,0.2,142.84
O12261,2025-07-02,C1216,P1035,M100,4,684.3,0.0,508.71
O12262,2025-11-17,C1424,P1017,M101,3,566.9,0.0,452.98
O12262,2025-11-17,C1424,P1076,M101,1,74.58,0.2,40.34
O12262,2025-11-17,C1424,P1065,M101,5,331.42,0.15,187.15
O12262,2025-11-17,C1424,P1052,M101,2,865.55,0.0,678.05
O12263,2024-06-16,C1266,P1098,M103,2,161.11,0.15,100.48
O12264,2024-12-26,C1392,P1028,M101,4,728.31,0.15,553.72
O12265,2024-01-10,C1134,P1009,M102,5,886.77,0.15,484.37
O12265,2024-01-10,C1134,P1074,M102,2,73.2,0.1,42.19
O12266,2025-06-12,C1230,P1114,M105,3,513.1,0.1,407.74
O12266,2025-06-12,C1230,P1015,M105,5,934.29,0.2,599.77
O12267,2025-10-23,C1374,P1059,M102,5,810.62,0.0,589.54
O12268,2025-03-23,C1359,P1005,M103,4,95.94,0.05,54.9
O12268,2025-03-23,C1359,P1025,M103,1,864.5,0.05,553.09
O12269,2025-10-17,C1386,P1116,M102,3,99.61,0.0,71.37
O12269,2025-10-17,C1386,P1080,M102,4,875.46,0.05,590.77
O12269,2025-10-17,C1386,P1102,M102,5,811.85,0.05,491.67
O12270,2025-10-17,C1423,P1036,M103,3,685.76,0.1,540.38
O12270,2025-10-17,C1423,P1084,M103,4,872.95,0.15,659.37
O12271,2025-09-22,C1278,P1061,M104,4,38.19,0.0,24.26
O12271,2025-09-22,C1278,P1090,M104,5,662.63,0.05,418.33
O12271,2025-09-22,C1278,P1079,M104,3,68.56,0.15,49.2
O12272,2025-02-09,C1194,P1079,M102,2,471.37,0.2,237.2
O12272,2025-02-09,C1194,P1096,M102,4,404.83,0.2,299.37
O12272,2025-02-09,C1194,P1067,M102,1,21.16,0.1,13.75
O12272,2025-02-09,C1194,P1063,M102,5,941.62,0.05,601.96
O12273,2024-06-27,C1464,P1021,M102,2,885.16,0.15,444.18
O12273,2024-06-27,C1464,P1047,M102,5,598.77,0.0,343.85
O12273,2024-06-27,C1464,P1072,M102,1,366.28,0.05,265.72
O12274,2024-12-28,C1302,P1118,M100,4,153.71,0.15,94.04
O12274,2024-12-28,C1302,P1061,M100,2,632.59,0.1,391.12
O12274,2024-12-28,C1302,P1096,M100,3,96.98,0.1,65.42
O12275,2024-12-12,C1096,P1012,M104,4,542.11,0.1,385.35
O12275,2024-12-12,C1096,P1049,M104,3,594.53,0.2,306.35
O12275,2024-12-12,C1096,P1027,M104,5,553.24,0.05,276.99
O12276,2025-04-23,C1293,P1001,M103,3,216.25,0.05,108.76
O12277,2024-08-24,C1161,P1042,M100,2,610.2,0.2,449.57
O12278,2025-07-27,C1378,P1057,M105,5,912.95,0.0,555.35
O12279,2024-07-30,C1163,P1004,M103,3,22.71,0.1,13.47
O12279,2024-07-30,C1163,P1007,M103,3,342.86,0.2,254.42
O12280,2025-03-18,C1237,P1025,M101,3,420.2,0.1,261.95
O12280,2025-03-18,C1237,P1100,M101,2,294.64,0.0,217.88
O12281,2025-08-27,C1162,P1103,M107,3,159.07,0.15,85.27
O12281,2025-08-27,C1162,P1010,M107,5,53.57,0.2,39.95
O12281,2025-08-27,C1162,P1088,M107,2,491.97,0.05,336.44
O12281,2025-08-27,C1162,P1064,M107,2,239.82,0.05,174.56
O12282,2024-03-28,C1010,P1081,M100,1,960.81,0.1,571.17
O12282,2024-03-28,C1010,P1070,M100,5,587.33,0.15,409.56
O12282,2024-03-28,C1010,P1043,M100,5,904.11,0.0,644.31
O12282,2024-03-28,C1010,P1026,M100,5,410.26,0.15,228.32
O12283,2024-10-04,C1130,P1029,M102,2,665.69,0.2,464.44
O12284,2024-10-03,C1001,P1036,M102,5,32.1,0.1,22.14
O12285,2025-07-14,C1492,P1111,M102,4,589.9,0.2,454.63
O12285,2025-07-14,C1492,P1020,M102,4,570.73,0.05,318.48
O12285,2025-07-14,C1492,P1047,M102,4,255.29,0.2,143.87
O12286,2024-10-31,C1146,P1045,M100,4,569.38,0.2,354.14
O12286,2024-10-31,C1146,P1027,M100,2,214.77,0.05,143.32
O12287,2025-03-23,C1129,P1088,M101,5,629.8,0.15,369.74
O12287,2025-03-23,C1129,P1020,M101,2,888.71,0.05,590.44
O12288,2024-05-13,C1095,P1109,M107,2,677.72,0.15,367.2
O12289,2024-02-14,C1170,P1002,M101,1,841.72,0.1,638.68
O12289,2024-02-14,C1170,P1049,M101,3,560.61,0.2,358.16
O12290,2024-04-28,C1270,P1048,M103,1,747.77,0.15,568.93
O12290,2024-04-28,C1270,P1002,M103,4,569.64,0.2,407.49
O12290,2024-04-28,C1270,P1116,M103,5,14.33,0.2,9.21
O12291,2025-08-31,C1469,P1000,M105,3,746.06,0.05,397.56
O12291,2025-08-31,C1469,P1091,M105,1,839.71,0.0,649.91
O12292,2025-02-26,C1344,P1025,M100,3,641.28,0.0,483.77
O12293,2025-09-30,C1152,P1032,M104,4,874.36,0.2,628.82
O12293,2025-09-30,C1152,P1001,M104,1,948.77,0.2,557.29
O12293,2025-09-30,C1152,P1108,M104,5,566.74,0.05,408.04
O12293,2025-09-30,C1152,P1053,M104,5,353.37,0.1,202.45
O12294,2025-10-28,C1317,P1034,M105,1,735.47,0.0,371.78
O12294,2025-10-28,C1317,P1090,M105,1,381.51,0.15,214.86
O12294,2025-10-28,C1317,P1002,M105,5,547.38,0.2,353.34
O12294,2025-10-28,C1317,P1104,M105,3,220.57,0.2,161.8
O12295,2025-08-07,C1006,P1112,M101,5,218.91,0.0,116.99
O12295,2025-08-07,C1006,P1065,M101,4,881.26,0.05,535.61
O12296,2025-07-13,C1357,P1039,M104,3,918.52,0.1,609.31
O12296,2025-07-13,C1357,P1065,M104,4,421.92,0.15,315.28
O12296,2025-07-13,C1357,P1025,M104,1,580.62,0.2,380.6
O12296,2025-07-13,C1357,P1051,M104,5,962.93,0.1,742.81
O12297,2024-01-02,C1447,P1090,M102,5,512.12,0.0,316.6
O12298,2024-10-27,C1341,P1071,M106,2,731.47,0.1,422.06
O12298,2024-10-27,C1341,P1069,M106,4,41.98,0.1,23.76
O12298,2024-10-27,C1341,P1049,M106,3,665.97,0.05,517.47
O12298,2024-10-27,C1341,P1030,M106,5,662.92,0.05,430.42
O12299,2025-09-12,C1219,P1030,M106,5,268.18,0.15,148.19
O12299,2025-09-12,C1219,P1035,M106,5,372.9,0.15,269.93
O12299,2025-09-12,C1219,P1022,M106,4,34.59,0.0,26.71
O12299,2025-09-12,C1219,P1022,M106,5,556.34,0.2,331.3
O12300,2024-03-09,C1217,P1001,M104,2,30.78,0.0,17.06
O12300,2024-03-09,C1217,P1066,M104,1,205.97,0.2,137.55
O12300,2024-03-09,C1217,P1010,M104,1,895.67,0.2,675.49
O12300,2024-03-09,C1217,P1030,M104,2,62.25,0.0,48.93
O12301,2025-06-02,C1176,P1067,M104,4,691.45,0.1,496.29
O12301,2025-06-02,C1176,P1035,M104,4,731.96,0.0,518.2
O12301,2025-06-02,C1176,P1074,M104,3,891.03,0.05,493.51
O12301,2025-06-02,C1176,P1090,M104,3,274.15,0.2,205.07
O12302,2024-12-16,C1331,P1054,M101,1,121.51,0.05,77.78
O12302,2024-12-16,C1331,P1113,M101,4,694.56,0.1,423.68
O12302,2024-12-16,C1331,P1056,M101,5,68.81,0.05,40.91
O12303,2024-10-30,C1124,P1071,M103,4,152.04,0.05,98.02
O12304,2024-09-25,C1277,P1116,M101,1,104.77,0.15,72.69
O12304,2024-09-25,C1277,P1066,M101,5,41.24,0.0,22.44
O12304,2024-09-25,C1277,P1047,M101,2,581.2,0.15,385.92
O12305,2025-05-19,C1104,P1049,M101,2,852.12,0.1,583.8
O12305,2025-05-19,C1104,P1031,M101,2,400.53,0.15,221.42
O12305,2025-05-19,C1104,P1091,M101,3,625.38,0.2,475.31
O12306,2024-09-24,C1304,P1070,M100,2,509.6,0.1,325.81
O12306,2024-09-24,C1304,P1059,M100,1,591.84,0.05,382.7
O12306,2024-09-24,C1304,P1072,M100,4,821.3,0.15,607.82
O12307,2024-05-09,C1080,P1105,M101,1,711.19,0.05,521.93
O12307,2024-05-09,C1080,P1078,M101,1,377.87,0.2,276.23
O12308,2025-07-29,C1054,P1085,M106,2,287.97,0.15,221.78
O12309,2025-07-17,C1300,P1093,M104,5,853.47,0.0,618.25
O12309,2025-07-17,C1300,P1011,M104,4,946.86,0.1,524.03
O12309,2025-07-17,C1300,P1112,M104,1,611.41,0.0,392.73
O12310,2024-05-10,C1462,P1106,M103,5,711.64,0.05,367.24
O12310,2024-05-10,C1462,P1028,M103,3,403.0,0.2,258.37
O12311,2025-03-26,C1350,P1093,M100,5,577.34,0.0,301.05
O12312,2025-11-25,C1046,P1040,M107,1,950.69,0.15,604.86
O12312,2025-11-25,C1046,P1090,M107,3,634.21,0.2,467.73
O12312,2025-11-25,C1046,P1056,M107,4,817.21,0.15,422.46
O12312,2025-11-25,C1046,P1062,M107,2,896.37,0.05,624.39
O12313,2024-08-18,C1397,P1024,M106,2,290.67,0.0,182.06
O12314,2025-04-25,C1284,P1028,M107,3,956.86,0.05,677.95
O12314,2025-04-25,C1284,P1105,M107,2,84.63,0.05,56.59
O12315,2025-03-30,C1197,P1099,M106,4,747.98,0.15,449.62
O12315,2025-03-30,C1197,P1119,M106,5,871.29,0.0,458.58
O12316,2024-03-08,C1142,P1007,M104,1,301.57,0.15,151.88
O12316,2024-03-08,C1142,P1092,M104,4,56.0,0.15,29.03
O12316,2024-03-08,C1142,P1039,M104,3,202.06,0.05,141.36
O12317,2024-05-03,C1116,P1078,M102,4,637.3,0.0,477.08
O12317,2024-05-03,C1116,P1104,M102,3,16.75,0.05,12.96
O12317,2024-05-03,C1116,P1092,M102,2,594.86,0.2,428.43
O12317,2024-05-03,C1116,P1065,M102,3,278.13,0.15,219.75
O12318,2024-02-05,C1172,P1053,M101,1,166.73,0.15,92.77
O12318,2024-02-05,C1172,P1047,M101,2,916.79,0.0,595.12
O12318,2024-02-05,C1172,P1038,M101,5,326.18,0.2,246.0
O12318,2024-02-05,C1172,P1111,M101,3,619.68,0.2,443.89
O12319,2024-04-14,C1244,P1027,M100,2,481.33,0.15,334.08
O12319,2024-04-14,C1244,P1084,M100,1,380.52,0.05,226.78
O12320,2024-07-29,C1453,P1054,M106,4,752.73,0.2,500.95
O12320,2024-07-29,C1453,P1073,M106,3,68.31,0.0,52.72
O12320,2024-07-29,C1453,P1002,M106,4,679.86,0.0,449.13
O12321,2025-06-30,C1230,P1030,M106,4,608.58,0.15,368.43
O12321,2025-06-30,C1230,P1072,M106,1,90.58,0.2,52.54
O12321,2025-06-30,C1230,P1016,M106,5,708.28,0.15,456.05
O12321,2025-06-30,C1230,P1040,M106,1,188.34,0.0,107.37
O12322,2025-07-22,C1404,P1091,M107,4,124.51,0.2,73.35
O12322,2025-07-22,C1404,P1044,M107,1,998.18,0.15,584.32
O12322,2025-07-22,C1404,P1049,M107,4,431.94,0.05,315.37
O12323,2025-01-18,C1269,P1039,M107,3,757.63,0.2,409.64
O12323,2025-01-18,C1269,P1072,M107,3,605.12,0.15,443.2
O12323,2025-01-18,C1269,P1080,M107,4,763.69,0.15,452.24
O12324,2024-12-29,C1037,P1070,M102,5,457.29,0.1,335.46
O12325,2024-12-01,C1112,P1094,M105,1,847.27,0.2,542.13
O12325,2024-12-01,C1112,P1016,M105,5,214.7,0.1,139.12
O12325,2024-12-01,C1112,P1093,M105,5,525.36,0.1,376.31
O12326,2024-08-20,C1165,P1011,M102,5,183.48,0.2,125.07
O12326,2024-08-20,C1165,P1058,M102,5,510.78,0.2,375.85
O12326,2024-08-20,C1165,P1033,M102,4,710.48,0.1,566.12
O12327,2025-10-21,C1158,P1092,M100,4,623.18,0.0,413.92
O12328,2024-08-26,C1439,P1015,M106,4,721.21,0.15,462.22
O12328,2024-08-26,C1439,P1057,M106,4,113.88,0.2,70.46
O12329,2024-10-15,C1148,P1091,M107,5,858.05,0.0,682.34
O12329,2024-10-15,C1148,P1108,M107,4,639.94,0.05,339.8
O12329,2024-10-15,C1148,P1065,M107,4,481.9,0.0,321.84
O12329,2024-10-15,C1148,P1104,M107,3,357.56,0.05,198.09
O12330,2025-03-02,C1400,P1004,M106,1,841.13,0.2,436.53
O12330,2025-03-02,C1400,P1069,M106,5,548.34,0.1,338.66
O12330,2025-03-02,C1400,P1059,M106,1,53.35,0.15,42.33
O12331,2025-05-16,C1039,P1026,M107,1,776.97,0.15,503.73
O12331,2025-05-16,C1039,P1056,M107,1,985.72,0.1,556.87
O12331,2025-05-16,C1039,P1052,M107,5,37.93,0.2,30.16
O12332,2024-07-23,C1409,P1013,M106,2,809.9,0.0,410.32
O12332,2024-07-23,C1409,P1093,M106,5,427.24,0.1,303.75
O12332,2024-07-23,C1409,P1072,M106,4,562.56,0.0,370.47
O12332,2024-07-23,C1409,P1097,M106,3,297.84,0.0,159.79
O12333,2024-10-09,C1429,P1091,M101,-3,393.08,0.1,216.21
O12334,2025-08-17,C1165,P1038,M106,5,41.32,0.05,27.95
O12334,2025-08-17,C1165,P1003,M106,5,419.89,0.1,240.09
O12334,2025-08-17,C1165,P1059,M106,5,470.69,0.05,282.9
O12334,2025-08-17,C1165,P1050,M106,1,112.63,0.05,86.35
O12335,2024-04-16,C1237,P1079,M104,3,155.94,0.05,78.5
O12336,2025-08-26,C1443,P1004,M104,4,377.69,0.05,192.42
O12337,2025-12-23,C1394,P1078,M107,4,410.94,0.15,217.43
O12337,2025-12-23,C1394,P1079,M107,4,23.84,0.05,11.94
O12338,2024-07-18,C1289,P1044,M104,5,787.42,0.2,463.63
O12338,2024-07-18,C1289,P1003,M104,3,528.01,0.0,305.27
O12339,2024-01-08,C1376,P1066,M104,4,253.44,0.0,193.33
O12339,2024-01-08,C1376,P1115,M104,2,308.01,0.1,211.14
O12339,2024-01-08,C1376,P1059,M104,4,696.18,0.15,458.38
O12339,2024-01-08,C1376,P1040,M104,3,493.7,0.2,369.53
O12340,2024-09-09,C1272,P1039,M105,4,706.83,0.1,517.72
O12340,2024-09-09,C1272,P1040,M105,5,112.96,0.15,79.11
O12340,2024-09-09,C1272,P1087,M105,5,534.17,0.2,271.76
O12341,2024-12-31,C1379,P1112,M106,4,873.18,0.0,672.44
O12342,2024-11-21,C1196,P1049,M100,4,148.0,0.15,86.35
O12342,2024-11-21,C1196,P1035,M100,5,31.68,0.15,21.58
O12342,2024-11-21,C1196,P1005,M100,1,927.21,0.05,605.25
O12342,2024-11-21,C1196,P1065,M100,4,371.33,0.0,205.98
O12343,2025-11-02,C1115,P1022,M102,2,701.62,0.15,449.41
O12343,2025-11-02,C1115,P1022,M102,5,347.88,0.1,182.44
O12344,2024-04-05,C1149,P1020,M100,4,958.34,0.15,692.03
O12345,2024-08-14,C1253,P1039,M105,3,571.86,0.1,393.54
O12345,2024-08-14,C1253,P1051,M105,3,50.19,0.15,34.95
O12346,2025-04-22,C1024,P1114,M105,3,431.85,0.2,239.31
O12346,2025-04-22,C1024,P1097,M105,3,43.43,0.05,34.53
O12347,2025-10-15,C1367,P1082,M103,1,364.12,0.2,196.88
O12347,2025-10-15,C1367,P1086,M103,4,51.07,0.0,38.45
O12347,2025-10-15,C1367,P1086,M103,4,223.29,0.05,127.63
O12347,2025-10-15,C1367,P1039,M103,3,698.56,0.05,386.8
O12348,2025-10-14,C1165,P1052,M105,3,556.32,0.0,376.01
O12348,2025-10-14,C1165,P1033,M105,5,251.05,0.1,129.65
O12348,2025-10-14,C1165,P1101,M105,1,444.71,0.15,239.17
O12348,2025-10-14,C1165,P1055,M105,1,752.53,0.2,566.94
O12349,2025-08-28,C1121,P1069,M101,5,943.76,0.0,697.18
O12349,2025-08-28,C1121,P1092,M101,3,58.4,0.1,46.28
O12350,2024-08-15,C1288,P1084,M100,4,719.22,0.1,556.68
O12351,2025-12-20,C1421,P1017,M104,5,494.73,0.1,320.86
O12351,2025-12-20,C1421,P1091,M104,4,397.58,0.2,224.8
O12352,2024-06-01,C1463,P1077,M102,1,353.44,0.2,215.94
O12352,2024-06-01,C1463,P1097,M102,1,932.48,0.05,570.41
O12352,2024-06-01,C1463,P1038,M102,1,385.24,0.0,291.64
O12352,2024-06-01,C1463,P1015,M102,1,908.68,0.0,641.92
O12353,2024-06-15,C1167,P1087,M105,2,180.45,0.2,143.57
O12353,2024-06-15,C1167,P1046,M105,2,662.84,0.15,378.96
O12353,2024-06-15,C1167,P1100,M105,5,966.65,0.15,666.92
O12354,2025-11-20,C1235,P1007,M104,1,917.88,0.0,469.84
O12354,2025-11-20,C1235,P1046,M104,3,611.78,0.05,329.19
O12354,2025-11-20,C1235,P1001,M104,2,645.94,0.0,370.66
O12355,2025-10-12,C1141,P1060,M106,3,446.34,0.1,248.76
O12356,2025-07-09,C1475,P1028,M104,4,264.63,0.2,205.4
O12356,2025-07-09,C1475,P1113,M104,1,497.22,0.2,313.39
O12356,2025-07-09,C1475,P1001,M104,1,947.19,0.05,582.23
O12356,2025-07-09,C1475,P1001,M104,4,249.14,0.15,175.88
O12357,2024-11-21,C1376,P1015,M103,2,444.54,0.1,324.24
O12357,2024-11-21,C1376,P1023,M103,5,96.22,0.0,71.03
O12358,2024-07-17,C1480,P1083,M105,2,943.45,0.15,654.18
O12358,2024-07-17,C1480,P1012,M105,4,961.68,0.2,711.58
O12359,2024-03-17,C1086,P1110,M107,3,338.93,0.1,227.76
O12359,2024-03-17,C1086,P1014,M107,1,693.05,0.05,512.28
O12359,2024-03-17,C1086,P1049,M107,2,497.49,0.1,289.31
O12360,2024-08-12,C1298,P1012,M104,1,424.84,0.05,285.68
O12361,2024-10-18,C1336,P1020,M102,3,105.84,0.0,70.26
O12361,2024-10-18,C1336,P1103,M102,4,799.2,0.0,600.82
O12362,2024-11-05,C1368,P1038,M106,4,595.77,0.2,382.61
O12362,2024-11-05,C1368,P1048,M106,1,943.16,0.05,619.22
O12362,2024-11-05,C1368,P1098,M106,1,396.5,0.05,266.74
O12363,2024-01-22,C1237,P1048,M105,3,716.98,0.05,385.69
O12363,2024-01-22,C1237,P1017,M105,4,152.3,0.15,83.59
O12363,2024-01-22,C1237,P1107,M105,2,493.28,0.05,365.25
O12364,2025-07-10,C1343,P1033,M101,1,270.13,0.15,209.29
O12364,2025-07-10,C1343,P1047,M101,4,722.08,0.2,422.58
O12364,2025-07-10,C1343,P1035,M101,4,608.52,0.2,411.42
O12364,2025-07-10,C1343,P1116,M101,4,384.65,0.15,211.71
O12365,2024-11-29,C1318,P1066,M105,2,282.14,0.2,147.89
O12365,2024-11-29,C1318,P1010,M105,3,310.88,0.05,155.76
O12366,2025-12-11,C1108,P1118,M103,2,71.7,0.1,37.69
O12366,2025-12-11,C1108,P1052,M103,3,625.45,0.05,480.15
O12366,2025-12-11,C1108,P1049,M103,4,428.86,0.0,256.32
O12367,2025-11-18,C1216,P1018,M107,1,170.27,0.0,107.96
O12367,2025-11-18,C1216,P1108,M107,1,169.09,0.2,131.29
O12368,2025-11-04,C1257,P1043,M107,2,258.13,0.0,149.31
O12368,2025-11-04,C1257,P1100,M107,4,600.86,0.0,442.14
O12368,2025-11-04,C1257,P1111,M107,3,721.65,0.15,411.71
O12369,2025-09-16,C1116,P1029,M100,5,391.4,0.1,205.37
O12369,2025-09-16,C1116,P1045,M100,1,859.07,0.1,564.12
O12369,2025-09-16,C1116,P1079,M100,1,503.28,0.05,307.75
O12370,2025-05-18,C1426,P1118,M105,4,983.84,0.15,728.79
O12370,2025-05-18,C1426,P1108,M105,2,919.06,0.05,707.21
O12371,2024-04-25,C1301,P1027,M105,2,143.46,0.0,106.69
O12371,2024-04-25,C1301,P1077,M105,2,775.43,0.0,435.14
O12372,2025-07-02,C1426,P1056,M105,1,563.55,0.0,321.09
O12373,2024-08-03,C1061,P1098,M100,4,441.94,0.1,273.72
O12373,2024-08-03,C1061,P1105,M100,2,96.47,0.0,52.04
O12374,2024-12-02,C1424,P1111,M103,3,311.82,0.1,175.56
O12374,2024-12-02,C1424,P1085,M103,2,132.8,0.05,103.03
O12374,2024-12-02,C1424,P1117,M103,3,717.36,0.05,385.86
O12375,2025-03-11,C1278,P1029,M106,3,593.98,0.0,310.93
O12376,2024-06-23,C1184,P1111,M107,5,777.58,0.15,532.78
O12376,2024-06-23,C1184,P1053,M107,5,719.38,0.2,448.26
O12376,2024-06-23,C1184,P1067,M107,4,997.41,0.1,584.45
O12377,2024-07-01,C1397,P1109,M105,5,576.69,0.05,409.12
O12377,2024-07-01,C1397,P1080,M105,2,134.85,0.15,72.15
O12378,2024-06-09,C1081,P1100,M107,5,314.57,0.1,178.75
O12378,2024-06-09,C1081,P1020,M107,5,913.75,0.2,599.76
O12378,2024-06-09,C1081,P1071,M107,5,13.98,0.05,7.22
O12379,2025-05-07,C1459,P1019,M100,3,708.26,0.05,426.53
O12379,2025-05-07,C1459,P1114,M100,5,930.68,0.0,512.75
O12379,2025-05-07,C1459,P1044,M100,5,892.5,0.0,672.58
O12380,2024-08-09,C1319,P1117,M106,2,878.07,0.2,681.99
O12380,2024-08-09,C1319,P1109,M106,2,441.31,0.2,245.15
O12381,2025-03-22,C1497,P1078,M103,5,395.65,0.05,225.15
O12382,2025-11-14,C1195,P1103,M101,1,223.36,0.15,153.56
O12382,2025-11-14,C1195,P1020,M101,1,615.14,0.15,330.82
O12382,2025-11-14,C1195,P1009,M101,2,661.28,0.2,408.22
O12383,2024-09-10,C1049,P1019,M103,5,582.26,0.2,344.04
O12383,2024-09-10,C1049,P1004,M103,5,146.42,0.1,92.1
O12383,2024-09-10,C1049,P1073,M103,4,944.71,0.0,487.5
O12384,2024-11-22,C1477,P1079,M106,2,708.69,0.2,408.12
O12384,2024-11-22,C1477,P1078,M106,1,296.31,0.15,204.27
O12384,2024-11-22,C1477,P1028,M106,3,23.68,0.15,14.43
O12384,2024-11-22,C1477,P1114,M106,5,238.19,0.1,122.29
O12385,2025-09-20,C1273,P1054,M107,5,156.61,0.15,87.88
O12386,2024-07-22,C1192,P1047,M100,1,795.31,0.2,592.69
O12387,2024-11-19,C1001,P1076,M103,2,923.17,0.0,679.07
O12388,2024-11-06,C1280,P1115,M105,5,586.94,0.1,401.91
O12388,2024-11-06,C1280,P1019,M105,1,939.77,0.0,559.61
O12389,2025-02-09,C1051,P1017,M100,1,584.26,0.2,300.55
O12390,2024-06-07,C1374,P1007,M106,4,59.46,0.0,43.33
O12390,2024-06-07,C1374,P1073,M106,4,591.51,0.2,298.46
O12390,2024-06-07,C1374,P1086,M106,2,818.94,0.0,569.36
O12390,2024-06-07,C1374,P1012,M106,1,439.89,0.05,343.99
O12391,2025-03-17,C1308,P1028,M100,3,884.68,0.05,690.07
O12391,2025-03-17,C1308,P1009,M100,5,576.37,0.0,460.6
O12391,2025-03-17,C1308,P1040,M100,4,997.16,0.2,666.05
O12392,2025-07-16,C1050,P1032,M102,3,457.49,0.0,294.97
O12392,2025-07-16,C1050,P1036,M102,5,841.77,0.15,603.26
O12392,2025-07-16,C1050,P1077,M102,2,869.06,0.15,438.07
O12392,2025-07-16,C1050,P1011,M102,3,503.19,0.0,355.38
O12393,2025-12-31,C1012,P1003,M104,3,332.04,0.1,236.83
O12394,2024-04-13,C1129,P1097,M106,2,186.59,0.1,111.73
O12394,2024-04-13,C1129,P1030,M106,4,387.57,0.1,221.53
O12395,2024-08-30,C1402,P1008,M105,3,44.95,0.0,31.19
O12395,2024-08-30,C1402,P1056,M105,1,631.77,0.2,413.31
O12395,2024-08-30,C1402,P1011,M105,3,242.92,0.05,153.29
O12396,2024-02-01,C1108,P1027,M102,5,312.09,0.05,200.09
O12396,2024-02-01,C1108,P1060,M102,1,203.33,0.05,140.38
O12397,2024-08-27,C1215,P1072,M101,4,569.4,0.2,349.09
O12397,2024-08-27,C1215,P1053,M101,5,834.59,0.1,499.67
O12397,2024-08-27,C1215,P1043,M101,5,419.14,0.0,272.62
O12398,2024-12-21,C1130,P1105,M100,5,951.63,0.15,600.41
O12399,2025-02-01,C1007,P1050,M102,3,915.33,0.05,564.61
O12399,2025-02-01,C1007,P1062,M102,5,400.58,0.05,279.15
O12399,2025-02-01,C1007,P1051,M102,1,761.13,0.15,412.81
O12400,2025-08-17,C1227,P1037,M105,2,179.9,0.05,131.21
O12400,2025-08-17,C1227,P1112,M105,1,918.29,0.0,709.5
O12400,2025-08-17,C1227,P1012,M105,1,622.44,0.05,395.38
O12401,2024-03-04,C1130,P1065,M103,2,339.71,0.0,216.89
O12401,2024-03-04,C1130,P1008,M103,5,921.41,0.0,657.91
O12401,2024-03-04,C1130,P1010,M103,3,103.22,0.2,68.45
O12402,2024-05-05,C1444,P1031,M105,1,289.72,0.2,187.39
O12403,2025-08-30,C1249,P1090,M103,4,370.37,0.2,192.01
O12404,2025-03-23,C1206,P1067,M101,3,876.79,0.2,447.77
O12405,2024-01-11,C1243,P1067,M104,4,445.64,0.0,351.26
O12406,2024-04-20,C1345,P1018,M102,3,912.95,0.05,510.49
O12406,2024-04-20,C1345,P1045,M102,1,939.38,0.0,506.57
O12406,2024-04-20,C1345,P1118,M102,1,509.83,0.15,385.91
O12407,2025-12-31,C1387,P1023,M101,3,417.54,0.2,216.63
O12407,2025-12-31,C1387,P1061,M101,2,976.51,0.1,532.74
O12407,2025-12-31,C1387,P1013,M101,1,542.72,0.1,337.51
O12407,2025-12-31,C1387,P1100,M101,5,653.67,0.2,459.68
O12408,2025-01-23,C1490,P1019,M106,2,531.26,0.0,278.57
O12408,2025-01-23,C1490,P1006,M106,2,903.67,0.15,709.55
O12408,2025-01-23,C1490,P1019,M106,5,835.19,0.15,444.54
O12409,2025-03-25,C1319,P1036,M102,3,222.37,0.15,154.15
O12409,2025-03-25,C1319,P1110,M102,5,578.38,0.2,298.0
O12410,2024-03-31,C1187,P1030,M100,2,822.49,0.1,528.72
O12410,2024-03-31,C1187,P1011,M100,2,521.14,0.0,312.86
O12411,2024-11-18,C1306,P1098,M105,4,62.65,0.0,35.12
O12412,2025-07-04,C1342,P1095,M107,2,309.15,0.15,207.08
O12412,2025-07-04,C1342,P1112,M107,1,458.59,0.0,330.88
O12412,2025-07-04,C1342,P1001,M107,4,119.05,0.0,84.39
O12412,2025-07-04,C1342,P1108,M107,2,752.46,0.15,427.59
O12413,2025-08-02,C1355,P1060,M103,4,390.47,0.1,237.69
O12413,2025-08-02,C1355,P1103,M103,4,704.49,0.1,550.49
O12413,2025-08-02,C1355,P1045,M103,1,566.85,0.0,423.07
O12413,2025-08-02,C1355,P1104,M103,3,343.96,0.2,174.24
O12414,2025-02-16,C1259,P1091,M103,5,666.94,0.1,401.28
O12414,2025-02-16,C1259,P1086,M103,5,230.64,0.1,175.25
O12414,2025-02-16,C1259,P1018,M103,1,974.38,0.1,578.48
O12414,2025-02-16,C1259,P1041,M103,4,672.87,0.1,473.24
O12415,2025-05-12,C1010,P1068,M100,1,70.87,0.2,52.35
O12416,2024-10-17,C1088,P1073,M100,2,992.98,0.05,776.79
O12416,2024-10-17,C1088,P1066,M100,4,275.6,0.1,213.62
O12417,2025-05-04,C1057,P1063,M104,5,871.08,0.05,618.1
O12417,2025-05-04,C1057,P1112,M104,5,869.01,0.2,537.14
O12417,2025-05-04,C1057,P1004,M104,2,765.83,0.0,439.79
O12417,2025-05-04,C1057,P1078,M104,5,744.71,0.2,510.99
O12418,2024-09-08,C1105,P1067,M106,1,223.13,0.0,123.8
O12418,2024-09-08,C1105,P1022,M106,3,398.58,0.05,242.92
O12418,2024-09-08,C1105,P1101,M106,5,201.8,0.1,154.13
O12418,2024-09-08,C1105,P1037,M106,2,787.97,0.15,576.55
O12419,2025-06-13,C1062,P1043,M106,2,717.65,0.05,417.66
O12420,2024-04-14,C1460,P1032,M107,1,751.8,0.0,418.88
O12420,2024-04-14,C1460,P1087,M107,1,657.38,0.15,445.72
O12420,2024-04-14,C1460,P1065,M107,3,591.23,0.1,403.95
O12421,2025-11-27,C1370,P1097,M105,5,536.53,0.15,381.01
O12422,2025-03-13,C1015,P1019,M106,5,429.79,0.0,254.82
O12423,2024-04-07,C1061,P1011,M100,5,893.01,0.0,521.57
O12423,2024-04-07,C1061,P1072,M100,4,659.8,0.2,399.32
O12424,2024-11-26,C1072,P1105,M103,2,745.65,0.0,554.93
O12425,2024-06-08,C1209,P1112,M104,2,874.16,0.2,602.36
O12425,2024-06-08,C1209,P1018,M104,4,288.08,0.2,225.87
O12425,2024-06-08,C1209,P1006,M104,4,886.77,0.1,474.38
O12425,2024-06-08,C1209,P1105,M104,5,850.23,0.15,582.49
O12426,2024-04-22,C1241,P1082,M106,4,443.19,0.1,352.46
O12426,2024-04-22,C1241,P1119,M106,3,381.16,0.2,222.46
O12426,2024-04-22,C1241,P1080,M106,5,948.57,0.2,673.12
O12426,2024-04-22,C1241,P1059,M106,3,522.51,0.1,298.04
O12427,2025-07-05,C1162,P1060,M105,2,99.47,0.2,62.88
O12427,2025-07-05,C1162,P1106,M105,1,672.4,0.05,473.23
O12427,2025-07-05,C1162,P1113,M105,3,238.85,0.2,155.04
O12427,2025-07-05,C1162,P1099,M105,2,189.82,0.1,123.81
O12428,2024-06-30,C1230,P1015,M106,1,905.72,0.1,716.19
O12429,2024-06-21,C1388,P1089,M103,2,613.73,0.15,391.53
O12430,2024-01-29,C1036,P1057,M107,1,285.22,0.2,149.15
O12430,2024-01-29,C1036,P1025,M107,4,388.89,0.2,310.94
O12430,2024-01-29,C1036,P1062,M107,2,91.54,0.0,59.6
O12430,2024-01-29,C1036,P1105,M107,3,770.09,0.2,516.04
O12431,2025-07-08,C1497,P1063,M104,4,242.88,0.05,154.94
O12431,2025-07-08,C1497,P1079,M104,4,695.19,0.2,353.46
O12431,2025-07-08,C1497,P1056,M104,3,596.1,0.2,356.58
O12431,2025-07-08,C1497,P1024,M104,1,280.6,0.1,155.22
O12432,2024-10-12,C1421,P1001,M107,1,503.73,0.15,305.69
O12432,2024-10-12,C1421,P1067,M107,2,748.51,0.2,591.54
O12432,2024-10-12,C1421,P1059,M107,4,460.34,0.1,259.33
O12433,2025-05-20,C1267,P1080,M101,1,515.31,0.0,368.58
O12433,2025-05-20,C1267,P1087,M101,5,667.26,0.2,521.8
O12434,2025-05-31,C1024,P1104,M105,1,477.46,0.1,275.28
O12434,2025-05-31,C1024,P1003,M105,4,735.03,0.1,413.64
O12435,2025-06-12,C1259,P1029,M105,5,207.05,0.2,118.87
O12435,2025-06-12,C1259,P1094,M105,3,744.46,0.05,500.1
O12435,2025-06-12,C1259,P1023,M105,2,159.66,0.1,116.72
O12436,2025-06-29,C1159,P1021,M100,3,970.4,0.1,699.88
O12436,2025-06-29,C1159,P1017,M100,5,410.28,0.1,299.39
O12436,2025-06-29,C1159,P1055,M100,5,286.54,0.1,173.69
O12436,2025-06-29,C1159,P1090,M100,4,390.72,0.1,291.81
O12437,2025-10-26,C1194,P1044,M105,1,351.99,0.05,223.99
O12437,2025-10-26,C1194,P1022,M105,3,812.97,0.05,521.84
O12438,2025-08-17,C1439,P1070,M105,5,954.84,0.1,702.97
O12438,2025-08-17,C1439,P1069,M105,2,562.56,0.2,432.4
O12439,2024-03-26,C1114,P1006,M102,2,930.63,0.0,504.73
O12439,2024-03-26,C1114,P1098,M102,1,718.09,0.1,436.96
O12439,2024-03-26,C1114,P1005,M102,3,591.24,0.05,360.64
O12439,2024-03-26,C1114,P1053,M102,4,226.27,0.1,174.65
O12440,2024-11-23,C1047,P1108,M105,1,252.67,0.15,142.66
O12441,2025-05-06,C1420,P1053,M106,1,394.58,0.2,265.73
O12441,2025-05-06,C1420,P1034,M106,4,154.83,0.05,78.15
O12441,2025-05-06,C1420,P1108,M106,2,352.81,0.05,238.73
O12441,2025-05-06,C1420,P1086,M106,3,534.11,0.1,341.22
O12442,2024-01-01,C1430,P1043,M101,4,741.34,0.05,494.05
O12442,2024-01-01,C1430,P1109,M101,5,797.64,0.2,559.51
O12443,2024-09-17,C1057,P1118,M103,1,779.75,0.0,532.95
O12443,2024-09-17,C1057,P1034,M103,5,422.12,0.0,242.1
O12443,2024-09-17,C1057,P1010,M103,4,892.97,0.1,700.6
O12444,2025-06-14,C1368,P1013,M102,4,851.28,0.15,677.65
O12444,2025-06-14,C1368,P1045,M102,2,753.54,0.2,591.94
O12444,2025-06-14,C1368,P1113,M102,1,637.71,0.1,494.45
O12444,2025-06-14,C1368,P1024,M102,2,419.23,0.0,328.57
O12445,2025-07-12,C1410,P1105,M100,3,511.87,0.05,351.93
O12445,2025-07-12,C1410,P1048,M100,4,456.73,0.2,231.54
O12446,2024-07-05,C1259,P1109,M105,2,903.84,0.2,573.11
O12446,2024-07-05,C1259,P1058,M105,4,464.39,0.0,277.97
O12446,2024-07-05,C1259,P1067,M105,2,477.54,0.15,289.39
O12447,2024-05-10,C1137,P1093,M107,2,269.2,0.15,211.69
O12447,2024-05-10,C1137,P1036,M107,1,746.2,0.1,418.3
O12447,2024-05-10,C1137,P1005,M107,1,419.92,0.15,240.35
O12447,2024-05-10,C1137,P1066,M107,3,457.36,0.15,241.83
O12448,2025-03-15,C1126,P1106,M107,3,779.57,0.0,590.44
O12448,2025-03-15,C1126,P1009,M107,1,915.54,0.2,714.36
O12448,2025-03-15,C1126,P1029,M107,5,547.59,0.15,332.76
O12449,2024-02-17,C1068,P1093,M101,4,171.89,0.1,110.33
O12449,2024-02-17,C1068,P1065,M101,5,893.24,0.2,606.77
O12449,2024-02-17,C1068,P1031,M101,5,512.72,0.1,343.12
O12449,2024-02-17,C1068,P1005,M101,2,692.86,0.0,377.73
O12450,2024-04-28,C1427,P1005,M102,1,992.28,0.0,748.3
O12450,2024-04-28,C1427,P1015,M102,1,742.02,0.15,512.13
O12450,2024-04-28,C1427,P1081,M102,5,186.86,0.2,134.67
O12450,2024-04-28,C1427,P1001,M102,1,198.68,0.05,109.01
O12451,2024-12-09,C1211,P1020,M100,1,972.12,0.0,668.71
O12451,2024-12-09,C1211,P1014,M100,5,803.39,0.1,606.42
O12451,2024-12-09,C1211,P1114,M100,2,419.21,0.2,222.63
O12451,2024-12-09,C1211,P1074,M100,2,808.34,0.0,592.12
O12452,2025-02-04,C1133,P1103,M102,5,520.78,0.1,330.77
O12452,2025-02-04,C1133,P1021,M102,5,333.11,0.0,170.26
O12453,2024-07-19,C1003,P1081,M103,3,551.44,0.1,370.92
O12453,2024-07-19,C1003,P1080,M103,3,136.29,0.0,102.77
O12454,2025-10-29,C1205,P1102,M101,4,637.74,0.1,458.34
O12454,2025-10-29,C1205,P1075,M101,5,350.97,0.0,248.69
O12455,2024-01-05,C1281,P1065,M104,4,491.2,0.0,383.32
O12455,2024-01-05,C1281,P1074,M104,3,160.9,0.2,128.57
O12455,2024-01-05,C1281,P1005,M104,3,124.06,0.2,89.08
O12456,2025-06-27,C1336,P1104,M106,5,777.81,0.05,445.17
O12456,2025-06-27,C1336,P1072,M106,5,762.67,0.1,537.83
O12456,2025-06-27,C1336,P1046,M106,2,637.02,0.1,508.51
O12457,2024-02-24,C1089,P1074,M106,2,926.35,0.15,675.45
O12457,2024-02-24,C1089,P1086,M106,4,553.29,0.2,397.01
O12457,2024-02-24,C1089,P1069,M106,5,413.07,0.05,233.91
O12457,2024-02-24,C1089,P1056,M106,2,416.18,0.2,251.56
O12458,2024-08-13,C1191,P1056,M104,1,975.88,0.2,613.16
O12458,2024-08-13,C1191,P1009,M104,2,831.17,0.1,432.57
O12458,2024-08-13,C1191,P1044,M104,4,124.3,0.15,81.22
O12459,2024-12-25,C1217,P1089,M106,5,501.24,0.05,278.75
O12459,2024-12-25,C1217,P1047,M106,2,669.14,0.2,418.59
O12459,2024-12-25,C1217,P1026,M106,2,583.74,0.1,314.89
O12459,2024-12-25,C1217,P1046,M106,5,824.96,0.05,492.62
O12460,2024-10-11,C1130,P1046,M107,4,403.38,0.05,305.86
O12461,2024-10-13,C1489,P1077,M102,3,851.69,0.2,512.35
O12461,2024-10-13,C1489,P1046,M102,2,392.61,0.0,225.45
O12461,2024-10-13,C1489,P1026,M102,4,480.5,0.05,364.9
O12461,2024-10-13,C1489,P1045,M102,3,310.93,0.2,227.44
O12462,2024-12-17,C1275,P1039,M105,1,593.83,0.2,333.69
O12462,2024-12-17,C1275,P1105,M105,2,816.39,0.2,608.6
O12462,2024-12-17,C1275,P1106,M105,4,410.75,0.15,215.68
O12462,2024-12-17,C1275,P1117,M105,1,69.81,0.15,49.92
O12463,2025-05-13,C1019,P1041,M100,4,404.46,0.0,235.75
O12464,2024-10-06,C1353,P1022,M107,4,841.59,0.2,445.65
O12465,2024-05-05,C1242,P1100,M105,3,798.44,0.1,413.24
O12466,2024-05-10,C1032,P1057,M107,5,87.73,0.0,47.2
O12466,2024-05-10,C1032,P1017,M107,5,40.33,0.05,30.34
O12467,2025-10-05,C1052,P1002,M106,4,92.77,0.2,67.65
O12468,2025-07-14,C1201,P1021,M107,1,220.08,0.05,137.73
O12468,2025-07-14,C1201,P1076,M107,4,520.85,0.15,326.09
O12468,2025-07-14,C1201,P1070,M107,4,303.73,0.15,190.97
O12468,2025-07-14,C1201,P1099,M107,5,525.01,0.0,345.46
O12469,2024-01-19,C1427,P1118,M101,1,561.76,0.0,307.73
O12469,2024-01-19,C1427,P1095,M101,2,856.17,0.0,539.47
O12469,2024-01-19,C1427,P1011,M101,3,654.61,0.1,351.87
O12469,2024-01-19,C1427,P1023,M101,5,202.74,0.15,124.47
O12470,2024-02-13,C1286,P1067,M107,4,344.04,0.0,240.4
O12470,2024-02-13,C1286,P1018,M107,1,688.86,0.05,390.58
O12471,2025-01-11,C1035,P1118,M100,1,773.94,0.1,482.24
O12471,2025-01-11,C1035,P1084,M100,1,317.19,0.2,233.55
O12471,2025-01-11,C1035,P1095,M100,5,350.87,0.2,269.13
O12471,2025-01-11,C1035,P1072,M100,3,14.55,0.0,10.35
O12472,2024-02-15,C1413,P1112,M105,1,129.06,0.15,77.05
O12472,2024-02-15,C1413,P1008,M105,5,458.16,0.1,342.28
O12473,2025-10-16,C1384,P1119,M105,2,194.27,0.05,137.27
O12474,2025-02-05,C1286,P1034,M103,3,364.84,0.1,244.5
O12475,2024-11-19,C1351,P1011,M103,4,640.13,0.1,425.24
O12476,2025-07-25,C1047,P1078,M100,2,634.11,0.05,418.4
O12476,2025-07-25,C1047,P1018,M100,5,130.79,0.1,70.97
O12476,2025-07-25,C1047,P1019,M100,2,360.14,0.2,197.07
O12477,2024-05-18,C1420,P1002,M105,3,504.47,0.0,328.69
O12477,2024-05-18,C1420,P1003,M105,4,18.94,0.2,11.2
O12477,2024-05-18,C1420,P1051,M105,4,949.6,0.15,555.16
O12478,2024-11-14,C1447,P1062,M106,1,226.2,0.05,141.06
O12479,2025-09-26,C1179,P1097,M106,4,518.26,0.0,358.84
O12479,2025-09-26,C1179,P1027,M106,4,469.85,0.15,272.39
O12479,2025-09-26,C1179,P1008,M106,3,439.07,0.05,285.16
O12480,2024-09-04,C1342,P1027,M102,2,177.07,0.1,102.05
O12480,2024-09-04,C1342,P1017,M102,3,401.79,0.1,212.47
O12480,2024-09-04,C1342,P1054,M102,5,724.47,0.15,521.17
O12481,2025-04-21,C1335,P1049,M107,1,224.67,0.1,158.84
O12481,2025-04-21,C1335,P1076,M107,5,684.71,0.15,505.8
O12482,2025-01-07,C1165,P1093,M101,4,713.55,0.1,473.62
O12482,2025-01-07,C1165,P1101,M101,4,365.88,0.2,183.46
O12483,2025-10-04,C1397,P1030,M100,2,21.86,0.1,11.53
O12483,2025-10-04,C1397,P1071,M100,4,924.75,0.2,710.53
O12483,2025-10-04,C1397,P1061,M100,4,57.88,0.0,31.27
O12484,2025-04-28,C1120,P1073,M105,5,929.5,0.05,617.97
O12484,2025-04-28,C1120,P1048,M105,4,842.34,0.15,657.98
O12484,2025-04-28,C1120,P1069,M105,2,268.07,0.05,139.41
O12484,2025-04-28,C1120,P1016,M105,4,128.2,0.05,86.19
O12485,2024-05-22,C1024,P1029,M104,1,58.34,0.2,33.51
O12485,2024-05-22,C1024,P1072,M104,4,455.37,0.2,286.28
O12485,2024-05-22,C1024,P1105,M104,2,852.96,0.15,437.13
O12486,2024-11-17,C1026,P1054,M101,5,346.88,0.0,271.72
O12487,2025-05-05,C1067,P1028,M102,5,322.92,0.15,168.24
O12487,2025-05-05,C1067,P1050,M102,2,793.01,0.15,521.17
O12487,2025-05-05,C1067,P1019,M102,5,898.97,0.15,464.03
O12488,2025-11-28,C1254,P1017,M106,2,405.84,0.2,297.7
O12488,2025-11-28,C1254,P1044,M106,5,997.52,0.1,774.74
O12488,2025-11-28,C1254,P1082,M106,5,741.65,0.15,503.78
O12488,2025-11-28,C1254,P1042,M106,4,523.98,0.2,289.98
O12489,2025-10-23,C1321,P1065,M105,2,501.2,0.0,350.86
O12490,2025-07-30,C1192,P1111,M102,3,75.58,0.05,45.54
O12490,2025-07-30,C1192,P1055,M102,1,166.13,0.05,94.63
O12490,2025-07-30,C1192,P1065,M102,1,926.42,0.05,561.21
O12491,2024-06-18,C1216,P1118,M104,1,350.19,0.15,183.62
O12491,2024-06-18,C1216,P1079,M104,2,371.69,0.2,290.06
O12491,2024-06-18,C1216,P1051,M104,2,150.87,0.1,108.51
O12491,2024-06-18,C1216,P1042,M104,2,581.51,0.2,324.5
O12492,2025-11-08,C1424,P1038,M107,2,732.22,0.15,494.86
O12493,2024-01-12,C1254,P1035,M103,1,139.81,0.05,80.28
O12493,2024-01-12,C1254,P1103,M103,4,141.22,0.2,88.49
O12494,2025-06-22,C1256,P1060,M107,4,922.75,0.15,522.38
O12494,2025-06-22,C1256,P1063,M107,5,569.68,0.2,358.76
O12495,2024-12-28,C1478,P1109,M107,2,147.43,0.15,81.44
O12495,2024-12-28,C1478,P1022,M107,2,194.76,0.0,141.53
O12495,2024-12-28,C1478,P1000,M107,2,805.84,0.2,635.32
O12495,2024-12-28,C1478,P1011,M107,4,724.07,0.0,534.34
O12496,2025-06-15,C1426,P1110,M105,4,947.76,0.0,617.18
O12497,2025-10-01,C1364,P1047,M100,4,363.32,0.1,280.3
O12497,2025-10-01,C1364,P1054,M100,3,488.4,0.05,368.34
O12497,2025-10-01,C1364,P1050,M100,1,967.99,0.2,545.36
O12497,2025-10-01,C1364,P1051,M100,5,305.52,0.2,175.85
O12498,2025-10-29,C1416,P1050,M106,5,144.45,0.15,78.69
O12498,2025-10-29,C1416,P1068,M106,1,120.35,0.15,77.26
O12499,2024-09-09,C1011,P1076,M100,3,747.59,0.1,440.23
O12500,2024-05-02,C1312,P1058,M103,1,746.06,0.1,487.42
O12500,2024-05-02,C1312,P1069,M103,2,902.84,0.05,603.3
O12500,2024-05-02,C1312,P1068,M103,1,81.98,0.0,44.46
O12501,2025-09-07,C1277,P1113,M107,2,545.19,0.0,377.13
O12501,2025-09-07,C1277,P1103,M107,3,179.19,0.1,96.22
O12501,2025-09-07,C1277,P1077,M107,4,949.06,0.1,645.63
O12502,2025-08-22,C1324,P1103,M105,4,263.86,0.0,138.22
O12503,2024-05-20,C1293,P1044,M107,3,921.48,0.1,637.58
O12503,2024-05-20,C1293,P1073,M107,2,337.71,0.15,197.19
O12503,2024-05-20,C1293,P1040,M107,4,690.93,0.15,484.05
O12504,2024-10-08,C1385,P1019,M106,2,876.96,0.15,478.79
O12504,2024-10-08,C1385,P1054,M106,3,650.59,0.0,419.22
O12504,2024-10-08,C1385,P1036,M106,1,741.46,0.2,577.35
O12505,2025-04-12,C1421,P1011,M107,3,561.71,0.05,283.27
O12505,2025-04-12,C1421,P1073,M107,1,624.68,0.05,339.59
O12505,2025-04-12,C1421,P1012,M107,3,547.32,0.15,304.97
O12506,2024-03-14,C1212,P1028,M101,3,825.12,0.1,438.96
O12507,2024-08-25,C1107,P1001,M107,1,402.32,0.05,216.64
O12507,2024-08-25,C1107,P1113,M107,5,515.11,0.15,380.68
O12507,2024-08-25,C1107,P1060,M107,3,418.31,0.05,273.92
O12508,2025-04-26,C1242,P1058,M102,2,516.64,0.1,326.5
O12508,2025-04-26,C1242,P1097,M102,4,782.33,0.1,543.48
O12509,2025-04-02,C1498,P1108,M104,1,364.86,0.15,190.23
O12509,2025-04-02,C1498,P1030,M104,4,371.14,0.1,202.78
O12510,2024-12-09,C1269,P1061,M102,5,293.75,0.2,147.02
O12510,2024-12-09,C1269,P1079,M102,1,996.84,0.0,665.32
O12510,2024-12-09,C1269,P1069,M102,5,234.42,0.15,176.85
O12511,2025-04-01,C1154,P1016,M100,5,571.13,0.0,332.44
O12511,2025-04-01,C1154,P1076,M100,3,30.65,0.1,24.46
O12512,2024-02-17,C1061,P1085,M105,2,488.63,0.1,267.05
O12513,2025-01-26,C1461,P1104,M100,1,888.61,0.05,648.72
O12513,2025-01-26,C1461,P1010,M100,2,399.31,0.15,238.78
O12513,2025-01-26,C1461,P1014,M100,5,922.38,0.05,640.16
O12513,2025-01-26,C1461,P1008,M100,3,87.01,0.0,68.74
O12514,2025-08-30,C1223,P1035,M103,5,492.72,0.05,386.55
O12514,2025-08-30,C1223,P1099,M103,4,271.64,0.05,204.05
O12514,2025-08-30,C1223,P1096,M103,2,657.64,0.15,408.06
O12515,2025-09-05,C1110,P1053,M105,3,750.21,0.05,412.77
O12516,2025-08-09,C1325,P1087,M102,2,163.11,0.0,107.57
O12517,2024-05-17,C1041,P1028,M100,5,899.75,0.05,512.17
O12517,2024-05-17,C1041,P1045,M100,4,622.46,0.15,370.87
O12517,2024-05-17,C1041,P1033,M100,3,661.1,0.2,398.36
O12517,2024-05-17,C1041,P1094,M100,2,175.86,0.1,124.98
O12518,2025-01-25,C1486,P1033,M101,4,708.86,0.0,458.61
O12518,2025-01-25,C1486,P1115,M101,3,421.49,0.0,216.91
O12519,2024-02-07,C1474,P1003,M104,5,194.81,0.1,146.49
O12519,2024-02-07,C1474,P1025,M104,3,325.1,0.2,182.13
O12519,2024-02-07,C1474,P1066,M104,2,501.82,0.1,260.6
O12519,2024-02-07,C1474,P1018,M104,3,677.5,0.2,504.93
O12520,2024-08-25,C1424,P1017,M107,1,654.83,0.0,509.3
O12521,2025-05-16,C1412,P1119,M107,5,974.88,0.1,737.55
O12521,2025-05-16,C1412,P1042,M107,2,817.99,0.0,563.66
O12522,2024-12-18,C1104,P1007,M105,5,65.66,0.1,32.9
O12522,2024-12-18,C1104,P1054,M105,4,233.7,0.0,139.88
O12522,2024-12-18,C1104,P1083,M105,2,252.91,0.05,167.49
O12523,2025-01-23,C1173,P1092,M107,4,51.51,0.0,29.89
O12523,2025-01-23,C1173,P1007,M107,5,74.59,0.0,45.8
O12523,2025-01-23,C1173,P1003,M107,4,79.58,0.1,50.68
O12524,2024-07-23,C1076,P1014,M100,3,878.69,0.2,537.81
O12524,2024-07-23,C1076,P1049,M100,2,317.14,0.0,200.91
O12524,2024-07-23,C1076,P1067,M100,2,590.02,0.1,459.37
O12524,2024-07-23,C1076,P1041,M100,5,910.05,0.1,575.28
O12525,2025-08-06,C1187,P1103,M104,4,173.2,0.0,119.95
O12526,2024-03-27,C1079,P1010,M106,5,821.84,0.0,517.17
O12527,2025-02-14,C1416,P1002,M100,4,388.58,0.05,310.74
O12527,2025-02-14,C1416,P1036,M100,3,818.73,0.15,422.42
O12527,2025-02-14,C1416,P1005,M100,4,734.97,0.15,546.08
O12528,2025-05-05,C1233,P1063,M106,1,212.91,0.05,150.73
O12528,2025-05-05,C1233,P1076,M106,2,496.4,0.1,380.77
O12528,2025-05-05,C1233,P1012,M106,1,503.92,0.2,390.12
O12528,2025-05-05,C1233,P1064,M106,3,513.33,0.05,366.41
O12529,2025-12-21,C1485,P1107,M100,5,478.44,0.15,321.25
O12529,2025-12-21,C1485,P1063,M100,1,648.25,0.15,416.7
O12529,2025-12-21,C1485,P1039,M100,1,908.49,0.05,628.95
O12529,2025-12-21,C1485,P1060,M100,5,859.83,0.15,489.78
O12530,2024-11-08,C1224,P1091,M107,3,117.92,0.15,81.6
O12530,2024-11-08,C1224,P1109,M107,4,996.19,0.0,735.65
O12530,2024-11-08,C1224,P1005,M107,2,870.99,0.0,683.69
O12530,2024-11-08,C1224,P1037,M107,4,894.59,0.2,568.15
O12531,2024-06-12,C1015,P1017,M105,4,967.84,0.15,600.24
O12531,2024-06-12,C1015,P1058,M105,2,378.09,0.0,212.77
O12531,2024-06-12,C1015,P1110,M105,2,515.67,0.0,289.02
O12532,2024-03-06,C1141,P1023,M101,2,987.49,0.2,603.04
O12532,2024-03-06,C1141,P1067,M101,4,914.78,0.1,676.04
O12532,2024-03-06,C1141,P1063,M101,2,332.62,0.1,198.02
O12533,2025-05-20,C1335,P1012,M100,5,273.65,0.1,217.22
O12534,2025-12-30,C1142,P1021,M101,2,658.57,0.1,509.94
O12534,2025-12-30,C1142,P1063,M101,1,646.87,0.0,440.93
O12534,2025-12-30,C1142,P1107,M101,2,922.53,0.2,563.57
O12535,2025-02-21,C1223,P1107,M103,2,96.7,0.0,77.35
O12535,2025-02-21,C1223,P1043,M103,5,555.95,0.15,394.29
O12536,2025-08-25,C1067,P1048,M103,3,74.23,0.15,50.51
O12537,2024-08-30,C1066,P1085,M105,1,104.62,0.05,63.23
O12537,2024-08-30,C1066,P1049,M105,2,861.34,0.1,502.04
O12537,2024-08-30,C1066,P1019,M105,4,767.23,0.0,497.65
O12538,2024-09-28,C1279,P1101,M103,5,628.76,0.2,318.26
O12538,2024-09-28,C1279,P1041,M103,3,43.71,0.2,24.54
O12538,2024-09-28,C1279,P1037,M103,5,238.31,0.0,133.79
O12539,2024-01-30,C1155,P1034,M100,2,761.68,0.15,460.7
O12539,2024-01-30,C1155,P1034,M100,3,553.54,0.0,437.02
O12539,2024-01-30,C1155,P1045,M100,5,417.38,0.15,276.2
O12539,2024-01-30,C1155,P1109,M100,1,957.98,0.2,752.23
O12540,2025-01-21,C1397,P1045,M105,2,980.3,0.2,561.46
O12541,2024-08-08,C1080,P1103,M105,5,568.14,0.2,424.67
O12541,2024-08-08,C1080,P1054,M105,1,450.59,0.2,315.88
O12541,2024-08-08,C1080,P1027,M105,4,953.92,0.1,612.35
O12541,2024-08-08,C1080,P1015,M105,5,327.58,0.1,208.87
O12542,2025-10-30,C1186,P1031,M106,3,518.9,0.0,295.48
O12542,2025-10-30,C1186,P1019,M106,5,414.38,0.0,272.84
O12543,2025-08-04,C1107,P1091,M107,4,892.06,0.15,692.16
O12543,2025-08-04,C1107,P1009,M107,4,624.08,0.2,420.48
O12543,2025-08-04,C1107,P1037,M107,5,239.36,0.1,149.69
O12543,2025-08-04,C1107,P1001,M107,5,275.89,0.05,195.44
O12544,2025-11-17,C1409,P1054,M105,2,240.58,0.15,151.12
O12545,2024-03-16,C1325,P1090,M107,5,647.53,0.15,493.33
O12545,2024-03-16,C1325,P1048,M107,4,562.27,0.2,381.98
O12545,2024-03-16,C1325,P1116,M107,4,754.05,0.1,439.57
O12545,2024-03-16,C1325,P1034,M107,3,510.91,0.2,315.95
O12546,2025-11-04,C1411,P1098,M103,5,378.21,0.15,227.5
O12547,2025-04-29,C1436,P1044,M100,5,838.64,0.1,663.9
O12548,2025-04-14,C1090,P1050,M102,2,740.1,0.05,494.43
O12548,2025-04-14,C1090,P1114,M102,1,860.29,0.1,551.82
O12548,2025-04-14,C1090,P1058,M102,5,714.5,0.2,563.84
O12548,2025-04-14,C1090,P1032,M102,1,447.1,0.2,235.05
O12549,2024-04-13,C1454,P1013,M101,5,449.73,0.2,290.78
O12549,2024-04-13,C1454,P1085,M101,3,933.83,0.1,686.37
O12549,2024-04-13,C1454,P1078,M101,2,203.89,0.2,133.07
O12550,2025-02-25,C1269,P1014,M104,5,188.93,0.1,111.91
O12550,2025-02-25,C1269,P1069,M104,5,333.49,0.15,178.37
O12551,2024-01-29,C1159,P1041,M104,1,204.57,0.1,157.26
O12551,2024-01-29,C1159,P1003,M104,4,385.45,0.0,280.49
O12551,2024-01-29,C1159,P1049,M104,3,136.34,0.0,100.71
O12552,2024-05-10,C1160,P1016,M100,4,950.57,0.1,554.48
O12552,2024-05-10,C1160,P1111,M100,3,231.6,0.1,179.5
O12552,2024-05-10,C1160,P1110,M100,4,889.57,0.0,601.38
O12553,2024-11-22,C1013,P1041,M106,4,698.79,0.1,366.2
O12553,2024-11-22,C1013,P1063,M106,5,508.42,0.15,326.26
O12554,2025-05-18,C1350,P1115,M105,3,69.33,0.15,53.68
O12554,2025-05-18,C1350,P1026,M105,2,803.62,0.2,459.47
O12555,2025-11-28,C1240,P1000,M107,2,860.76,0.05,453.51
O12555,2025-11-28,C1240,P1099,M107,3,205.05,0.2,105.66
O12555,2025-11-28,C1240,P1004,M107,5,676.16,0.1,454.79
O12555,2025-11-28,C1240,P1039,M107,3,461.31,0.1,307.23
O12556,2024-04-27,C1272,P1024,M104,5,246.33,0.05,179.55
O12557,2025-02-05,C1061,P1055,M102,3,241.76,0.0,168.05
O12557,2025-02-05,C1061,P1062,M102,3,457.9,0.2,329.74
O12557,2025-02-05,C1061,P1095,M102,5,173.13,0.1,102.65
O12557,2025-02-05,C1061,P1007,M102,1,722.74,0.05,467.47
O12558,2024-08-18,C1026,P1105,M107,4,332.87,0.2,243.29
O12558,2024-08-18,C1026,P1035,M107,3,998.04,0.0,522.82
O12558,2024-08-18,C1026,P1005,M107,4,598.82,0.0,444.68
O12558,2024-08-18,C1026,P1080,M107,5,154.25,0.1,80.31
O12559,2024-12-23,C1196,P1048,M103,4,737.83,0.15,410.79
O12559,2024-12-23,C1196,P1103,M103,3,764.41,0.2,397.73
O12560,2025-07-05,C1062,P1098,M107,4,807.46,0.0,497.1
O12560,2025-07-05,C1062,P1038,M107,5,768.49,0.1,574.99
O12561,2025-02-03,C1214,P1033,M102,2,626.78,0.1,456.3
O12561,2025-02-03,C1214,P1092,M102,5,380.32,0.05,256.5
O12561,2025-02-03,C1214,P1051,M102,5,301.31,0.2,174.53
O12562,2024-03-16,C1303,P1035,M105,3,688.54,0.1,416.37
O12562,2024-03-16,C1303,P1002,M105,3,901.14,0.15,677.69
O12562,2024-03-16,C1303,P1025,M105,3,72.05,0.1,51.91
O12563,2025-05-17,C1211,P1035,M100,5,813.28,0.2,550.67
O12563,2025-05-17,C1211,P1045,M100,2,596.66,0.0,369.79
O12563,2025-05-17,C1211,P1089,M100,2,192.63,0.05,151.07
O12563,2025-05-17,C1211,P1099,M100,5,84.66,0.0,47.75
O12564,2024-03-26,C1078,P1109,M104,3,727.45,0.0,402.59
O12564,2024-03-26,C1078,P1055,M104,2,795.76,0.0,542.46
O12565,2025-08-27,C1175,P1020,M102,1,100.06,0.1,63.7
O12565,2025-08-27,C1175,P1060,M102,4,794.62,0.15,570.04
O12566,2024-03-11,C1465,P1008,M102,3,347.43,0.05,236.5
O12567,2024-06-03,C1044,P1082,M102,1,621.78,0.15,382.62
O12567,2024-06-03,C1044,P1103,M102,5,364.55,0.2,278.94
O12568,2024-01-30,C1378,P1045,M103,2,314.33,0.15,213.75
O12569,2024-10-18,C1019,P1015,M106,3,486.11,0.0,365.75
O12569,2024-10-18,C1019,P1016,M106,1,315.18,0.0,194.28
O12569,2024-10-18,C1019,P1113,M106,4,894.01,0.2,696.64
O12570,2024-01-08,C1296,P1101,M102,5,694.18,0.1,371.65
O12570,2024-01-08,C1296,P1034,M102,5,208.27,0.15,112.67
O12570,2024-01-08,C1296,P1068,M102,3,94.65,0.1,52.24
O12571,2024-10-06,C1085,P1077,M105,5,506.4,0.1,271.18
O12571,2024-10-06,C1085,P1046,M105,2,211.66,0.2,117.06
O12572,2025-09-24,C1357,P1070,M105,1,557.73,0.0,362.34
O12573,2025-10-21,C1481,P1057,M102,5,62.71,0.2,38.8
O12573,2025-10-21,C1481,P1054,M102,2,440.26,0.05,314.55
O12573,2025-10-21,C1481,P1086,M102,1,108.77,0.1,61.96
O12574,2024-11-21,C1299,P1118,M101,5,55.22,0.05,32.72
O12575,2025-09-16,C1319,P1078,M105,5,415.47,0.2,242.03
O12576,2024-11-05,C1355,P1088,M101,1,299.66,0.1,215.13
O12576,2024-11-05,C1355,P1075,M101,5,637.18,0.1,424.18
O12577,2025-08-27,C1027,P1098,M105,1,17.65,0.0,12.8
O12577,2025-08-27,C1027,P1005,M105,3,436.77,0.0,276.82
O12578,2025-08-25,C1116,P1084,M104,5,614.17,0.2,427.88
O12578,2025-08-25,C1116,P1026,M104,1,653.11,0.0,373.5
O12579,2024-07-04,C1224,P1103,M103,5,713.91,0.0,532.14
O12579,2024-07-04,C1224,P1054,M103,4,50.8,0.15,28.67
O12580,2025-04-30,C1493,P1041,M102,2,527.06,0.05,309.22
O12581,2024-06-20,C1496,P1019,M102,2,921.31,0.0,687.37
O12581,2024-06-20,C1496,P1080,M102,4,988.37,0.1,557.49
O12581,2024-06-20,C1496,P1085,M102,5,82.09,0.1,52.5
O12582,2024-01-27,C1069,P1086,M105,1,362.64,0.15,247.63
O12583,2024-07-10,C1246,P1097,M101,3,351.12,0.15,197.4
O12583,2024-07-10,C1246,P1015,M101,5,860.95,0.1,459.09
O12584,2025-02-05,C1224,P1022,M105,1,434.19,0.0,331.18
O12584,2025-02-05,C1224,P1019,M105,5,639.4,0.05,445.36
O12584,2025-02-05,C1224,P1029,M105,4,65.15,0.2,43.72
O12585,2024-09-15,C1201,P1036,M104,2,436.73,0.1,262.01
O12585,2024-09-15,C1201,P1041,M104,5,328.66,0.0,234.24
O12585,2024-09-15,C1201,P1084,M104,4,21.63,0.2,12.89
O12585,2024-09-15,C1201,P1083,M104,4,191.42,0.15,100.83
O12586,2025-01-31,C1215,P1012,M107,3,200.06,0.0,123.59
O12586,2025-01-31,C1215,P1080,M107,2,723.26,0.1,477.58
O12586,2025-01-31,C1215,P1075,M107,1,215.83,0.15,133.57
O12586,2025-01-31,C1215,P1023,M107,5,135.99,0.2,98.48
O12587,2024-10-24,C1149,P1082,M107,2,59.22,0.1,32.5
O12587,2024-10-24,C1149,P1097,M107,1,67.45,0.15,38.44
O12588,2024-11-12,C1000,P1091,M106,2,432.53,0.05,240.95
O12588,2024-11-12,C1000,P1051,M106,3,536.65,0.1,281.9
O12589,2024-10-03,C1160,P1032,M105,1,203.01,0.05,162.4
O12590,2025-04-09,C1083,P1029,M102,2,278.09,0.15,195.49
O12591,2024-01-17,C1400,P1028,M103,3,513.6,0.2,298.84
O12591,2024-01-17,C1400,P1118,M103,2,948.18,0.2,715.33
O12592,2025-05-03,C1085,P1082,M103,3,696.16,0.1,516.39
O12593,2024-05-01,C1151,P1040,M102,1,752.46,0.2,541.52
O12593,2024-05-01,C1151,P1109,M102,3,276.62,0.05,197.85
O12594,2025-02-07,C1349,P1015,M107,4,943.32,0.2,745.44
O12594,2025-02-07,C1349,P1074,M107,2,405.95,0.2,210.57
O12594,2025-02-07,C1349,P1053,M107,3,585.7,0.05,323.66
O12594,2025-02-07,C1349,P1088,M107,1,163.48,0.2,113.37
O12595,2024-06-28,C1289,P1118,M103,3,44.89,0.0,30.4
O12595,2024-06-28,C1289,P1033,M103,1,119.24,0.2,75.89
O12596,2024-04-28,C1200,P1037,M102,2,343.08,0.2,192.13
O12596,2024-04-28,C1200,P1004,M102,4,656.33,0.2,479.6
O12597,2025-09-05,C1312,P1039,M106,1,925.08,0.2,720.19
O12597,2025-09-05,C1312,P1105,M106,3,914.0,0.2,469.76
O12597,2025-09-05,C1312,P1117,M106,3,327.23,0.05,242.95
O12597,2025-09-05,C1312,P1097,M106,2,174.46,0.1,120.54
O12598,2025-10-20,C1157,P1025,M102,3,899.51,0.2,710.36
O12599,2025-12-23,C1085,P1009,M103,1,357.13,0.15,220.51
O12599,2025-12-23,C1085,P1015,M103,2,205.33,0.1,142.0
O12599,2025-12-23,C1085,P1045,M103,2,546.46,0.2,299.37
O12599,2025-12-23,C1085,P1091,M103,3,81.59,0.05,41.25
O12600,2024-05-24,C1032,P1094,M106,5,989.37,0.05,576.23
O12601,2024-04-15,C1260,P1033,M103,3,430.8,0.1,289.18
O12601,2024-04-15,C1260,P1060,M103,2,777.46,0.2,605.49
O12601,2024-04-15,C1260,P1019,M103,2,233.01,0.1,137.35
O12601,2024-04-15,C1260,P1014,M103,5,715.63,0.05,548.56
O12602,2025-03-25,C1148,P1101,M107,2,115.05,0.15,65.91
O12602,2025-03-25,C1148,P1088,M107,5,596.84,0.0,357.89
O12602,2025-03-25,C1148,P1050,M107,3,498.12,0.05,388.81
O12602,2025-03-25,C1148,P1034,M107,2,569.17,0.2,325.36
O12603,2025-10-09,C1025,P1011,M103,5,953.55,0.1,501.62
O12604,2025-12-27,C1416,P1015,M101,3,100.05,0.15,79.21
O12604,2025-12-27,C1416,P1013,M101,1,728.44,0.15,477.63
O12604,2025-12-27,C1416,P1053,M101,1,810.47,0.1,632.07
O12604,2025-12-27,C1416,P1101,M101,3,858.54,0.05,547.51
O12605,2025-02-13,C1040,P1073,M102,3,643.18,0.0,355.99
O12605,2025-02-13,C1040,P1065,M102,1,838.71,0.1,594.65
O12605,2025-02-13,C1040,P1105,M102,4,815.79,0.05,547.33
O12605,2025-02-13,C1040,P1017,M102,1,290.42,0.05,229.06
O12606,2024-11-17,C1072,P1113,M107,2,168.33,0.05,111.0
O12606,2024-11-17,C1072,P1109,M107,3,953.22,0.1,718.1
O12607,2025-12-23,C1349,P1029,M101,3,981.83,0.15,728.23
O12607,2025-12-23,C1349,P1084,M101,4,954.72,0.1,498.46
O12607,2025-12-23,C1349,P1005,M101,3,624.92,0.05,448.39
O12607,2025-12-23,C1349,P1074,M101,2,889.54,0.05,489.86
O12608,2025-08-07,C1454,P1060,M104,2,197.47,0.15,144.65
O12609,2024-05-18,C1290,P1073,M103,5,806.4,0.1,613.66
O12609,2024-05-18,C1290,P1088,M103,1,687.28,0.15,349.31
O12609,2024-05-18,C1290,P1096,M103,2,405.78,0.15,226.51
O12609,2024-05-18,C1290,P1111,M103,2,736.46,0.2,537.08
O12610,2025-10-22,C1199,P1067,M102,3,952.09,0.0,625.14
O12610,2025-10-22,C1199,P1109,M102,3,268.82,0.1,176.98
O12610,2025-10-22,C1199,P1051,M102,4,343.5,0.05,208.72
O12610,2025-10-22,C1199,P1044,M102,1,928.77,0.1,732.38
O12611,2025-12-26,C1007,P1087,M100,2,410.88,0.05,306.6
O12611,2025-12-26,C1007,P1014,M100,3,509.3,0.2,267.58
O12611,2025-12-26,C1007,P1052,M100,4,655.92,0.0,438.79
O12612,2025-06-11,C1045,P1018,M104,4,435.55,0.0,267.26
O12612,2025-06-11,C1045,P1058,M104,5,462.99,0.05,313.83
O12613,2024-03-09,C1290,P1080,M104,5,198.11,0.2,110.5
O12613,2024-03-09,C1290,P1013,M104,4,485.54,0.2,305.87
O12613,2024-03-09,C1290,P1051,M104,3,807.54,0.1,606.02
O12614,2024-04-15,C1282,P1096,M106,5,78.87,0.15,53.81
O12614,2024-04-15,C1282,P1000,M106,3,456.05,0.05,284.67
O12614,2024-04-15,C1282,P1057,M106,2,62.54,0.2,37.76
O12615,2025-01-12,C1173,P1091,M104,5,415.53,0.05,254.31
O12615,2025-01-12,C1173,P1092,M104,5,730.26,0.2,469.71
O12615,2025-01-12,C1173,P1059,M104,5,340.34,0.2,181.69
O12615,2025-01-12,C1173,P1006,M104,2,222.5,0.2,150.26
O12616,2024-06-11,C1339,P1023,M106,4,749.36,0.15,525.33
O12616,2024-06-11,C1339,P1085,M106,2,612.3,0.05,456.08
O12617,2024-08-24,C1369,P1014,M104,5,356.3,0.0,253.1
O12617,2024-08-24,C1369,P1096,M104,3,101.71,0.2,67.12
O12617,2024-08-24,C1369,P1084,M104,2,435.9,0.1,295.76
O12617,2024-08-24,C1369,P1022,M104,1,791.83,0.05,625.54
O12618,2024-02-29,C1242,P1103,M100,4,248.58,0.15,168.15
O12619,2024-09-02,C1211,P1050,M107,5,778.0,0.1,531.8
O12620,2024-11-01,C1026,P1047,M104,4,244.4,0.05,126.5
O12620,2024-11-01,C1026,P1025,M104,5,640.23,0.2,375.26
O12620,2024-11-01,C1026,P1051,M104,2,890.37,0.2,566.91
O12620,2024-11-01,C1026,P1086,M104,3,187.51,0.1,103.47
O12621,2024-04-22,C1128,P1019,M104,4,431.98,0.0,236.39
O12622,2024-06-08,C1220,P1021,M106,2,978.65,0.0,562.87
O12622,2024-06-08,C1220,P1054,M106,2,797.56,0.2,600.84
O12622,2024-06-08,C1220,P1054,M106,4,759.78,0.1,428.1
O12622,2024-06-08,C1220,P1050,M106,4,41.79,0.2,25.25
O12623,2025-04-09,C1332,P1107,M102,5,697.45,0.15,539.72
O12623,2025-04-09,C1332,P1052,M102,1,54.39,0.0,40.7
O12624,2025-01-05,C1030,P1022,M105,5,720.0,0.15,516.32
O12624,2025-01-05,C1030,P1057,M105,5,25.22,0.1,13.4
O12625,2024-09-27,C1160,P1009,M107,1,787.96,0.05,519.42
O12625,2024-09-27,C1160,P1043,M107,1,37.33,0.0,25.86
O12625,2024-09-27,C1160,P1011,M107,2,156.14,0.2,79.02
O12626,2025-11-05,C1490,P1033,M107,1,708.57,0.1,475.14
O12626,2025-11-05,C1490,P1117,M107,5,278.77,0.2,176.05
O12627,2025-09-22,C1004,P1109,M105,1,444.84,0.1,342.75
O12627,2025-09-22,C1004,P1097,M105,4,116.08,0.1,70.51
O12627,2025-09-22,C1004,P1031,M105,3,590.21,0.1,367.73
O12628,2025-09-13,C1083,P1072,M100,1,981.08,0.1,727.88
O12629,2025-12-11,C1278,P1072,M101,3,659.97,0.0,441.66
O12629,2025-12-11,C1278,P1030,M101,3,116.79,0.05,86.59
O12630,2025-12-02,C1431,P1035,M101,4,354.74,0.05,241.8
O12630,2025-12-02,C1431,P1067,M101,1,197.6,0.0,110.19
O12631,2025-01-02,C1275,P1006,M102,1,221.07,0.1,115.54
O12632,2025-09-25,C1293,P1017,M100,1,167.07,0.1,125.56
O12632,2025-09-25,C1293,P1048,M100,3,105.28,0.1,81.11
O12633,2024-03-16,C1036,P1012,M101,5,56.44,0.1,32.81
O12633,2024-03-16,C1036,P1113,M101,3,650.12,0.0,352.18
O12633,2024-03-16,C1036,P1042,M101,5,101.18,0.05,63.93
O12634,2025-01-01,C1311,P1090,M103,1,706.13,0.05,448.37
O12635,2024-06-08,C1380,P1029,M105,2,370.82,0.0,231.23
O12636,2024-01-16,C1050,P1008,M100,4,559.76,0.0,433.14
O12636,2024-01-16,C1050,P1075,M100,3,401.15,0.05,206.58
O12637,2024-12-27,C1307,P1029,M100,2,699.38,0.05,460.81
O12637,2024-12-27,C1307,P1023,M100,1,697.97,0.05,496.0
O12637,2024-12-27,C1307,P1055,M100,4,646.66,0.2,433.28
O12637,2024-12-27,C1307,P1103,M100,1,877.03,0.1,538.15
O12638,2024-02-13,C1465,P1023,M103,5,437.6,0.2,325.67
O12638,2024-02-13,C1465,P1081,M103,3,545.15,0.05,401.78
O12639,2025-07-02,C1335,P1039,M106,3,995.49,0.05,754.42
O12639,2025-07-02,C1335,P1084,M106,5,896.79,0.05,583.48
O12640,2024-11-24,C1454,P1096,M101,4,843.44,0.2,563.5
O12641,2024-10-16,C1266,P1015,M105,2,643.36,0.15,469.84
O12642,2024-02-06,C1424,P1076,M105,1,810.53,0.0,559.94
O12642,2024-02-06,C1424,P1069,M105,4,695.3,0.0,533.86
O12643,2025-12-28,C1026,P1066,M101,2,969.89,0.05,521.5
O12644,2024-12-25,C1411,P1027,M106,2,604.51,0.05,459.33
O12644,2024-12-25,C1411,P1031,M106,4,372.34,0.15,295.58
O12645,2025-11-18,C1273,P1024,M103,2,246.0,0.15,193.61
O12645,2025-11-18,C1273,P1066,M103,3,488.87,0.05,354.92
O12645,2025-11-18,C1273,P1032,M103,4,633.55,0.1,436.25
O12645,2025-11-18,C1273,P1112,M103,5,923.69,0.05,543.15
O12646,2024-08-18,C1480,P1063,M103,3,49.33,0.15,27.4
O12646,2024-08-18,C1480,P1067,M103,4,467.48,0.05,326.42
O12646,2024-08-18,C1480,P1031,M103,4,264.94,0.15,177.26
O12646,2024-08-18,C1480,P1103,M103,1,179.81,0.05,115.44
O12647,2024-01-01,C1210,P1079,M101,5,627.4,0.2,441.64
O12647,2024-01-01,C1210,P1091,M101,3,797.43,0.2,634.7
O12647,2024-01-01,C1210,P1109,M101,1,420.67,0.15,244.11
O12647,2024-01-01,C1210,P1117,M101,2,649.93,0.1,410.01
O12648,2024-06-23,C1181,P1114,M105,4,51.52,0.2,39.9
O12648,2024-06-23,C1181,P1056,M105,4,484.84,0.05,369.51
O12649,2024-10-19,C1032,P1100,M103,4,945.87,0.2,686.26
O12649,2024-10-19,C1032,P1007,M103,5,980.01,0.05,555.64
O12649,2024-10-19,C1032,P1062,M103,5,535.91,0.05,331.9
O12649,2024-10-19,C1032,P1045,M103,4,794.33,0.2,541.93
O12650,2024-05-14,C1179,P1036,M106,5,102.54,0.2,80.71
O12650,2024-05-14,C1179,P1018,M106,3,69.07,0.15,53.12
O12651,2024-02-13,C1050,P1085,M101,3,475.61,0.2,280.95
O12652,2025-06-30,C1207,P1054,M106,5,758.67,0.05,569.35
O12652,2025-06-30,C1207,P1078,M106,3,621.12,0.2,457.71
O12653,2025-12-08,C1413,P1054,M107,4,736.05,0.15,532.75
O12653,2025-12-08,C1413,P1022,M107,5,75.01,0.0,48.58
O12653,2025-12-08,C1413,P1093,M107,3,377.46,0.2,290.06
O12653,2025-12-08,C1413,P1081,M107,5,43.45,0.1,28.44
O12654,2024-05-09,C1162,P1030,M103,1,652.91,0.1,418.82
O12654,2024-05-09,C1162,P1034,M103,4,630.95,0.05,473.18
O12654,2024-05-09,C1162,P1089,M103,2,185.96,0.1,121.68
O12655,2024-10-19,C1004,P1012,M107,2,433.25,0.05,322.55
O12655,2024-10-19,C1004,P1118,M107,1,919.5,0.0,502.34
O12655,2024-10-19,C1004,P1093,M107,3,568.27,0.15,316.38
O12655,2024-10-19,C1004,P1049,M107,5,996.94,0.1,621.88
O12656,2024-07-17,C1142,P1058,M106,3,306.02,0.1,161.56
O12656,2024-07-17,C1142,P1026,M106,3,503.03,0.2,373.84
O12657,2025-11-16,C1254,P1011,M101,5,837.98,0.0,431.37
O12657,2025-11-16,C1254,P1117,M101,5,153.93,0.05,121.8
O12657,2025-11-16,C1254,P1047,M101,5,744.36,0.1,511.65
O12658,2025-04-06,C1243,P1095,M100,2,146.19,0.0,80.68
O12659,2025-04-14,C1057,P1075,M105,5,886.07,0.05,489.83
O12659,2025-04-14,C1057,P1059,M105,1,277.94,0.1,147.06
O12660,2024-05-11,C1480,P1043,M102,2,588.05,0.15,448.64
O12661,2025-02-26,C1174,P1051,M105,5,771.56,0.2,486.66
O12661,2025-02-26,C1174,P1117,M105,4,753.15,0.05,459.64
O12662,2024-05-22,C1261,P1119,M104,1,139.51,0.05,105.01
O12662,2024-05-22,C1261,P1102,M104,2,489.69,0.0,358.48
O12662,2024-05-22,C1261,P1104,M104,2,537.07,0.1,426.51
O12662,2024-05-22,C1261,P1032,M104,1,320.88,0.05,242.34
O12663,2024-05-14,C1170,P1052,M101,2,611.36,0.1,319.75
O12663,2024-05-14,C1170,P1097,M101,5,117.93,0.0,64.02
O12663,2024-05-14,C1170,P1019,M101,3,651.48,0.2,389.48
O12664,2024-02-12,C1212,P1058,M100,2,785.65,0.1,618.21
O12664,2024-02-12,C1212,P1084,M100,1,472.76,0.0,355.24
O12664,2024-02-12,C1212,P1118,M100,3,740.81,0.0,470.14
O12664,2024-02-12,C1212,P1116,M100,1,272.39,0.0,210.14
O12665,2024-10-21,C1347,P1068,M102,1,870.69,0.2,437.9
O12665,2024-10-21,C1347,P1032,M102,4,76.76,0.2,49.38
O12666,2024-10-05,C1090,P1024,M107,3,614.76,0.05,401.81
O12666,2024-10-05,C1090,P1117,M107,4,230.96,0.0,142.88
O12666,2024-10-05,C1090,P1082,M107,4,504.19,0.05,378.83
O12666,2024-10-05,C1090,P1045,M107,4,525.89,0.2,301.2
O12667,2024-08-07,C1158,P1087,M104,1,171.99,0.15,92.61
O12667,2024-08-07,C1158,P1104,M104,4,693.85,0.15,355.43
O12667,2024-08-07,C1158,P1035,M104,5,307.26,0.05,242.48
O12667,2024-08-07,C1158,P1022,M104,5,340.07,0.05,268.57
O12668,2024-06-16,C1460,P1005,M106,1,710.64,0.0,398.08
O12669,2024-02-29,C1341,P1108,M103,1,187.4,0.0,106.8
O12669,2024-02-29,C1341,P1032,M103,4,624.88,0.2,389.98
O12670,2024-11-06,C1190,P1025,M106,1,965.81,0.15,681.79
O12670,2024-11-06,C1190,P1014,M106,5,713.49,0.2,420.73
O12671,2025-12-05,C1468,P1118,M103,2,520.48,0.05,364.93
O12671,2025-12-05,C1468,P1099,M103,3,701.29,0.05,393.82
O12672,2024-10-16,C1106,P1049,M100,2,183.42,0.2,134.1
O12672,2024-10-16,C1106,P1021,M100,1,207.63,0.2,106.3
O12672,2024-10-16,C1106,P1119,M100,4,823.19,0.1,466.76
O12672,2024-10-16,C1106,P1088,M100,3,258.95,0.2,192.83
O12673,2025-10-13,C1432,P1037,M107,4,475.64,0.05,276.73
O12674,2025-11-18,C1229,P1000,M106,5,890.84,0.2,615.36
O12674,2025-11-18,C1229,P1037,M106,3,512.85,0.1,369.32
O12674,2025-11-18,C1229,P1037,M106,1,991.86,0.2,727.79
O12675,2024-04-29,C1466,P1004,M103,3,357.95,0.0,185.99
O12675,2024-04-29,C1466,P1034,M103,4,65.39,0.05,41.85
O12675,2024-04-29,C1466,P1064,M103,3,886.8,0.0,670.55
O12676,2024-03-02,C1074,P1022,M104,3,280.19,0.15,169.82
O12676,2024-03-02,C1074,P1110,M104,1,826.87,0.0,488.31
O12676,2024-03-02,C1074,P1083,M104,2,746.65,0.15,469.9
O12677,2025-07-21,C1019,P1058,M103,5,992.61,0.2,601.24
O12677,2025-07-21,C1019,P1046,M103,3,545.82,0.0,329.0
O12678,2025-12-17,C1342,P1088,M104,4,703.9,0.05,368.12
O12678,2025-12-17,C1342,P1004,M104,1,274.22,0.05,210.55
O12678,2025-12-17,C1342,P1115,M104,1,249.72,0.0,162.6
O12678,2025-12-17,C1342,P1022,M104,1,11.43,0.2,6.97
O12679,2024-06-14,C1210,P1119,M102,4,13.22,0.05,10.23
O12680,2025-05-18,C1257,P1085,M103,5,523.57,0.05,412.07
O12680,2025-05-18,C1257,P1042,M103,1,817.07,0.1,564.04
O12680,2025-05-18,C1257,P1055,M103,1,21.86,0.05,14.72
O12681,2024-12-26,C1038,P1029,M103,3,297.35,0.15,199.48
O12681,2024-12-26,C1038,P1098,M103,3,93.68,0.2,74.55
O12682,2024-06-02,C1158,P1020,M101,5,532.01,0.1,313.95
O12683,2025-10-10,C1444,P1042,M104,4,285.15,0.1,226.52
O12683,2025-10-10,C1444,P1116,M104,1,236.65,0.2,118.76
O12684,2024-07-05,C1376,P1081,M103,3,360.54,0.0,194.29
O12684,2024-07-05,C1376,P1001,M103,1,53.31,0.1,28.36
O12684,2024-07-05,C1376,P1112,M103,1,823.68,0.15,651.14
O12684,2024-07-05,C1376,P1035,M103,4,84.95,0.1,59.08
O12685,2024-02-15,C1327,P1075,M101,4,104.26,0.1,56.24
O12685,2024-02-15,C1327,P1024,M101,3,573.27,0.05,348.02
O12685,2024-02-15,C1327,P1086,M101,5,44.09,0.05,22.31
O12686,2024-01-10,C1105,P1017,M106,2,91.0,0.15,57.66
O12686,2024-01-10,C1105,P1064,M106,1,771.44,0.0,543.56
O12686,2024-01-10,C1105,P1109,M106,3,72.3,0.05,56.75
O12686,2024-01-10,C1105,P1066,M106,5,81.17,0.1,43.85
O12687,2025-08-22,C1396,P1084,M106,4,621.55,0.15,367.73
O12687,2025-08-22,C1396,P1097,M106,4,874.74,0.2,577.48
O12688,2024-07-11,C1055,P1019,M104,3,316.0,0.0,210.97
O12688,2024-07-11,C1055,P1014,M104,1,561.29,0.2,395.58
O12689,2025-03-08,C1053,P1076,M107,1,389.59,0.0,291.7
O12689,2025-03-08,C1053,P1059,M107,2,727.73,0.05,461.05
O12689,2025-03-08,C1053,P1099,M107,2,128.19,0.2,94.78
O12690,2024-05-15,C1146,P1103,M102,1,971.2,0.15,770.97
O12690,2024-05-15,C1146,P1088,M102,2,47.82,0.2,26.9
O12691,2025-04-06,C1375,P1083,M104,4,445.68,0.2,341.6
O12691,2025-04-06,C1375,P1075,M104,5,382.91,0.0,235.19
O12692,2024-10-05,C1498,P1016,M105,3,416.84,0.05,284.25
O12692,2024-10-05,C1498,P1071,M105,3,750.62,0.15,477.51
O12693,2024-01-04,C1324,P1074,M103,3,586.63,0.05,412.89
O12693,2024-01-04,C1324,P1074,M103,5,51.25,0.1,31.41
O12693,2024-01-04,C1324,P1032,M103,2,180.05,0.2,92.71
O12693,2024-01-04,C1324,P1046,M103,3,564.55,0.05,432.56
O12694,2025-04-28,C1181,P1028,M102,4,74.61,0.0,48.55
O12694,2025-04-28,C1181,P1014,M102,4,578.76,0.0,404.49
O12694,2025-04-28,C1181,P1085,M102,2,341.4,0.2,245.23
O12695,2025-04-08,C1063,P1064,M107,5,814.98,0.05,530.53
O12695,2025-04-08,C1063,P1070,M107,3,222.8,0.15,159.99
O12695,2025-04-08,C1063,P1057,M107,5,199.73,0.1,156.9
O12695,2025-04-08,C1063,P1039,M107,2,189.25,0.0,128.93
O12696,2024-01-27,C1481,P1067,M106,4,790.81,0.0,533.71
O12697,2025-02-24,C1198,P1025,M102,4,252.34,0.05,145.96
O12697,2025-02-24,C1198,P1046,M102,1,351.17,0.05,246.27
O12697,2025-02-24,C1198,P1086,M102,5,555.85,0.0,375.72
O12698,2025-05-27,C1360,P1094,M105,5,533.2,0.2,416.51
O12698,2025-05-27,C1360,P1119,M105,2,791.7,0.2,552.06
O12698,2025-05-27,C1360,P1095,M105,1,297.79,0.1,188.67
O12699,2025-04-15,C1343,P1111,M100,5,337.26,0.2,196.93
O12699,2025-04-15,C1343,P1037,M100,4,341.12,0.1,235.1
O12700,2025-07-06,C1097,P1032,M100,4,848.34,0.1,565.95
O12701,2024-01-30,C1251,P1002,M107,2,126.17,0.0,86.0
O12702,2024-01-19,C1006,P1057,M104,4,325.61,0.05,169.85
O12703,2024-10-31,C1334,P1076,M105,4,64.21,0.15,35.02
O12703,2024-10-31,C1334,P1069,M105,4,640.98,0.05,465.81
O12703,2024-10-31,C1334,P1045,M105,1,477.26,0.15,375.05
O12704,2025-04-01,C1112,P1111,M100,3,939.5,0.2,706.89
O12704,2025-04-01,C1112,P1091,M100,4,744.28,0.15,471.68
O12705,2025-07-26,C1122,P1093,M101,5,285.86,0.2,151.87
O12706,2024-04-11,C1386,P1003,M106,1,75.64,0.05,43.22
O12707,2024-08-07,C1329,P1069,M107,5,854.64,0.2,479.29
O12707,2024-08-07,C1329,P1025,M107,3,375.28,0.2,223.68
O12707,2024-08-07,C1329,P1072,M107,3,752.25,0.1,593.12
O12708,2025-08-12,C1381,P1046,M106,2,348.36,0.15,253.04
O12708,2025-08-12,C1381,P1033,M106,1,19.26,0.0,14.66
O12709,2025-05-10,C1178,P1093,M101,3,623.66,0.1,321.31
O12710,2025-07-17,C1302,P1015,M105,2,891.15,0.2,709.91
O12710,2025-07-17,C1302,P1036,M105,4,461.72,0.1,299.68
O12711,2024-10-08,C1431,P1021,M104,1,139.3,0.0,70.77
O12711,2024-10-08,C1431,P1032,M104,4,605.77,0.15,427.64
O12712,2025-11-26,C1169,P1110,M102,1,896.5,0.05,580.38
O12712,2025-11-26,C1169,P1078,M102,3,19.6,0.05,13.07
O12712,2025-11-26,C1169,P1018,M102,2,353.52,0.2,274.07
O12712,2025-11-26,C1169,P1007,M102,1,755.53,0.0,426.45
O12713,2024-06-14,C1264,P1050,M107,3,508.92,0.05,321.33
O12713,2024-06-14,C1264,P1104,M107,5,935.48,0.2,606.05
O12713,2024-06-14,C1264,P1099,M107,3,885.32,0.05,551.35
O12713,2024-06-14,C1264,P1041,M107,2,281.09,0.15,180.95
O12714,2025-12-06,C1462,P1063,M104,4,45.34,0.1,31.46
O12714,2025-12-06,C1462,P1078,M104,3,469.83,0.05,241.39
O12715,2025-02-22,C1120,P1003,M101,2,878.71,0.05,627.55
O12715,2025-02-22,C1120,P1098,M101,4,604.61,0.1,398.38
O12715,2025-02-22,C1120,P1117,M101,5,227.49,0.05,115.15
O12716,2025-09-09,C1448,P1036,M100,5,671.46,0.2,442.2
O12717,2024-10-14,C1497,P1054,M107,3,949.37,0.15,739.56
O12717,2024-10-14,C1497,P1053,M107,4,728.61,0.05,567.24
O12717,2024-10-14,C1497,P1112,M107,1,683.44,0.2,537.94
O12718,2024-08-24,C1028,P1021,M104,1,721.79,0.1,518.71
O12718,2024-08-24,C1028,P1024,M104,1,166.2,0.05,84.36
O12718,2024-08-24,C1028,P1081,M104,1,755.24,0.1,388.52
O12718,2024-08-24,C1028,P1096,M104,2,138.43,0.05,110.32
O12719,2025-10-14,C1427,P1059,M100,3,473.99,0.05,350.3
O12719,2025-10-14,C1427,P1011,M100,4,496.32,0.2,326.49
O12720,2024-04-13,C1374,P1054,M101,3,131.82,0.0,88.5
O12721,2025-01-12,C1139,P1050,M103,1,497.53,0.0,282.68
O12721,2025-01-12,C1139,P1057,M103,1,296.14,0.15,150.22
O12721,2025-01-12,C1139,P1037,M103,4,216.03,0.05,159.7
O12722,2024-08-15,C1062,P1031,M107,1,752.01,0.2,439.77
O12722,2024-08-15,C1062,P1027,M107,5,530.78,0.1,321.04
O12722,2024-08-15,C1062,P1084,M107,1,920.58,0.1,636.59
O12722,2024-08-15,C1062,P1114,M107,4,583.23,0.15,408.42
O12723,2024-09-02,C1250,P1051,M101,2,650.56,0.0,388.04
O12723,2024-09-02,C1250,P1064,M101,2,323.26,0.1,223.72
O12724,2025-06-26,C1461,P1085,M103,4,299.42,0.05,237.33
O12724,2025-06-26,C1461,P1010,M103,5,196.71,0.15,143.69
O12725,2024-11-08,C1163,P1025,M103,2,332.97,0.2,211.72
O12726,2025-09-07,C1364,P1049,M103,3,430.91,0.0,319.46
O12726,2025-09-07,C1364,P1075,M103,2,638.91,0.05,460.31
O12727,2024-02-24,C1041,P1067,M107,5,800.17,0.1,560.92
O12727,2024-02-24,C1041,P1061,M107,5,416.34,0.05,238.44
O12727,2024-02-24,C1041,P1070,M107,2,73.37,0.15,38.58
O12727,2024-02-24,C1041,P1097,M107,2,574.78,0.05,343.19
O12728,2024-02-08,C1037,P1104,M107,5,627.18,0.0,488.19
O12729,2025-12-14,C1333,P1086,M101,4,947.77,0.15,644.06
O12729,2025-12-14,C1333,P1112,M101,1,385.91,0.2,223.34
O12730,2024-02-01,C1370,P1113,M102,4,709.42,0.0,371.9
O12730,2024-02-01,C1370,P1080,M102,5,903.49,0.2,536.01
O12730,2024-02-01,C1370,P1080,M102,2,219.36,0.0,152.35
O12731,2024-05-10,C1000,P1022,M100,5,890.44,0.15,505.07
O12731,2024-05-10,C1000,P1028,M100,5,513.67,0.2,358.82
O12732,2024-11-15,C1008,P1085,M101,5,286.49,0.2,167.53
O12732,2024-11-15,C1008,P1044,M101,1,703.06,0.2,460.88
O12732,2024-11-15,C1008,P1016,M101,2,413.96,0.05,236.42
O12732,2024-11-15,C1008,P1031,M101,1,829.74,0.15,650.37
O12733,2025-06-04,C1163,P1090,M107,2,818.63,0.15,576.3
O12733,2025-06-04,C1163,P1059,M107,4,667.72,0.15,446.52
O12734,2024-02-09,C1438,P1073,M101,3,900.74,0.0,483.73
O12734,2024-02-09,C1438,P1041,M101,3,167.47,0.2,92.91
O12735,2025-02-16,C1220,P1103,M100,3,463.32,0.15,345.69
O12736,2025-11-11,C1263,P1055,M103,2,708.77,0.05,431.13
O12736,2025-11-11,C1263,P1080,M103,1,194.26,0.1,107.41
O12737,2024-09-02,C1100,P1109,M103,5,112.48,0.05,58.59
O12737,2024-09-02,C1100,P1083,M103,3,151.93,0.05,97.57
O12737,2024-09-02,C1100,P1057,M103,5,100.16,0.15,51.5
O12737,2024-09-02,C1100,P1118,M103,5,39.93,0.2,20.97
O12738,2024-08-28,C1006,P1008,M105,4,939.82,0.2,595.75
O12738,2024-08-28,C1006,P1089,M105,1,942.74,0.2,660.84
O12739,2025-06-22,C1008,P1020,M103,3,810.45,0.1,552.77
O12740,2025-02-16,C1496,P1068,M101,5,296.37,0.1,178.79
O12740,2025-02-16,C1496,P1052,M101,1,682.14,0.15,479.11
O12740,2025-02-16,C1496,P1117,M101,1,91.09,0.1,50.34
O12740,2025-02-16,C1496,P1041,M101,3,760.25,0.15,430.43
O12741,2024-02-16,C1281,P1046,M102,1,669.83,0.0,483.32
O12741,2024-02-16,C1281,P1085,M102,3,759.28,0.15,446.89
O12742,2025-07-04,C1371,P1106,M104,2,388.32,0.1,292.06
O12742,2025-07-04,C1371,P1012,M104,4,594.59,0.0,473.13
O12742,2025-07-04,C1371,P1100,M104,4,938.64,0.15,664.83
O12742,2025-07-04,C1371,P1057,M104,5,700.93,0.2,432.58
O12743,2024-03-13,C1133,P1003,M107,4,169.47,0.05,106.13
O12744,2024-11-11,C1468,P1038,M100,5,362.48,0.1,257.06
O12744,2024-11-11,C1468,P1052,M100,2,263.29,0.1,157.67
O12744,2024-11-11,C1468,P1057,M100,2,588.65,0.2,395.4
O12745,2025-03-10,C1495,P1055,M102,3,656.94,0.2,515.94
O12746,2025-04-20,C1208,P1052,M100,2,800.01,0.0,440.95
O12746,2025-04-20,C1208,P1103,M100,2,710.13,0.05,431.85
O12746,2025-04-20,C1208,P1073,M100,4,432.44,0.2,237.78
O12747,2024-04-10,C1218,P1056,M102,2,419.93,0.05,311.03
O12747,2024-04-10,C1218,P1003,M102,1,607.13,0.15,439.92
O12748,2025-11-05,C1187,P1117,M106,4,928.36,0.2,534.14
O12748,2025-11-05,C1187,P1114,M106,3,944.71,0.15,553.44
O12749,2025-09-13,C1498,P1057,M105,1,49.53,0.2,29.95
O12749,2025-09-13,C1498,P1051,M105,2,859.32,0.05,436.44
O12750,2025-12-24,C1336,P1101,M103,1,447.71,0.0,338.57
O12750,2025-12-24,C1336,P1088,M103,3,225.36,0.15,153.19
O12751,2024-04-24,C1226,P1083,M107,2,380.57,0.1,301.31
O12752,2025-07-02,C1334,P1093,M106,5,373.64,0.1,298.15
O12752,2025-07-02,C1334,P1029,M106,4,699.23,0.05,434.64
O12752,2025-07-02,C1334,P1098,M106,3,180.93,0.2,92.39
O12753,2024-06-03,C1062,P1023,M103,2,897.52,0.1,640.76
O12753,2024-06-03,C1062,P1073,M103,5,910.43,0.15,588.11
O12754,2025-05-22,C1122,P1067,M104,5,762.36,0.15,520.16
O12755,2024-01-01,C1355,P1055,M101,3,646.31,0.0,383.34
O12755,2024-01-01,C1355,P1115,M101,5,530.25,0.2,296.08
O12756,2025-11-27,C1257,P1062,M103,1,430.87,0.15,226.98
O12756,2025-11-27,C1257,P1106,M103,4,318.05,0.2,177.89
O12756,2025-11-27,C1257,P1030,M103,5,98.61,0.15,58.73
O12757,2024-12-24,C1020,P1007,M106,4,221.84,0.1,125.84
O12758,2024-01-07,C1002,P1059,M104,1,465.5,0.1,249.98
O12758,2024-01-07,C1002,P1021,M104,3,457.74,0.2,349.74
O12758,2024-01-07,C1002,P1091,M104,4,83.26,0.0,44.69
O12758,2024-01-07,C1002,P1017,M104,1,282.83,0.1,153.68
O12759,2025-11-13,C1372,P1090,M107,2,653.84,0.2,515.6
O12759,2025-11-13,C1372,P1047,M107,4,172.71,0.2,102.37
O12759,2025-11-13,C1372,P1094,M107,3,55.43,0.05,39.39
O12760,2025-04-27,C1458,P1051,M106,3,193.58,0.0,122.68
O12761,2024-10-27,C1020,P1030,M101,2,803.43,0.15,470.65
O12761,2024-10-27,C1020,P1012,M101,1,30.39,0.0,23.34
O12761,2024-10-27,C1020,P1082,M101,1,273.45,0.2,154.24
O12761,2024-10-27,C1020,P1038,M101,2,746.13,0.2,395.82
O12762,2024-05-01,C1124,P1064,M103,4,191.92,0.2,135.13
O12763,2025-07-24,C1013,P1002,M105,1,53.13,0.1,34.84
O12764,2025-01-23,C1298,P1002,M101,5,370.45,0.1,258.0
O12764,2025-01-23,C1298,P1011,M101,3,164.28,0.05,95.73
O12765,2024-04-07,C1281,P1081,M103,5,920.47,0.05,612.9
O12765,2024-04-07,C1281,P1084,M103,2,283.08,0.05,217.87
O12766,2025-08-25,C1043,P1024,M104,2,511.5,0.0,355.06
O12766,2025-08-25,C1043,P1069,M104,3,330.73,0.1,226.32
O12767,2025-10-26,C1419,P1033,M103,3,814.65,0.2,485.19
O12767,2025-10-26,C1419,P1012,M103,3,336.46,0.0,233.05
O12768,2024-12-27,C1472,P1114,M104,1,374.1,0.15,296.22
O12769,2025-02-15,C1270,P1087,M102,3,657.09,0.15,489.63
O12769,2025-02-15,C1270,P1117,M102,5,30.95,0.05,24.63
O12769,2025-02-15,C1270,P1046,M102,2,74.81,0.0,50.75
O12770,2025-01-25,C1035,P1097,M103,4,979.89,0.05,524.87
O12771,2025-10-16,C1460,P1006,M105,2,562.62,0.2,284.26
O12771,2025-10-16,C1460,P1000,M105,1,322.29,0.2,230.27
O12771,2025-10-16,C1460,P1072,M105,3,667.54,0.15,423.78
O12771,2025-10-16,C1460,P1060,M105,5,657.11,0.2,339.13
O12772,2024-08-05,C1386,P1044,M100,3,126.78,0.2,97.9
O12772,2024-08-05,C1386,P1039,M100,1,729.91,0.1,566.52
O12772,2024-08-05,C1386,P1061,M100,3,103.65,0.0,75.24
O12772,2024-08-05,C1386,P1025,M100,4,745.68,0.2,479.88
O12773,2025-04-20,C1178,P1008,M106,5,304.42,0.2,206.86
O12773,2025-04-20,C1178,P1064,M106,5,760.78,0.05,547.22
O12773,2025-04-20,C1178,P1026,M106,5,550.85,0.15,338.93
O12773,2025-04-20,C1178,P1103,M106,5,155.1,0.0,114.32
O12774,2024-12-02,C1260,P1079,M105,3,407.91,0.15,258.29
O12775,2024-01-24,C1050,P1057,M105,4,947.42,0.1,752.84
O12775,2024-01-24,C1050,P1029,M105,3,316.12,0.15,160.87
O12775,2024-01-24,C1050,P1015,M105,5,93.92,0.15,59.41
O12776,2024-07-30,C1084,P1004,M101,5,505.82,0.15,256.82
O12776,2024-07-30,C1084,P1074,M101,5,171.89,0.15,110.79
O12776,2024-07-30,C1084,P1019,M101,2,678.9,0.1,443.07
O12777,2025-11-26,C1125,P1106,M102,5,674.15,0.05,538.2
O12777,2025-11-26,C1125,P1008,M102,4,318.51,0.2,218.6
O12778,2024-01-15,C1181,P1070,M106,2,303.9,0.05,237.89
O12778,2024-01-15,C1181,P1073,M106,5,269.28,0.0,172.36
O12778,2024-01-15,C1181,P1048,M106,4,797.1,0.2,406.0
O12779,2024-05-09,C1306,P1110,M102,2,822.94,0.15,468.38
O12779,2024-05-09,C1306,P1105,M102,5,853.94,0.1,677.46
O12779,2024-05-09,C1306,P1032,M102,3,160.42,0.2,87.75
O12779,2024-05-09,C1306,P1114,M102,2,429.64,0.1,342.79
O12780,2025-03-22,C1330,P1027,M101,3,60.47,0.05,45.76
O12780,2025-03-22,C1330,P1096,M101,1,536.59,0.0,349.37
O12780,2025-03-22,C1330,P1078,M101,3,201.38,0.1,161.04
O12780,2025-03-22,C1330,P1100,M101,3,964.56,0.2,692.33
O12781,2024-05-17,C1121,P1044,M102,5,804.55,0.2,539.99
O12782,2025-12-07,C1210,P1017,M103,2,616.33,0.2,351.23
O12782,2025-12-07,C1210,P1061,M103,3,342.23,0.05,265.58
O12782,2025-12-07,C1210,P1102,M103,2,170.21,0.15,88.61
O12782,2025-12-07,C1210,P1114,M103,3,213.97,0.15,110.2
O12783,2025-08-20,C1472,P1077,M100,4,12.21,0.05,9.74
O12783,2025-08-20,C1472,P1085,M100,3,119.49,0.2,69.5
O12784,2024-01-05,C1222,P1029,M101,3,189.57,0.2,140.12
O12784,2024-01-05,C1222,P1035,M101,2,474.13,0.1,284.18
O12785,2025-10-09,C1044,P1081,M100,5,462.15,0.1,273.78
O12786,2024-07-25,C1329,P1093,M103,4,18.21,0.1,12.48
O12787,2024-04-29,C1451,P1078,M103,2,784.98,0.2,603.84
O12787,2024-04-29,C1451,P1115,M103,1,712.04,0.05,486.43
O12788,2025-11-02,C1231,P1030,M104,4,121.65,0.2,89.98
O12788,2025-11-02,C1231,P1019,M104,4,11.66,0.05,7.78
O12789,2024-05-30,C1022,P1048,M102,2,184.33,0.05,143.04
O12789,2024-05-30,C1022,P1078,M102,2,884.36,0.2,540.41
O12790,2025-09-21,C1205,P1043,M106,3,316.17,0.05,215.3
O12790,2025-09-21,C1205,P1006,M106,4,449.4,0.2,277.7
O12791,2024-06-07,C1218,P1014,M102,3,912.17,0.0,551.42
O12791,2024-06-07,C1218,P1023,M102,1,455.1,0.05,325.23
O12792,2024-04-28,C1268,P1085,M105,3,881.96,0.0,448.47
O12792,2024-04-28,C1268,P1100,M105,2,502.34,0.15,307.29
O12793,2025-06-18,C1164,P1051,M102,4,716.89,0.0,363.16
O12793,2025-06-18,C1164,P1050,M102,1,862.99,0.0,644.85
O12793,2025-06-18,C1164,P1093,M102,2,959.02,0.15,576.49
O12794,2025-06-26,C1379,P1108,M106,1,502.78,0.1,381.9
O12794,2025-06-26,C1379,P1092,M106,5,347.98,0.2,247.76
O12795,2025-06-23,C1463,P1083,M107,4,350.44,0.0,230.59
O12795,2025-06-23,C1463,P1045,M107,4,232.19,0.0,170.29
O12795,2025-06-23,C1463,P1021,M107,4,156.16,0.2,119.58
O12796,2024-02-17,C1373,P1105,M103,3,882.11,0.0,444.63
O12796,2024-02-17,C1373,P1065,M103,2,682.35,0.2,486.45
O12796,2024-02-17,C1373,P1094,M103,2,514.87,0.05,342.23
O12797,2025-05-15,C1494,P1048,M104,5,32.9,0.1,23.33
O12797,2025-05-15,C1494,P1088,M104,2,791.68,0.05,448.16
O12797,2025-05-15,C1494,P1086,M104,2,310.43,0.0,174.23
O12798,2024-04-17,C1064,P1065,M101,3,679.39,0.0,450.58
O12799,2024-07-13,C1449,P1000,M102,1,397.81,0.05,289.43
O12800,2025-08-16,C1023,P1008,M105,2,709.86,0.05,474.26
O12800,2025-08-16,C1023,P1062,M105,3,539.48,0.15,426.44
O12800,2025-08-16,C1023,P1108,M105,4,768.79,0.05,586.81
O12800,2025-08-16,C1023,P1066,M105,5,972.62,0.2,738.52
O12801,2024-10-18,C1325,P1044,M104,1,414.48,0.05,256.14
O12801,2024-10-18,C1325,P1036,M104,2,147.39,0.15,91.13
O12802,2024-09-21,C1316,P1093,M105,4,330.48,0.1,229.99
O12802,2024-09-21,C1316,P1103,M105,5,901.93,0.1,557.67
O12802,2024-09-21,C1316,P1010,M105,2,160.84,0.1,93.06
O12803,2024-03-04,C1338,P1066,M101,4,874.39,0.15,497.91
O12803,2024-03-04,C1338,P1102,M101,1,16.79,0.0,12.46
O12804,2024-11-08,C1060,P1075,M107,2,197.09,0.15,129.91
O12804,2024-11-08,C1060,P1112,M107,3,887.57,0.15,465.73
O12804,2024-11-08,C1060,P1054,M107,5,667.38,0.0,358.63
O12805,2025-04-28,C1209,P1105,M107,1,986.96,0.15,650.83
O12806,2025-12-07,C1400,P1017,M103,4,438.64,0.05,337.81
O12806,2025-12-07,C1400,P1097,M103,2,113.78,0.15,61.86
O12806,2025-12-07,C1400,P1094,M103,5,597.13,0.2,374.94
O12807,2025-04-23,C1181,P1030,M106,3,644.7,0.2,481.57
O12807,2025-04-23,C1181,P1050,M106,3,803.85,0.15,447.75
O12807,2025-04-23,C1181,P1093,M106,5,838.86,0.2,643.67
O12808,2025-12-25,C1486,P1037,M106,3,18.3,0.0,14.63
O12808,2025-12-25,C1486,P1035,M106,4,474.41,0.1,366.66
O12808,2025-12-25,C1486,P1041,M106,3,133.61,0.05,69.77
O12809,2024-02-08,C1271,P1003,M104,2,429.34,0.2,260.12
O12809,2024-02-08,C1271,P1055,M104,2,836.95,0.15,451.68
O12809,2024-02-08,C1271,P1101,M104,5,966.59,0.2,623.09
O12810,2024-06-06,C1133,P1027,M106,4,308.23,0.1,203.97
O12810,2024-06-06,C1133,P1082,M106,4,872.77,0.1,658.75
O12810,2024-06-06,C1133,P1049,M106,3,889.89,0.1,569.34
O12811,2025-05-02,C1190,P1095,M107,1,431.12,0.15,289.66
O12811,2025-05-02,C1190,P1072,M107,2,347.09,0.15,239.43
O12811,2025-05-02,C1190,P1054,M107,4,349.7,0.0,241.0
O12812,2024-03-12,C1102,P1101,M102,4,589.87,0.05,368.58
O12813,2025-04-02,C1374,P1078,M105,5,67.05,0.05,41.8
O12813,2025-04-02,C1374,P1040,M105,4,743.72,0.15,497.54
O12813,2025-04-02,C1374,P1058,M105,3,425.41,0.1,261.36
O12814,2024-02-28,C1142,P1033,M104,1,599.56,0.0,422.03
O12814,2024-02-28,C1142,P1043,M104,3,936.95,0.15,633.73
O12814,2024-02-28,C1142,P1002,M104,4,247.37,0.05,195.22
O12814,2024-02-28,C1142,P1117,M104,3,920.72,0.2,663.01
O12815,2025-11-15,C1257,P1016,M102,1,988.72,0.2,630.37
O12815,2025-11-15,C1257,P1112,M102,3,361.9,0.15,263.66
O12815,2025-11-15,C1257,P1030,M102,4,581.7,0.0,412.84
O12815,2025-11-15,C1257,P1045,M102,5,447.78,0.1,288.34
O12816,2025-10-13,C1135,P1101,M104,4,374.47,0.0,275.02
O12816,2025-10-13,C1135,P1059,M104,3,10.11,0.05,5.16
O12816,2025-10-13,C1135,P1004,M104,2,153.55,0.15,96.74
O12817,2024-03-12,C1409,P1024,M103,1,237.24,0.05,177.37
O12817,2024-03-12,C1409,P1117,M103,5,165.75,0.05,112.32
O12818,2024-12-14,C1048,P1042,M100,4,622.7,0.0,363.62
O12819,2025-01-27,C1488,P1119,M102,2,226.27,0.15,138.37
O12819,2025-01-27,C1488,P1048,M102,2,869.09,0.0,662.98
O12819,2025-01-27,C1488,P1076,M102,5,759.52,0.1,485.32
O12820,2025-12-30,C1241,P1020,M101,2,781.44,0.0,450.58
O12821,2024-07-28,C1225,P1118,M101,3,260.12,0.15,140.61
O12821,2024-07-28,C1225,P1117,M101,1,685.46,0.05,471.72
O12821,2024-07-28,C1225,P1107,M101,4,553.56,0.0,428.3
O12822,2025-07-31,C1386,P1051,M102,1,437.43,0.2,242.6
O12822,2025-07-31,C1386,P1095,M102,5,809.73,0.2,422.0
O12822,2025-07-31,C1386,P1032,M102,1,318.47,0.2,160.11
O12822,2025-07-31,C1386,P1003,M102,3,858.99,0.1,467.35
O12823,2025-08-03,C1474,P1101,M105,4,888.32,0.05,704.64
O12823,2025-08-03,C1474,P1018,M105,1,444.94,0.2,346.74
O12823,2025-08-03,C1474,P1059,M105,5,399.81,0.1,302.55
O12824,2024-11-16,C1441,P1064,M103,2,388.88,0.0,293.99
O12824,2024-11-16,C1441,P1090,M103,2,421.44,0.1,223.29
O12824,2024-11-16,C1441,P1074,M103,1,140.46,0.1,93.64
O12824,2024-11-16,C1441,P1115,M103,2,530.16,0.2,367.78
O12825,2024-11-28,C1481,P1087,M107,5,680.19,0.2,365.0
O12825,2024-11-28,C1481,P1104,M107,5,404.67,0.05,216.48
O12826,2025-10-23,C1499,P1050,M103,3,854.25,0.05,600.93
O12826,2025-10-23,C1499,P1079,M103,3,548.82,0.05,375.31
O12826,2025-10-23,C1499,P1066,M103,4,287.78,0.0,205.33
O12826,2025-10-23,C1499,P1102,M103,2,845.21,0.1,648.37
O12827,2024-07-10,C1032,P1108,M102,3,83.93,0.15,60.27
O12827,2024-07-10,C1032,P1014,M102,4,170.24,0.2,99.77
O12827,2024-07-10,C1032,P1103,M102,4,283.76,0.2,162.98
O12827,2024-07-10,C1032,P1085,M102,5,919.54,0.15,713.46
O12828,2025-01-21,C1008,P1078,M100,4,346.34,0.15,207.78
O12828,2025-01-21,C1008,P1089,M100,1,230.39,0.0,119.5
O12828,2025-01-21,C1008,P1040,M100,3,649.73,0.15,464.01
O12828,2025-01-21,C1008,P1110,M100,1,735.25,0.1,420.25
O12829,2025-06-07,C1014,P1006,M102,1,735.44,0.1,429.79
O12829,2025-06-07,C1014,P1025,M102,5,244.85,0.2,129.34
O12830,2024-03-25,C1360,P1089,M100,4,401.23,0.05,248.69
O12831,2024-06-25,C1116,P1049,M105,1,175.13,0.15,112.02
O12831,2024-06-25,C1116,P1069,M105,4,775.76,0.15,514.55
O12831,2024-06-25,C1116,P1091,M105,2,419.79,0.2,326.29
O12832,2025-03-23,C1416,P1007,M100,2,159.73,0.2,93.81
O12832,2025-03-23,C1416,P1004,M100,1,797.24,0.0,419.23
O12833,2025-06-13,C1139,P1038,M105,2,197.61,0.1,140.83
O12833,2025-06-13,C1139,P1016,M105,4,567.29,0.2,356.45
O12833,2025-06-13,C1139,P1105,M105,4,604.02,0.1,467.09
O12834,2024-01-31,C1270,P1108,M107,5,734.11,0.0,575.77
O12834,2024-01-31,C1270,P1109,M107,4,249.88,0.2,181.02
O12835,2024-08-03,C1392,P1053,M100,3,796.14,0.0,488.69
O12835,2024-08-03,C1392,P1050,M100,4,157.28,0.2,85.64
O12835,2024-08-03,C1392,P1074,M100,5,613.36,0.15,426.52
O12836,2025-09-02,C1035,P1075,M105,4,813.09,0.1,589.7
O12836,2025-09-02,C1035,P1063,M105,5,730.27,0.05,441.59
O12836,2025-09-02,C1035,P1048,M105,1,824.04,0.15,438.29
O12836,2025-09-02,C1035,P1078,M105,4,705.66,0.1,421.26
O12837,2024-04-06,C1262,P1020,M103,4,799.13,0.05,576.77
O12838,2025-12-22,C1165,P1008,M105,2,503.75,0.05,348.36
O12838,2025-12-22,C1165,P1106,M105,2,398.65,0.15,268.2
O12839,2025-12-04,C1038,P1000,M104,2,664.94,0.1,510.94
O12839,2025-12-04,C1038,P1084,M104,3,331.79,0.05,171.76
O12839,2025-12-04,C1038,P1057,M104,1,757.28,0.1,600.04
O12839,2025-12-04,C1038,P1051,M104,5,541.25,0.15,414.44
O12840,2024-04-16,C1297,P1015,M105,2,228.17,0.15,177.99
O12840,2024-04-16,C1297,P1021,M105,3,498.98,0.05,266.21
O12840,2024-04-16,C1297,P1105,M105,3,202.84,0.1,104.05
O12841,2024-10-25,C1042,P1058,M104,2,51.51,0.15,27.72
O12841,2024-10-25,C1042,P1042,M104,2,873.7,0.2,529.96
O12841,2024-10-25,C1042,P1014,M104,5,231.81,0.05,143.12
O12842,2024-10-13,C1004,P1101,M106,4,770.63,0.05,472.41
O12842,2024-10-13,C1004,P1107,M106,2,520.04,0.0,302.45
O12843,2025-03-16,C1130,P1061,M105,2,961.08,0.15,522.58
O12843,2025-03-16,C1130,P1081,M105,3,103.63,0.0,55.49
O12843,2025-03-16,C1130,P1049,M105,5,71.84,0.1,51.48
O12844,2024-01-11,C1308,P1018,M107,4,491.94,0.05,272.45
O12844,2024-01-11,C1308,P1028,M107,4,436.36,0.0,305.28
O12845,2024-03-24,C1498,P1001,M107,2,287.74,0.15,210.13
O12845,2024-03-24,C1498,P1119,M107,5,582.81,0.05,430.82
O12846,2025-10-25,C1276,P1003,M100,5,111.63,0.0,62.73
O12847,2024-07-17,C1232,P1028,M106,5,566.89,0.0,349.85
O12847,2024-07-17,C1232,P1018,M106,3,727.37,0.2,367.9
O12847,2024-07-17,C1232,P1019,M106,5,712.56,0.0,382.23
O12847,2024-07-17,C1232,P1000,M106,4,715.54,0.05,569.96
O12848,2024-12-20,C1494,P1085,M103,4,670.57,0.05,384.81
O12849,2024-01-26,C1431,P1066,M105,4,925.65,0.2,698.33
O12849,2024-01-26,C1431,P1035,M105,2,198.71,0.15,117.8
O12850,2024-06-01,C1349,P1115,M101,4,752.75,0.0,536.03
O12850,2024-06-01,C1349,P1061,M101,3,290.53,0.1,217.66
O12850,2024-06-01,C1349,P1060,M101,5,223.32,0.05,127.06
O12850,2024-06-01,C1349,P1045,M101,5,367.96,0.2,216.54
O12851,2024-12-02,C1180,P1014,M100,2,402.89,0.0,300.15
O12851,2024-12-02,C1180,P1025,M100,5,172.84,0.15,130.8
O12851,2024-12-02,C1180,P1038,M100,4,473.25,0.15,323.59
O12851,2024-12-02,C1180,P1103,M100,4,266.38,0.0,148.86
O12852,2025-03-03,C1322,P1068,M105,3,630.24,0.0,421.8
O12852,2025-03-03,C1322,P1009,M105,3,694.87,0.05,382.93
O12853,2025-10-16,C1364,P1099,M101,5,43.06,0.15,33.79
O12853,2025-10-16,C1364,P1005,M101,2,725.1,0.1,527.4
O12854,2024-03-25,C1212,P1118,M103,5,391.73,0.2,293.04
O12854,2024-03-25,C1212,P1004,M103,1,118.83,0.1,62.25
O12855,2024-08-06,C1433,P1100,M102,4,453.87,0.1,251.43
O12855,2024-08-06,C1433,P1108,M102,2,148.58,0.1,111.74
O12855,2024-08-06,C1433,P1066,M102,2,305.09,0.2,219.9
O12855,2024-08-06,C1433,P1083,M102,3,545.19,0.1,398.99
O12856,2024-12-10,C1308,P1108,M104,3,287.67,0.1,159.12
O12856,2024-12-10,C1308,P1041,M104,1,116.51,0.05,59.14
O12857,2025-04-01,C1302,P1060,M102,4,705.2,0.0,421.63
O12857,2025-04-01,C1302,P1102,M102,3,569.63,0.15,377.59
O12857,2025-04-01,C1302,P1109,M102,3,448.72,0.2,282.83
O12857,2025-04-01,C1302,P1044,M102,3,889.11,0.2,637.3
O12858,2024-08-06,C1120,P1025,M107,2,730.39,0.0,491.92
O12859,2025-03-17,C1017,P1077,M104,4,43.27,0.2,33.17
O12859,2025-03-17,C1017,P1036,M104,2,402.78,0.15,249.97
O12859,2025-03-17,C1017,P1094,M104,2,280.06,0.15,159.59
O12860,2025-12-14,C1418,P1035,M103,5,432.2,0.2,274.24
O12860,2025-12-14,C1418,P1036,M103,5,453.83,0.0,247.04
O12861,2025-07-18,C1423,P1025,M103,3,275.52,0.2,210.25
O12862,2025-11-17,C1115,P1016,M107,3,749.49,0.1,492.01
O12863,2024-03-20,C1060,P1048,M100,3,226.49,0.0,174.94
O12863,2024-03-20,C1060,P1109,M100,1,924.46,0.1,575.45
O12864,2024-07-14,C1099,P1051,M100,5,981.0,0.1,524.75
O12864,2024-07-14,C1099,P1000,M100,1,128.02,0.2,84.14
O12865,2024-04-18,C1446,P1003,M105,5,202.87,0.1,116.66
O12865,2024-04-18,C1446,P1077,M105,2,629.01,0.0,374.9
O12865,2024-04-18,C1446,P1094,M105,5,158.43,0.2,111.01
O12865,2024-04-18,C1446,P1099,M105,4,14.23,0.05,8.61
O12866,2025-05-07,C1108,P1047,M101,4,966.55,0.15,772.99
O12866,2025-05-07,C1108,P1074,M101,3,297.45,0.05,226.48
O12866,2025-05-07,C1108,P1012,M101,4,375.01,0.15,262.6
O12866,2025-05-07,C1108,P1005,M101,2,235.62,0.15,170.92
O12867,2024-12-22,C1340,P1010,M101,2,736.28,0.05,405.8
O12867,2024-12-22,C1340,P1072,M101,5,111.41,0.0,75.59
O12867,2024-12-22,C1340,P1082,M101,3,481.64,0.2,299.39
O12868,2024-12-21,C1069,P1037,M102,2,237.62,0.15,146.05
O12868,2024-12-21,C1069,P1048,M102,2,600.48,0.2,423.78
O12868,2024-12-21,C1069,P1094,M102,1,136.45,0.05,89.77
O12868,2024-12-21,C1069,P1021,M102,5,731.36,0.15,507.77
O12869,2025-07-01,C1067,P1077,M106,1,338.68,0.15,229.51
O12869,2025-07-01,C1067,P1109,M106,4,965.68,0.15,490.73
O12869,2025-07-01,C1067,P1030,M106,4,617.42,0.15,432.72
O12870,2025-05-11,C1316,P1116,M103,3,703.24,0.05,382.79
O12871,2025-06-01,C1163,P1040,M107,5,290.47,0.0,173.81
O12871,2025-06-01,C1163,P1113,M107,3,596.14,0.1,320.01
O12872,2024-06-06,C1331,P1068,M101,1,912.71,0.1,605.58
O12872,2024-06-06,C1331,P1073,M101,3,341.16,0.05,173.98
O12872,2024-06-06,C1331,P1025,M101,2,506.48,0.0,311.19
O12872,2024-06-06,C1331,P1031,M101,2,338.79,0.0,201.89
O12873,2025-08-30,C1165,P1028,M105,2,736.24,0.2,558.69
O12873,2025-08-30,C1165,P1072,M105,4,472.72,0.2,313.18
O12873,2025-08-30,C1165,P1057,M105,5,833.13,0.15,614.48
O12873,2025-08-30,C1165,P1030,M105,3,33.11,0.0,18.39
O12874,2024-10-27,C1410,P1032,M101,4,378.29,0.05,288.95
O12875,2024-04-14,C1099,P1060,M105,1,909.86,0.1,507.43
O12875,2024-04-14,C1099,P1093,M105,3,271.2,0.0,206.6
O12875,2024-04-14,C1099,P1008,M105,2,332.31,0.1,244.21
O12876,2024-07-01,C1392,P1050,M105,5,505.97,0.15,336.01
O12876,2024-07-01,C1392,P1081,M105,4,46.24,0.1,26.58
O12876,2024-07-01,C1392,P1017,M105,4,187.6,0.05,124.17
O12876,2024-07-01,C1392,P1002,M105,2,573.22,0.05,413.26
O12877,2024-06-26,C1331,P1055,M100,5,757.78,0.1,401.59
O12877,2024-06-26,C1331,P1072,M100,2,303.33,0.15,211.93
O12877,2024-06-26,C1331,P1089,M100,4,902.4,0.15,692.96
O12877,2024-06-26,C1331,P1104,M100,3,672.02,0.0,482.95
O12878,2024-06-12,C1179,P1095,M100,2,228.42,0.05,142.99
O12879,2024-06-11,C1335,P1044,M100,3,476.45,0.2,372.15
O12879,2024-06-11,C1335,P1051,M100,4,298.32,0.2,158.55
O12880,2024-04-19,C1255,P1050,M102,5,151.27,0.15,107.42
O12880,2024-04-19,C1255,P1078,M102,5,287.57,0.1,202.01
O12881,2025-05-17,C1498,P1078,M100,2,978.84,0.0,712.67
O12881,2025-05-17,C1498,P1008,M100,4,804.0,0.15,602.99
O12882,2025-07-23,C1473,P1036,M105,5,409.79,0.1,265.01
O12882,2025-07-23,C1473,P1014,M105,2,174.54,0.2,102.52
O12882,2025-07-23,C1473,P1103,M105,2,68.91,0.1,48.18
O12883,2025-09-22,C1437,P1066,M104,2,952.52,0.0,681.63
O12883,2025-09-22,C1437,P1013,M104,1,504.19,0.15,397.39
O12883,2025-09-22,C1437,P1000,M104,2,956.86,0.2,715.36
O12883,2025-09-22,C1437,P1070,M104,3,826.06,0.05,648.29
O12884,2024-09-21,C1098,P1027,M107,2,675.32,0.15,485.92
O12885,2024-03-27,C1039,P1006,M107,1,889.76,0.1,489.99
O12885,2024-03-27,C1039,P1062,M107,4,744.02,0.15,567.75
O12885,2024-03-27,C1039,P1084,M107,5,988.87,0.15,689.39
O12886,2025-02-28,C1422,P1053,M102,5,744.19,0.15,379.75
O12886,2025-02-28,C1422,P1044,M102,1,502.03,0.05,350.36
O12886,2025-02-28,C1422,P1056,M102,5,133.72,0.1,97.51
O12887,2025-01-26,C1382,P1037,M105,5,198.23,0.0,107.75
O12888,2025-05-26,C1336,P1001,M104,2,784.24,0.0,548.75
O12888,2025-05-26,C1336,P1062,M104,2,662.16,0.0,462.1
O12889,2024-11-02,C1139,P1055,M104,2,405.51,0.0,249.8
O12889,2024-11-02,C1139,P1029,M104,1,806.57,0.15,508.13
O12889,2024-11-02,C1139,P1075,M104,1,844.65,0.2,443.79
O12889,2024-11-02,C1139,P1042,M104,4,87.15,0.05,48.72
O12890,2024-01-23,C1476,P1019,M107,4,372.1,0.05,250.56
O12890,2024-01-23,C1476,P1061,M107,2,317.33,0.15,201.05
O12890,2024-01-23,C1476,P1063,M107,3,545.53,0.1,426.16
O12890,2024-01-23,C1476,P1106,M107,3,608.42,0.2,442.09
O12891,2025-11-15,C1384,P1032,M107,2,496.22,0.0,281.39
O12891,2025-11-15,C1384,P1104,M107,3,862.99,0.2,534.72
O12891,2025-11-15,C1384,P1026,M107,4,475.47,0.15,318.39
O12892,2025-11-17,C1377,P1115,M105,2,49.32,0.2,25.5
O12893,2025-05-15,C1243,P1058,M105,3,650.58,0.2,397.38
O12893,2025-05-15,C1243,P1007,M105,3,694.41,0.1,549.39
O12893,2025-05-15,C1243,P1090,M105,3,472.66,0.1,335.86
O12894,2025-05-24,C1318,P1099,M104,1,781.82,0.0,467.55
O12894,2025-05-24,C1318,P1118,M104,1,299.96,0.05,164.63
O12894,2025-05-24,C1318,P1082,M104,2,355.6,0.15,268.29
O12895,2024-02-08,C1125,P1055,M106,1,383.35,0.1,249.94
O12895,2024-02-08,C1125,P1001,M106,5,763.39,0.15,604.02
O12895,2024-02-08,C1125,P1046,M106,4,455.16,0.0,302.57
O12896,2025-02-26,C1131,P1099,M104,5,350.3,0.1,262.04
O12896,2025-02-26,C1131,P1052,M104,5,373.33,0.1,293.33
O12897,2024-03-21,C1182,P1018,M104,1,957.91,0.2,748.44
O12898,2025-07-18,C1043,P1051,M100,1,774.79,0.2,522.13
O12898,2025-07-18,C1043,P1041,M100,3,871.99,0.2,483.64
O12899,2024-06-12,C1216,P1086,M102,3,602.67,0.2,454.6
O12899,2024-06-12,C1216,P1097,M102,2,49.99,0.2,26.82
O12899,2024-06-12,C1216,P1067,M102,1,822.95,0.0,499.96
O12900,2025-09-04,C1462,P1088,M101,2,705.98,0.15,357.74
O12900,2025-09-04,C1462,P1086,M101,4,646.1,0.0,371.95
O12901,2024-07-07,C1072,P1046,M106,5,495.56,0.05,395.5
O12902,2025-04-12,C1167,P1029,M103,1,783.5,0.05,536.85
O12902,2025-04-12,C1167,P1078,M103,3,875.35,0.0,693.78
O12902,2025-04-12,C1167,P1094,M103,5,484.64,0.2,332.57
O12903,2024-03-23,C1224,P1049,M102,3,212.09,0.15,108.42
O12903,2024-03-23,C1224,P1033,M102,5,698.96,0.15,487.21
O12903,2024-03-23,C1224,P1090,M102,2,258.71,0.05,151.12
O12904,2024-05-21,C1346,P1040,M101,1,592.03,0.1,336.78
O12904,2024-05-21,C1346,P1071,M101,4,356.38,0.2,269.3
O12905,2025-09-22,C1188,P1096,M102,1,897.79,0.2,587.01
O12905,2025-09-22,C1188,P1100,M102,4,634.74,0.0,504.9
O12906,2025-02-21,C1128,P1047,M100,3,302.93,0.1,155.46
O12906,2025-02-21,C1128,P1017,M100,3,55.96,0.2,29.96
O12906,2025-02-21,C1128,P1101,M100,4,304.44,0.0,160.53
O12907,2025-07-28,C1329,P1086,M103,2,305.48,0.05,213.68
O12908,2025-10-23,C1157,P1040,M101,4,363.38,0.0,251.87
O12909,2024-11-18,C1316,P1044,M102,5,133.16,0.1,95.33
O12909,2024-11-18,C1316,P1075,M102,2,247.1,0.05,183.07
O12909,2024-11-18,C1316,P1028,M102,3,773.39,0.2,404.46
O12910,2024-02-21,C1452,P1068,M103,2,806.25,0.05,497.38
O12910,2024-02-21,C1452,P1118,M103,5,591.75,0.0,322.09
O12911,2025-06-12,C1096,P1066,M103,3,600.98,0.2,380.43
O12912,2024-07-19,C1454,P1038,M101,5,635.06,0.2,398.64
O12913,2024-04-25,C1210,P1024,M103,4,27.52,0.05,15.11
O12914,2024-03-24,C1004,P1053,M103,4,246.78,0.15,156.83
O12915,2024-02-25,C1089,P1013,M106,4,268.08,0.2,214.21
O12915,2024-02-25,C1089,P1002,M106,2,45.0,0.0,28.55
O12915,2024-02-25,C1089,P1006,M106,1,780.46,0.05,443.52
O12915,2024-02-25,C1089,P1033,M106,5,659.61,0.05,465.14
O12916,2024-06-26,C1422,P1111,M103,2,338.12,0.05,201.35
O12916,2024-06-26,C1422,P1114,M103,4,864.26,0.15,476.58
O12916,2024-06-26,C1422,P1076,M103,3,866.18,0.0,582.55
O12917,2025-04-30,C1040,P1033,M106,3,561.6,0.05,413.13
O12918,2025-08-30,C1357,P1058,M106,1,119.97,0.2,87.36
O12918,2025-08-30,C1357,P1098,M106,3,278.9,0.15,211.31
O12918,2025-08-30,C1357,P1037,M106,5,77.01,0.1,42.71
O12918,2025-08-30,C1357,P1005,M106,2,804.35,0.1,492.07
O12919,2024-06-01,C1280,P1015,M105,4,45.7,0.2,36.27
O12919,2024-06-01,C1280,P1026,M105,4,815.84,0.0,464.97
O12920,2024-12-26,C1337,P1070,M105,1,175.17,0.05,94.65
O12921,2025-01-08,C1287,P1093,M101,3,841.58,0.1,578.11
O12922,2024-03-07,C1477,P1084,M100,4,54.45,0.2,27.23
O12922,2024-03-07,C1477,P1000,M100,2,938.64,0.15,674.97
O12923,2025-11-04,C1352,P1100,M101,2,506.8,0.05,258.13
O12923,2025-11-04,C1352,P1064,M101,3,245.34,0.0,133.89
O12924,2024-10-03,C1199,P1031,M101,4,537.52,0.05,369.9
O12924,2024-10-03,C1199,P1105,M101,3,882.11,0.1,534.24
O12925,2025-03-17,C1081,P1054,M102,5,890.59,0.15,603.35
O12925,2025-03-17,C1081,P1044,M102,4,734.46,0.2,522.94
O12925,2025-03-17,C1081,P1029,M102,5,527.84,0.1,324.91
O12925,2025-03-17,C1081,P1092,M102,1,58.17,0.05,30.84
O12926,2025-01-10,C1369,P1016,M100,2,795.45,0.15,404.6
O12926,2025-01-10,C1369,P1066,M100,4,86.65,0.1,67.03
O12927,2025-02-10,C1255,P1072,M105,5,735.14,0.1,440.05
O12927,2025-02-10,C1255,P1100,M105,3,601.08,0.1,395.95
O12927,2025-02-10,C1255,P1060,M105,2,865.99,0.2,669.67
O12928,2024-06-19,C1288,P1047,M106,5,513.14,0.0,373.08
O12929,2025-06-29,C1431,P1045,M106,3,752.34,0.05,530.38
O12929,2025-06-29,C1431,P1034,M106,5,99.19,0.0,64.08
O12930,2024-12-14,C1445,P1054,M106,4,636.48,0.2,452.49
O12930,2024-12-14,C1445,P1063,M106,1,295.82,0.1,230.43
O12930,2024-12-14,C1445,P1094,M106,1,735.1,0.2,567.39
O12931,2025-11-26,C1401,P1112,M107,4,797.15,0.0,593.11
O12931,2025-11-26,C1401,P1100,M107,2,673.31,0.1,509.1
O12932,2025-05-01,C1031,P1040,M105,5,201.96,0.1,141.55
O12932,2025-05-01,C1031,P1052,M105,1,494.01,0.05,279.02
O12932,2025-05-01,C1031,P1060,M105,3,967.45,0.2,545.67
O12933,2024-06-10,C1320,P1007,M103,5,676.82,0.0,491.56
O12933,2024-06-10,C1320,P1054,M103,5,334.41,0.15,257.98
O12934,2025-10-28,C1467,P1007,M100,3,46.53,0.2,24.3
O12935,2025-05-03,C1182,P1097,M103,1,258.99,0.2,191.36
O12935,2025-05-03,C1182,P1084,M103,5,468.02,0.0,274.71
O12936,2024-03-19,C1116,P1067,M100,4,716.11,0.05,475.73
O12936,2024-03-19,C1116,P1001,M100,3,949.88,0.05,614.71
O12936,2024-03-19,C1116,P1029,M100,2,564.93,0.05,285.84
O12936,2024-03-19,C1116,P1017,M100,5,831.84,0.0,471.13
O12937,2025-04-11,C1005,P1057,M100,1,618.86,0.1,314.79
O12937,2025-04-11,C1005,P1023,M100,4,33.02,0.2,26.09
O12937,2025-04-11,C1005,P1091,M100,4,325.51,0.15,212.29
O12937,2025-04-11,C1005,P1000,M100,5,567.19,0.15,304.58
O12938,2025-11-13,C1327,P1011,M103,1,772.64,0.05,577.28
O12939,2025-03-03,C1419,P1107,M104,1,286.38,0.1,153.55
O12940,2025-03-11,C1315,P1057,M104,3,617.38,0.15,463.17
O12940,2025-03-11,C1315,P1039,M104,1,69.69,0.0,54.19
O12940,2025-03-11,C1315,P1018,M104,2,888.6,0.05,681.13
O12941,2024-05-04,C1057,P1088,M104,5,119.93,0.05,87.12
O12941,2024-05-04,C1057,P1021,M104,3,658.11,0.1,391.74
O12941,2024-05-04,C1057,P1118,M104,4,933.29,0.15,670.02
O12941,2024-05-04,C1057,P1002,M104,1,989.39,0.0,697.18
O12942,2025-02-27,C1366,P1079,M106,1,340.62,0.05,220.54
O12942,2025-02-27,C1366,P1002,M106,4,569.75,0.05,397.94
O12942,2025-02-27,C1366,P1099,M106,5,626.76,0.0,362.96
O12942,2025-02-27,C1366,P1055,M106,5,256.82,0.0,177.42
O12943,2025-02-15,C1099,P1051,M101,1,472.62,0.15,315.1
O12943,2025-02-15,C1099,P1098,M101,5,460.17,0.1,322.14
O12944,2025-10-03,C1293,P1022,M107,3,655.65,0.0,341.92
O12944,2025-10-03,C1293,P1102,M107,4,630.66,0.15,340.54
O12944,2025-10-03,C1293,P1051,M107,1,802.98,0.0,593.92
O12944,2025-10-03,C1293,P1102,M107,3,272.83,0.2,216.0
O12945,2025-08-29,C1325,P1084,M102,2,128.67,0.2,90.0
O12946,2024-09-09,C1352,P1014,M107,1,274.36,0.1,202.5
O12946,2024-09-09,C1352,P1097,M107,4,776.07,0.15,508.98
O12946,2024-09-09,C1352,P1068,M107,4,425.91,0.15,309.36
O12946,2024-09-09,C1352,P1081,M107,1,950.43,0.2,499.57
O12947,2024-04-02,C1421,P1097,M104,4,827.88,0.2,527.61
O12948,2025-10-21,C1468,P1100,M102,1,68.22,0.2,35.62
O12948,2025-10-21,C1468,P1034,M102,3,330.7,0.15,256.13
O12949,2025-07-01,C1079,P1059,M107,1,28.98,0.05,17.09
O12949,2025-07-01,C1079,P1046,M107,2,913.58,0.1,511.97
O12950,2025-06-03,C1187,P1111,M103,3,412.69,0.1,292.88
O12951,2024-09-04,C1167,P1070,M103,5,328.42,0.05,233.31
O12951,2024-09-04,C1167,P1091,M103,2,21.2,0.2,12.53
O12951,2024-09-04,C1167,P1004,M103,1,119.92,0.05,65.64
O12951,2024-09-04,C1167,P1029,M103,5,216.37,0.2,138.32
O12952,2024-11-30,C1163,P1046,M107,3,169.11,0.15,117.87
O12952,2024-11-30,C1163,P1055,M107,1,520.67,0.15,415.38
O12953,2024-09-29,C1181,P1078,M106,5,504.54,0.05,362.36
O12953,2024-09-29,C1181,P1108,M106,2,53.09,0.15,31.72
O12953,2024-09-29,C1181,P1002,M106,4,858.93,0.0,602.35
O12953,2024-09-29,C1181,P1054,M106,4,35.47,0.05,27.63
O12954,2024-09-24,C1165,P1080,M103,4,399.76,0.05,305.75
O12955,2025-09-09,C1364,P1058,M104,5,501.31,0.2,376.92
O12955,2025-09-09,C1364,P1062,M104,4,90.9,0.1,56.42
O12955,2025-09-09,C1364,P1032,M104,3,147.08,0.2,102.75
O12955,2025-09-09,C1364,P1071,M104,1,779.07,0.15,577.33
O12956,2025-12-16,C1185,P1059,M103,5,908.26,0.0,598.21
O12957,2024-08-28,C1257,P1074,M105,2,591.75,0.1,326.05
O12957,2024-08-28,C1257,P1100,M105,2,750.75,0.0,403.59
O12958,2025-02-09,C1244,P1095,M100,3,179.86,0.0,95.82
O12959,2024-03-18,C1110,P1036,M105,5,319.27,0.05,248.11
O12959,2024-03-18,C1110,P1091,M105,1,989.21,0.1,631.9
O12959,2024-03-18,C1110,P1052,M105,4,327.02,0.05,203.33
O12960,2024-12-24,C1298,P1020,M101,1,467.38,0.1,289.15
O12961,2024-09-22,C1497,P1052,M106,1,498.17,0.15,254.96
O12961,2024-09-22,C1497,P1112,M106,2,878.89,0.0,443.94
O12961,2024-09-22,C1497,P1012,M106,3,313.23,0.2,224.68
O12961,2024-09-22,C1497,P1048,M106,3,702.57,0.15,409.11
O12962,2025-05-16,C1342,P1050,M101,5,855.72,0.05,455.69
O12962,2025-05-16,C1342,P1012,M101,4,932.13,0.05,596.33
O12962,2025-05-16,C1342,P1053,M101,4,419.6,0.15,323.46
O12963,2025-03-16,C1141,P1013,M102,4,668.19,0.05,498.45
O12963,2025-03-16,C1141,P1070,M102,5,34.16,0.15,18.46
O12963,2025-03-16,C1141,P1067,M102,1,125.53,0.2,87.22
O12963,2025-03-16,C1141,P1014,M102,2,795.43,0.05,627.66
O12964,2025-05-17,C1080,P1033,M106,3,885.66,0.15,473.0
O12964,2025-05-17,C1080,P1004,M106,4,505.07,0.15,315.48
O12965,2025-02-27,C1447,P1088,M106,3,977.48,0.2,675.18
O12965,2025-02-27,C1447,P1054,M106,4,997.46,0.2,568.19
O12965,2025-02-27,C1447,P1043,M106,2,54.33,0.2,42.98
O12965,2025-02-27,C1447,P1016,M106,5,798.39,0.0,486.87
O12966,2025-01-28,C1198,P1066,M103,5,922.06,0.15,628.44
O12966,2025-01-28,C1198,P1109,M103,3,937.4,0.1,540.59
O12966,2025-01-28,C1198,P1007,M103,3,262.46,0.1,186.96
O12966,2025-01-28,C1198,P1065,M103,4,952.63,0.2,690.27
O12967,2024-09-04,C1417,P1099,M104,1,649.79,0.0,446.57
O12967,2024-09-04,C1417,P1087,M104,3,309.74,0.0,231.02
O12967,2024-09-04,C1417,P1083,M104,2,654.57,0.0,391.44
O12968,2025-08-25,C1057,P1105,M101,2,289.83,0.15,221.41
O12969,2024-10-12,C1353,P1021,M107,4,42.91,0.0,26.45
O12969,2024-10-12,C1353,P1025,M107,2,427.67,0.0,320.54
O12970,2024-07-02,C1179,P1119,M102,1,679.13,0.1,527.44
O12970,2024-07-02,C1179,P1064,M102,3,424.35,0.2,291.26
O12970,2024-07-02,C1179,P1041,M102,2,80.22,0.15,50.48
O12971,2024-02-05,C1069,P1058,M101,1,291.31,0.1,227.93
O12971,2024-02-05,C1069,P1055,M101,1,888.2,0.05,449.09
O12972,2024-09-21,C1350,P1097,M101,5,909.84,0.15,691.28
O12972,2024-09-21,C1350,P1051,M101,5,531.33,0.15,368.61
O12973,2024-01-20,C1380,P1038,M105,3,919.03,0.2,563.83
O12973,2024-01-20,C1380,P1070,M105,3,40.87,0.15,27.46
O12973,2024-01-20,C1380,P1095,M105,2,750.26,0.0,551.46
O12973,2024-01-20,C1380,P1039,M105,2,783.04,0.2,543.98
O12974,2024-06-08,C1281,P1094,M102,4,739.39,0.2,489.77
O12974,2024-06-08,C1281,P1080,M102,1,532.21,0.05,342.03
O12975,2025-11-21,C1169,P1043,M107,2,638.14,0.2,390.25
O12976,2024-12-27,C1303,P1018,M104,3,304.29,0.05,210.95
O12976,2024-12-27,C1303,P1013,M104,4,680.82,0.05,344.01
O12977,2025-02-20,C1017,P1018,M102,2,848.24,0.0,629.01
O12977,2025-02-20,C1017,P1059,M102,1,871.75,0.05,634.21
O12977,2025-02-20,C1017,P1039,M102,1,323.15,0.0,201.21
O12978,2024-01-29,C1430,P1062,M107,2,302.75,0.0,241.12
O12978,2024-01-29,C1430,P1102,M107,5,945.31,0.2,657.42
O12979,2025-08-14,C1012,P1032,M101,1,765.42,0.0,498.49
O12979,2025-08-14,C1012,P1095,M101,3,961.92,0.1,572.82
O12979,2025-08-14,C1012,P1084,M101,4,309.7,0.05,219.59
O12979,2025-08-14,C1012,P1061,M101,3,183.24,0.05,127.95
O12980,2025-07-18,C1085,P1021,M101,5,372.49,0.15,281.51
O12981,2024-03-07,C1120,P1010,M104,1,581.3,0.05,415.0
O12981,2024-03-07,C1120,P1035,M104,3,43.17,0.0,31.33
O12981,2024-03-07,C1120,P1099,M104,4,815.77,0.1,417.92
O12981,2024-03-07,C1120,P1061,M104,4,550.6,0.0,323.98
O12982,2025-05-08,C1238,P1028,M102,3,533.55,0.2,349.4
O12983,2025-06-14,C1174,P1058,M102,5,684.69,0.2,367.73
O12983,2025-06-14,C1174,P1024,M102,4,821.27,0.15,504.57
O12983,2025-06-14,C1174,P1048,M102,2,191.32,0.15,115.1
O12983,2025-06-14,C1174,P1001,M102,2,892.34,0.2,698.25
O12984,2024-07-26,C1321,P1078,M106,1,514.1,0.0,314.8
O12984,2024-07-26,C1321,P1011,M106,1,821.27,0.2,558.14
O12984,2024-07-26,C1321,P1008,M106,3,923.86,0.0,585.29
O12984,2024-07-26,C1321,P1060,M106,4,570.36,0.05,301.62
O12985,2024-10-04,C1012,P1096,M103,5,352.42,0.05,198.99
O12985,2024-10-04,C1012,P1020,M103,1,143.06,0.2,96.98
O12986,2024-01-27,C1367,P1059,M101,2,493.47,0.2,278.22
O12987,2024-07-20,C1044,P1118,M101,5,955.02,0.1,730.54
O12988,2025-02-19,C1259,P1118,M105,3,693.67,0.2,496.66
O12988,2025-02-19,C1259,P1031,M105,2,468.21,0.1,242.73
O12989,2024-11-30,C1250,P1119,M107,1,484.79,0.0,321.3
O12989,2024-11-30,C1250,P1075,M107,1,921.84,0.05,615.44
O12989,2024-11-30,C1250,P1042,M107,5,959.11,0.2,547.23
O12989,2024-11-30,C1250,P1079,M107,1,560.52,0.0,285.66
O12990,2024-03-14,C1068,P1109,M103,1,775.83,0.15,489.69
O12990,2024-03-14,C1068,P1066,M103,1,46.01,0.15,34.7
O12990,2024-03-14,C1068,P1091,M103,5,162.68,0.15,106.66
O12990,2024-03-14,C1068,P1092,M103,2,282.36,0.05,215.44
O12991,2024-04-04,C1336,P1046,M106,5,45.47,0.0,23.04
O12991,2024-04-04,C1336,P1075,M106,4,885.9,0.0,527.61
O12991,2024-04-04,C1336,P1006,,1,574.1,0.15,439.45
O12992,2024-07-06,C1128,P1083,M103,1,933.9,0.0,609.54
O12992,2024-07-06,C1128,P1016,M103,4,820.79,0.05,539.52
O12992,2024-07-06,C1128,P1025,M103,4,994.67,0.0,588.28
O12992,2024-07-06,C1128,P1054,M103,1,735.72,0.15,405.35
O12993,2025-11-01,C1019,P1053,M102,3,961.27,0.1,545.47
O12993,2025-11-01,C1019,P1110,M102,3,244.93,0.0,177.09
O12993,2025-11-01,C1019,P1036,M102,3,102.58,0.15,72.69
O12993,2025-11-01,C1019,P1090,M102,2,872.94,0.15,623.78
O12994,2025-05-16,C1459,P1092,M102,2,898.42,0.2,530.55
O12994,2025-05-16,C1459,P1079,M102,1,316.45,0.05,192.29
O12995,2024-02-22,C1328,P1057,M103,2,499.03,0.05,346.51
O12995,2024-02-22,C1328,P1083,M103,1,795.11,0.1,533.41
O12996,2025-11-09,C1292,P1016,M106,5,153.76,0.2,77.31
O12996,2025-11-09,C1292,P1030,M106,4,526.2,0.15,322.54
O12997,2024-08-11,C1034,P1092,M100,2,328.09,0.05,168.72
O12998,2024-06-19,C1401,P1019,M101,3,661.48,0.05,405.13
O12998,2024-06-19,C1401,P1095,M101,4,184.09,0.15,98.51
O12999,2024-04-24,C1119,P1054,M100,1,20.64,0.05,10.64
